corridor_key,scenarios_profitable,min_stress_margin,avg_stress_margin,max_stress_score,mean_stress_score,spatial_priority_score,spatial_tier,active_products,flow_persistence_score,stress_class
Bandaga — Biyorwa,7,706.2073429247334,829.0000978248858,64.2804686440208,64.2804686440208,64.2804686440208,C — secondaire,0.0,0.0,Very robust
Bandaga — Bubanza,7,449.9445785632512,530.3988430985364,72.2264829395032,72.2264829395032,72.2264829395032,B — prioritaire,0.0,0.0,Very robust
Bandaga — Buhiga,7,520.1411394275483,612.4919408975207,64.20856838307049,64.20856838307049,64.20856838307049,C — secondaire,0.0,0.0,Very robust
Bandaga — Bujumbura (FAO location),3,-14.9752815608091,-0.648774954632413,40.90684455411419,40.90684455411419,40.90684455411419,D — surveillance,0.0,0.0,Moderate
Bandaga — Bukeye,7,233.70985617919072,271.4998917910817,72.28315968715971,72.28315968715971,72.28315968715971,B — prioritaire,0.0,0.0,Very robust
Bandaga — Bukirasazi,7,1016.7326010213076,1186.6621501519892,64.49201373754164,64.49201373754164,64.49201373754164,C — secondaire,0.0,0.0,Very robust
Bandaga — Burambi,7,372.8533401665692,456.0185869285297,71.10334604300097,71.10334604300097,71.10334604300097,B — prioritaire,0.0,0.0,Very robust
Bandaga — Bururi,7,642.1308705897183,764.4428653955936,67.60651378636197,67.60651378636197,67.60651378636197,C — secondaire,0.0,0.0,Very robust
Bandaga — Busoni,7,814.2967446134184,958.2223782628936,68.06997309388365,68.06997309388365,68.06997309388365,C — secondaire,0.0,0.0,Very robust
Bandaga — Buyengero,7,1160.2094033714502,1351.8847794449073,68.57717825005868,68.57717825005868,68.57717825005868,C — secondaire,0.0,0.0,Very robust
Bandaga — Cankuzo,7,393.6620882842424,486.0758946932466,58.662484938994496,58.662484938994496,58.662484938994496,C — secondaire,0.0,0.0,Very robust
Bandaga — Chez Siyoni,7,607.8785481111734,710.5070791905028,72.58415497934597,72.58415497934597,72.58415497934597,B — prioritaire,0.0,0.0,Very robust
Bandaga — Cibitoke,7,527.7181109718147,627.584575495857,69.71181077607213,69.71181077607213,69.71181077607213,C — secondaire,0.0,0.0,Very robust
Bandaga — Gasenyi,7,656.4346526597033,772.2303768541586,80.5756741490544,80.5756741490544,80.5756741490544,B — prioritaire,2.0,33.333333333333336,Very robust
Bandaga — Gasorwe,7,476.4217303051624,565.1983127022124,55.881709834281914,55.881709834281914,55.881709834281914,C — secondaire,0.0,0.0,Very robust
Bandaga — Gatabo,7,502.0696833247589,582.1460911391822,72.87720989750272,72.87720989750272,72.87720989750272,B — prioritaire,0.0,0.0,Very robust
Bandaga — Gihamagara,7,523.0950363631937,620.4135378699403,67.93070261637497,67.93070261637497,67.93070261637497,C — secondaire,0.0,0.0,Very robust
Bandaga — Giharo,7,779.7246003276191,923.1513095689796,59.66629347832674,59.66629347832674,59.66629347832674,C — secondaire,0.0,0.0,Very robust
Bandaga — Gihogazi,7,1225.3968755893538,1414.1796389668657,73.51291486808769,73.51291486808769,73.51291486808769,B — prioritaire,0.0,0.0,Very robust
Bandaga — Gisuru,7,998.2038355918636,1177.7475572536557,59.59612016115603,59.59612016115603,59.59612016115603,C — secondaire,0.0,0.0,Very robust
Bandaga — Gitaza,7,784.0007810741239,918.6692390317672,64.34324463850575,64.34324463850575,64.34324463850575,C — secondaire,0.0,0.0,Very robust
Bandaga — Gitega,7,268.4088330738485,330.3598798887923,63.13354117223933,63.13354117223933,63.13354117223933,C — secondaire,0.0,0.0,Very robust
Bandaga — Gitega Centre,7,132.40186630385085,167.88960813022172,52.2494244342991,52.2494244342991,52.2494244342991,C — secondaire,0.0,0.0,Very robust
Bandaga — Giteranyi,7,867.8757208055449,1023.9346280595191,63.80530936781669,63.80530936781669,63.80530936781669,C — secondaire,0.0,0.0,Very robust
Bandaga — Gitobe,7,688.5295877652119,810.1830827565194,64.15737655674951,64.15737655674951,64.15737655674951,C — secondaire,0.0,0.0,Very robust
Bandaga — Jene,7,466.9483930491218,541.881283878195,68.77941271427834,68.77941271427834,68.77941271427834,C — secondaire,0.0,0.0,Very robust
Bandaga — Kamenge,7,492.41841348314966,578.285534349921,72.36970617334651,72.36970617334651,72.36970617334651,B — prioritaire,0.0,0.0,Very robust
Bandaga — Kanyosha,7,345.1039718807335,412.1788662346001,75.99884132899159,75.99884132899159,75.99884132899159,B — prioritaire,1.0,16.666666666666668,Very robust
Bandaga — Kayanza,7,671.1322699831314,771.9384159927705,69.41355911904182,69.41355911904182,69.41355911904182,C — secondaire,0.0,0.0,Very robust
Bandaga — Kayero,7,742.3670069389872,878.6727935452802,55.710869827013155,55.710869827013155,55.710869827013155,C — secondaire,0.0,0.0,Very robust
Bandaga — Kayogoro,7,957.005168580483,1131.415302947191,42.61465713739925,42.61465713739925,42.61465713739925,D — surveillance,0.0,0.0,Very robust
Bandaga — Kayongozi,7,797.1583655329498,941.7287677998355,63.80826171370644,63.80826171370644,63.80826171370644,C — secondaire,0.0,0.0,Very robust
Bandaga — Kigamba,7,679.7457325467653,809.0245968057565,63.533505211372045,63.53350521137205,63.533505211372045,C — secondaire,0.0,0.0,Very robust
Bandaga — Kinama,7,717.2146340087104,829.7147671465901,69.13801655778582,69.13801655778582,69.13801655778582,C — secondaire,0.0,0.0,Very robust
Bandaga — Kinyinya,7,902.1720845416085,1062.6776656606892,71.92903889704485,71.92903889704485,71.92903889704485,B — prioritaire,0.0,0.0,Very robust
Bandaga — Kirehe,7,467.5566816512845,559.2221555648362,63.630121534200704,63.630121534200704,63.630121534200704,C — secondaire,0.0,0.0,Very robust
Bandaga — Kirundo,7,692.1526906291547,815.4274439839235,64.08732377585461,64.08732377585461,64.08732377585461,C — secondaire,0.0,0.0,Very robust
Bandaga — Kivyuka,7,770.824908916156,894.6815872497809,89.93965701589795,89.93965701589795,89.93965701589795,A — stratégique,3.0,100.0,Very robust
Bandaga — Kobero,7,576.3362357055317,687.2442515880849,63.60241818294125,63.60241818294124,63.60241818294125,C — secondaire,0.0,0.0,Very robust
Bandaga — Mabanda,7,845.9840651965582,1008.8585542270964,46.99020151302991,46.99020151302991,46.99020151302991,D — surveillance,0.0,0.0,Very robust
Bandaga — Mabayi,7,819.4761582684066,960.4832938293172,76.52112507600822,76.5211250760082,76.52112507600822,B — prioritaire,1.0,16.666666666666668,Very robust
Bandaga — Makamba,7,1284.9608864448724,1506.3206132700245,47.40328757861369,47.40328757861369,47.40328757861369,D — surveillance,0.0,0.0,Very robust
Bandaga — Marangara,7,794.6926690722087,927.5935193166608,64.58541694988553,64.58541694988553,64.58541694988553,C — secondaire,0.0,0.0,Very robust
Bandaga — Masanganzira,7,431.84085644987226,511.44819104994525,68.03943529709355,68.03943529709355,68.03943529709355,C — secondaire,0.0,0.0,Very robust
Bandaga — Matana,7,756.7455341839077,889.7767292216748,68.1737970567238,68.1737970567238,68.1737970567238,C — secondaire,0.0,0.0,Very robust
Bandaga — Mihigo,7,286.7502934478844,337.07413433480764,72.18766039613408,72.18766039613408,72.18766039613408,B — prioritaire,0.0,0.0,Very robust
Bandaga — Mishiha,7,489.5848848333061,598.8690792142742,54.64679193530926,54.64679193530926,54.64679193530926,C — secondaire,0.0,0.0,Very robust
Bandaga — Muhanga,7,895.1624737491164,1030.6968927496212,98.57831858734991,98.57831858734991,98.57831858734991,A — stratégique,1.0,100.0,Very robust
Bandaga — Mukenke,7,501.6001638955647,600.4596093838134,71.59713544231353,71.59713544231353,71.59713544231353,B — prioritaire,0.0,0.0,Very robust
Bandaga — Muramvya,7,300.46672509130343,350.65276161055857,72.37689626419859,72.37689626419859,72.37689626419859,B — prioritaire,0.0,0.0,Very robust
Bandaga — Musenyi,7,455.785331984036,535.2736959931581,97.36217656087577,97.36217656087577,97.36217656087577,A — stratégique,4.0,100.0,Very robust
Bandaga — Mutaho,7,477.4258705257239,555.1730665110244,72.74019155298643,72.74019155298643,72.74019155298643,B — prioritaire,0.0,0.0,Very robust
Bandaga — Muyange,7,557.0873032718858,681.7842971165225,62.43695395323023,62.43695395323023,62.43695395323023,C — secondaire,0.0,0.0,Very robust
Bandaga — Muyinga,7,641.665349577604,757.4068772475446,64.02652315069898,64.02652315069898,64.02652315069898,C — secondaire,0.0,0.0,Very robust
Bandaga — Muzinda,7,777.9719592018599,904.0415153722254,77.0845629084531,77.0845629084531,77.0845629084531,B — prioritaire,1.0,16.666666666666668,Very robust
Bandaga — Mwakiro,7,999.2612395367844,1164.8806146586219,68.62356800585843,68.62356800585843,68.62356800585843,C — secondaire,0.0,0.0,Very robust
Bandaga — Mwaro,7,492.8334955107425,579.4969603617467,64.27067198506637,64.27067198506637,64.27067198506637,C — secondaire,0.0,0.0,Very robust
Bandaga — Ngozi,7,637.2219163119663,738.7269429908426,64.95031811774221,64.95031811774221,64.95031811774221,C — secondaire,0.0,0.0,Very robust
Bandaga — Nyabihanga,7,778.863198150571,906.8887117788161,64.7431866958997,64.7431866958997,64.7431866958997,C — secondaire,0.0,0.0,Very robust
Bandaga — Nyabikere,7,923.916431528198,1074.1128903692277,64.83388267954959,64.83388267954959,64.83388267954959,C — secondaire,0.0,0.0,Very robust
Bandaga — Nyagasasa,7,356.3477617383317,424.69692877674515,65.29145530893155,65.29145530893155,65.29145530893155,C — secondaire,0.0,0.0,Very robust
Bandaga — Rubaho,7,554.7075455828243,667.540421535496,59.19428635157628,59.19428635157628,59.19428635157628,C — secondaire,0.0,0.0,Very robust
Bandaga — Rugombo,7,611.5811166408921,725.711273131811,84.48203059936674,84.48203059936675,84.48203059936674,B — prioritaire,3.0,66.66666666666667,Very robust
Bandaga — Ruhehe,7,445.2910598636036,538.0537599415443,67.31395476256614,67.31395476256614,67.31395476256614,C — secondaire,0.0,0.0,Very robust
Bandaga — Rumonge,7,649.9317679340982,775.569247686042,67.46786752714533,67.46786752714533,67.46786752714533,C — secondaire,0.0,0.0,Very robust
Bandaga — Rusaka,7,643.5922164857654,748.5175857319946,70.71461027001544,70.71461027001544,70.71461027001544,B — prioritaire,0.0,0.0,Very robust
Bandaga — Rutana,7,412.697547644917,503.09928041925025,55.00461263214225,55.00461263214225,55.00461263214225,C — secondaire,0.0,0.0,Very robust
Bandaga — Ruyigi,7,1272.2856079148128,1481.033043677777,64.5811673979529,64.5811673979529,64.5811673979529,C — secondaire,0.0,0.0,Very robust
Bandaga — Rwibaga,7,648.2480078073812,756.032375060306,68.6723859107625,68.6723859107625,68.6723859107625,C — secondaire,0.0,0.0,Very robust
Bandaga — Twinkwavu,7,386.0198141086474,481.049738046563,62.4182181554006,62.4182181554006,62.4182181554006,C — secondaire,0.0,0.0,Very robust
Bandaga — Wimpfizi,7,754.8464634928604,883.0710443540828,52.38334727704239,52.38334727704239,52.38334727704239,C — secondaire,0.0,0.0,Very robust
Biyorwa — Bubanza,7,683.906510496789,814.2759524986241,59.480994275974474,59.480994275974474,59.480994275974474,C — secondaire,0.0,0.0,Very robust
Biyorwa — Buhiga,7,520.3847046755685,611.5352148609578,64.29301199473758,64.29301199473758,64.29301199473758,C — secondaire,0.0,0.0,Very robust
Biyorwa — Bujumbura (FAO location),7,24.721475949319,54.60175512113677,42.44946860532123,42.44946860532123,42.44946860532123,D — surveillance,0.0,0.0,Very robust
Biyorwa — Bukeye,7,580.5694002792642,681.5067901196845,64.3324102104757,64.3324102104757,64.3324102104757,C — secondaire,0.0,0.0,Very robust
Biyorwa — Bukirasazi,7,480.3467507636052,557.3720802955132,61.75461873706735,61.75461873706735,61.75461873706735,C — secondaire,0.0,0.0,Very robust
Biyorwa — Burambi,7,697.2428707588492,826.2254560395069,71.80308670393218,71.80308670393218,71.80308670393218,B — prioritaire,0.0,0.0,Very robust
Biyorwa — Bururi,7,421.459922398158,503.12285131349626,71.79980460814146,71.79980460814146,71.79980460814146,B — prioritaire,0.0,0.0,Very robust
Biyorwa — Busoni,7,59.88065940166501,101.57203260071356,49.18904082226388,49.18904082226387,49.18904082226388,D — surveillance,0.0,0.0,Very robust
Biyorwa — Buyengero,7,523.3361082699034,622.3794655442445,67.81622693177414,67.81622693177414,67.81622693177414,C — secondaire,0.0,0.0,Very robust
Biyorwa — Cankuzo,7,815.9728897123163,949.0461504481354,73.00431163469679,73.00431163469679,73.00431163469679,B — prioritaire,1.0,16.666666666666668,Very robust
Biyorwa — Chez Siyoni,7,793.2640818060574,932.9395364883104,72.15218379878604,72.15218379878604,72.15218379878604,B — prioritaire,0.0,0.0,Very robust
Biyorwa — Cibitoke,7,583.5760066658768,707.6738694282329,62.784847984401225,62.784847984401225,62.784847984401225,C — secondaire,0.0,0.0,Very robust
Biyorwa — Gasenyi,7,780.4956594648763,930.2660834849469,59.237450853220004,59.237450853220004,59.237450853220004,C — secondaire,0.0,0.0,Very robust
Biyorwa — Gasorwe,7,286.4094454279156,349.5043251833924,67.31911459035405,67.31911459035405,67.31911459035405,C — secondaire,0.0,0.0,Very robust
Biyorwa — Gatabo,7,459.32863761473305,539.4560997079016,86.29227164144243,86.29227164144243,86.29227164144243,A — stratégique,1.0,100.0,Very robust
Biyorwa — Gihamagara,7,1019.328095467851,1170.2271009147933,73.8905281863109,73.8905281863109,73.8905281863109,B — prioritaire,0.0,0.0,Very robust
Biyorwa — Giharo,7,221.49822705486903,264.86750673780114,88.42112112798954,88.42112112798954,88.42112112798954,A — stratégique,1.0,66.66666666666667,Very robust
Biyorwa — Gihogazi,7,563.8380794823444,657.6990426352904,68.64465638973533,68.64465638973533,68.64465638973533,C — secondaire,0.0,0.0,Very robust
Biyorwa — Gisuru,7,513.3495363259518,601.9046707111222,72.43605300898824,72.43605300898824,72.43605300898824,B — prioritaire,0.0,0.0,Very robust
Biyorwa — Gitaza,7,139.00568238739004,186.59093530888146,62.23632154792626,62.23632154792626,62.23632154792626,C — secondaire,0.0,0.0,Very robust
Biyorwa — Gitega,7,675.335970788512,777.7840677665051,73.37426889555353,73.37426889555353,73.37426889555353,B — prioritaire,0.0,0.0,Very robust
Biyorwa — Gitega Centre,7,173.9750659119768,204.65057281941858,53.19194330399406,53.19194330399406,53.19194330399406,C — secondaire,0.0,0.0,Very robust
Biyorwa — Giteranyi,7,139.8529560081445,193.52516657491904,53.821063242714146,53.821063242714146,53.821063242714146,C — secondaire,0.0,0.0,Very robust
Biyorwa — Gitobe,7,316.9343025534583,391.04222280862484,62.958079725816134,62.95807972581614,62.958079725816134,C — secondaire,0.0,0.0,Very robust
Biyorwa — Jene,7,306.20911946128183,377.0445974834065,67.06340296682662,67.06340296682662,67.06340296682662,C — secondaire,0.0,0.0,Very robust
Biyorwa — Kamenge,7,519.0782413258223,619.6433231396383,67.6625627867849,67.6625627867849,67.6625627867849,C — secondaire,0.0,0.0,Very robust
Biyorwa — Kanyosha,7,766.134664790671,901.5034831960018,68.11869926278524,68.11869926278524,68.11869926278524,C — secondaire,0.0,0.0,Very robust
Biyorwa — Kayanza,7,213.5083685839864,268.319531393137,62.857686723850684,62.857686723850684,62.857686723850684,C — secondaire,0.0,0.0,Very robust
Biyorwa — Kayero,7,231.10646113031956,277.2997419129942,63.6563059198031,63.6563059198031,63.6563059198031,C — secondaire,0.0,0.0,Very robust
Biyorwa — Kayogoro,7,518.3880182272479,613.8524309545347,55.92624241144118,55.92624241144118,55.92624241144118,C — secondaire,0.0,0.0,Very robust
Biyorwa — Kayongozi,7,236.42557345340916,281.9595440514611,67.79714567791069,67.79714567791069,67.79714567791069,C — secondaire,0.0,0.0,Very robust
Biyorwa — Kigamba,7,969.412016581116,1128.778313677621,64.70263625416442,64.70263625416442,64.70263625416442,C — secondaire,0.0,0.0,Very robust
Biyorwa — Kinama,7,111.104913376882,148.8099331615208,54.344144294593484,54.344144294593484,54.344144294593484,C — secondaire,0.0,0.0,Very robust
Biyorwa — Kinyinya,7,479.5609240691056,558.8787128867597,80.9928916823755,80.99289168237549,80.9928916823755,B — prioritaire,1.0,33.333333333333336,Very robust
Biyorwa — Kirehe,7,566.4700146046895,669.4558598147083,56.536608908246365,56.536608908246365,56.536608908246365,C — secondaire,0.0,0.0,Very robust
Biyorwa — Kirundo,7,106.12668168716768,152.16664729450048,53.76315230180963,53.76315230180963,53.76315230180963,C — secondaire,0.0,0.0,Very robust
Biyorwa — Kivyuka,7,338.20036615647643,417.9905994956327,62.84811052030031,62.8481105203003,62.84811052030031,C — secondaire,0.0,0.0,Very robust
Biyorwa — Kobero,7,231.0341642757643,293.6865098324705,66.61454561679517,66.61454561679517,66.61454561679517,C — secondaire,0.0,0.0,Very robust
Biyorwa — Mabanda,7,418.3978909738826,506.8882749888069,59.22761101729109,59.22761101729109,59.22761101729109,C — secondaire,0.0,0.0,Very robust
Biyorwa — Mabayi,7,568.5560284460876,694.2743333340376,62.50018554446036,62.50018554446036,62.50018554446036,C — secondaire,0.0,0.0,Very robust
Biyorwa — Makamba,7,542.4056274573823,644.8089149103065,59.76156811048961,59.76156811048961,59.76156811048961,C — secondaire,0.0,0.0,Very robust
Biyorwa — Marangara,7,99.6854694497602,142.00962747846867,57.90418848945161,57.90418848945161,57.90418848945161,C — secondaire,0.0,0.0,Very robust
Biyorwa — Masanganzira,7,419.1773925501869,502.6936028072228,63.597225649951845,63.597225649951845,63.597225649951845,C — secondaire,0.0,0.0,Very robust
Biyorwa — Matana,7,306.18173896576627,366.83944298532845,76.21119965703878,76.21119965703876,76.21119965703878,B — prioritaire,1.0,50.0,Very robust
Biyorwa — Mihigo,7,602.1501191956786,711.9429867346558,65.43079467928564,65.43079467928564,65.43079467928564,C — secondaire,0.0,0.0,Very robust
Biyorwa — Mishiha,7,92.90600773800868,131.55116331628932,58.005911966681914,58.005911966681914,58.005911966681914,C — secondaire,0.0,0.0,Very robust
Biyorwa — Muhanga,7,224.0078359382232,273.5610631163814,67.36666718537026,67.36666718537026,67.36666718537026,C — secondaire,0.0,0.0,Very robust
Biyorwa — Mukenke,7,409.163618099523,499.0997226140813,59.018051367128294,59.018051367128294,59.018051367128294,C — secondaire,0.0,0.0,Very robust
Biyorwa — Muramvya,7,541.8934467310343,636.7523440275861,64.29428900995435,64.29428900995435,64.29428900995435,C — secondaire,0.0,0.0,Very robust
Biyorwa — Musenyi,7,526.0776466276836,630.5266214118645,59.43064432876446,59.43064432876446,59.43064432876446,C — secondaire,0.0,0.0,Very robust
Biyorwa — Mutaho,7,592.6654519103414,691.0036719615748,72.7006317903295,72.7006317903295,72.7006317903295,B — prioritaire,0.0,0.0,Very robust
Biyorwa — Muyange,7,300.83552904921,375.62476073537556,54.65773708722719,54.65773708722719,54.65773708722719,C — secondaire,0.0,0.0,Very robust
Biyorwa — Muyinga,7,146.62990675255605,191.64883803680976,62.51155157716463,62.51155157716463,62.51155157716463,C — secondaire,0.0,0.0,Very robust
Biyorwa — Muzinda,7,202.4174370454994,258.0569084480711,66.67531423937218,66.67531423937218,66.67531423937218,C — secondaire,0.0,0.0,Very robust
Biyorwa — Mwakiro,7,313.3929685626953,375.3313045268695,55.669449887034865,55.669449887034865,55.669449887034865,C — secondaire,0.0,0.0,Very robust
Biyorwa — Mwaro,7,310.923279483222,368.1182714928095,93.02608609401705,93.02608609401705,93.02608609401705,A — stratégique,1.0,100.0,Very robust
Biyorwa — Ngozi,7,92.70807479275996,126.68817567308761,68.22355166095309,68.22355166095309,68.22355166095309,C — secondaire,0.0,0.0,Very robust
Biyorwa — Nyabihanga,7,241.630494457572,285.5780767675309,92.97113217189938,92.97113217189938,92.97113217189938,A — stratégique,1.0,100.0,Very robust
Biyorwa — Nyabikere,7,356.39647333323666,417.37800142853,72.38018648743113,72.38018648743113,72.38018648743113,B — prioritaire,0.0,0.0,Very robust
Biyorwa — Nyagasasa,7,482.3331395772128,568.8600923902342,68.17968861400942,68.17968861400942,68.17968861400942,C — secondaire,0.0,0.0,Very robust
Biyorwa — Rubaho,7,361.67830838280247,427.13902530691536,68.12315035897133,68.12315035897133,68.12315035897133,C — secondaire,0.0,0.0,Very robust
Biyorwa — Rugombo,7,883.3429162230614,1052.703629143217,55.56550625245667,55.56550625245667,55.56550625245667,C — secondaire,0.0,0.0,Very robust
Biyorwa — Ruhehe,7,286.37865092161667,362.92279182355,54.35618696021526,54.35618696021526,54.35618696021526,C — secondaire,0.0,0.0,Very robust
Biyorwa — Rumonge,7,130.028641236056,177.46811881545258,58.0821507438726,58.0821507438726,58.0821507438726,C — secondaire,0.0,0.0,Very robust
Biyorwa — Rusaka,7,367.8915010669808,436.7373098858489,71.99994899294998,71.99994899294998,71.99994899294998,B — prioritaire,0.0,0.0,Very robust
Biyorwa — Rutana,7,891.9141735449273,1034.4892958049688,56.955350513389895,56.955350513389895,56.955350513389895,C — secondaire,0.0,0.0,Very robust
Biyorwa — Ruyigi,7,1079.0473101734333,1238.4655872171859,98.95634861151362,98.95634861151362,98.95634861151362,A — stratégique,3.0,100.0,Very robust
Biyorwa — Rwibaga,7,272.12979881153024,329.5440532049415,63.480008597710075,63.480008597710075,63.480008597710075,C — secondaire,0.0,0.0,Very robust
Biyorwa — Twinkwavu,7,650.6248252103059,763.2243076615598,89.0614395495834,89.0614395495834,89.0614395495834,A — stratégique,1.0,66.66666666666667,Very robust
Biyorwa — Wimpfizi,7,255.55518402244024,304.3350402953315,65.27519140604458,65.27519140604458,65.27519140604458,C — secondaire,0.0,0.0,Very robust
Bubanza — Buhiga,7,681.1850625258519,808.181825939651,71.75665809856638,71.75665809856638,71.75665809856638,B — prioritaire,0.0,0.0,Very robust
Bubanza — Bujumbura (FAO location),7,215.6416679160356,255.88702596401518,53.197137200126704,53.197137200126704,53.197137200126704,C — secondaire,0.0,0.0,Very robust
Bubanza — Bukeye,7,436.1670572787789,513.8871131194768,72.24413526110592,72.24413526110592,72.24413526110592,B — prioritaire,0.0,0.0,Very robust
Bubanza — Bukirasazi,7,1129.5668753960806,1324.0767968840344,68.04588234125617,68.04588234125617,68.04588234125617,C — secondaire,0.0,0.0,Very robust
Bubanza — Burambi,7,180.8137752694829,231.23761540120708,58.65233228365102,58.65233228365101,58.65233228365102,C — secondaire,0.0,0.0,Very robust
Bubanza — Bururi,7,519.9587520895813,628.147918609821,59.104146986658094,59.1041469866581,59.104146986658094,C — secondaire,0.0,0.0,Very robust
Bubanza — Busoni,7,812.0536665947734,964.0812093977604,63.46056207656498,63.46056207656498,63.46056207656498,C — secondaire,0.0,0.0,Very robust
Bubanza — Buyengero,7,1171.835483919221,1368.6974476796663,72.36798229533284,72.36798229533284,72.36798229533284,B — prioritaire,0.0,0.0,Very robust
Bubanza — Cankuzo,7,385.0338728048947,486.94052434495495,61.94336391704834,61.94336391704834,61.94336391704834,C — secondaire,0.0,0.0,Very robust
Bubanza — Chez Siyoni,7,597.3251662538729,691.5979609659456,69.00740701985411,69.00740701985411,69.00740701985411,C — secondaire,0.0,0.0,Very robust
Bubanza — Cibitoke,7,288.6081710147605,341.02821386346903,84.71630239695145,84.71630239695143,84.71630239695145,B — prioritaire,1.0,66.66666666666667,Very robust
Bubanza — Gasenyi,7,377.4174238137599,440.0656850630401,72.53278658253856,72.53278658253856,72.53278658253856,B — prioritaire,0.0,0.0,Very robust
Bubanza — Gasorwe,7,563.3927733649008,674.757608013529,67.44566212163954,67.44566212163954,67.44566212163954,C — secondaire,0.0,0.0,Very robust
Bubanza — Gatabo,7,779.977695104278,909.5625067589764,72.69830602325003,72.69830602325003,72.69830602325003,B — prioritaire,0.0,0.0,Very robust
Bubanza — Gihamagara,7,395.4481505354173,484.9579968008931,66.92965422389567,66.92965422389567,66.92965422389567,C — secondaire,0.0,0.0,Very robust
Bubanza — Giharo,7,823.4397663751419,983.874019875061,71.05729144270083,71.05729144270083,71.05729144270083,B — prioritaire,0.0,0.0,Very robust
Bubanza — Gihogazi,7,1357.987500369106,1577.6563793010457,72.79620663715673,72.79620663715673,72.79620663715673,B — prioritaire,0.0,0.0,Very robust
Bubanza — Gisuru,7,830.5334016393865,996.8867247025944,58.65246501241992,58.65246501241992,58.65246501241992,C — secondaire,0.0,0.0,Very robust
Bubanza — Gitaza,7,816.0247445038781,948.2954213588049,64.86859611674265,64.86859611674265,64.86859611674265,C — secondaire,0.0,0.0,Very robust
Bubanza — Gitega,7,125.65314724607234,177.6371388197454,61.75965648208388,61.75965648208388,61.75965648208388,C — secondaire,0.0,0.0,Very robust
Bubanza — Gitega Centre,7,410.0746323513736,495.99243272201727,60.749732718246385,60.749732718246385,60.749732718246385,C — secondaire,0.0,0.0,Very robust
Bubanza — Giteranyi,7,844.6131015812048,1006.5455509633736,59.115039145606474,59.115039145606474,59.115039145606474,C — secondaire,0.0,0.0,Very robust
Bubanza — Gitobe,7,791.9756323043297,937.2146735589987,63.70395201208992,63.70395201208992,63.70395201208992,C — secondaire,0.0,0.0,Very robust
Bubanza — Jene,7,617.0252914730187,717.832181774151,72.81463566065193,72.81463566065193,72.81463566065193,B — prioritaire,0.0,0.0,Very robust
Bubanza — Kamenge,7,504.4713118286307,585.2608399265561,68.83248052343912,68.83248052343912,68.83248052343912,C — secondaire,0.0,0.0,Very robust
Bubanza — Kanyosha,7,334.2559353104876,392.80847713306633,68.23580084876872,68.23580084876872,68.23580084876872,C — secondaire,0.0,0.0,Very robust
Bubanza — Kayanza,7,840.3924883777421,972.8739664476037,69.15230718419679,69.15230718419679,69.15230718419679,C — secondaire,0.0,0.0,Very robust
Bubanza — Kayero,7,713.4440159045449,855.030691101948,63.07014815463994,63.07014815463994,63.07014815463994,C — secondaire,0.0,0.0,Very robust
Bubanza — Kayogoro,7,1098.8965152474807,1298.4459985346346,59.310647435109004,59.310647435109004,59.310647435109004,C — secondaire,0.0,0.0,Very robust
Bubanza — Kayongozi,7,820.1407331050053,978.7568510450026,71.14602729978671,71.14602729978671,71.14602729978671,B — prioritaire,0.0,0.0,Very robust
Bubanza — Kigamba,7,441.2087185919494,547.1363136822638,70.3993978246826,70.3993978246826,70.3993978246826,B — prioritaire,0.0,0.0,Very robust
Bubanza — Kinama,7,862.987197119907,997.106705051389,69.29200509284581,69.29200509284581,69.29200509284581,C — secondaire,0.0,0.0,Very robust
Bubanza — Kinyinya,7,614.0200505891314,744.1235759667707,58.69969600987326,58.69969600987326,58.69969600987326,C — secondaire,0.0,0.0,Very robust
Bubanza — Kirehe,7,432.1044661719367,529.4307852165445,58.79691618052123,58.79691618052123,58.79691618052123,C — secondaire,0.0,0.0,Very robust
Bubanza — Kirundo,7,847.0612661137935,1000.5663529059117,55.699797607213874,55.699797607213874,55.699797607213874,C — secondaire,0.0,0.0,Very robust
Bubanza — Kivyuka,7,924.809599917834,1060.131130821929,73.92306220347524,73.92306220347525,73.92306220347524,B — prioritaire,0.0,0.0,Very robust
Bubanza — Kobero,7,490.1179769166668,597.9837898214288,62.79947237300427,62.79947237300427,62.79947237300427,C — secondaire,0.0,0.0,Very robust
Bubanza — Mabanda,7,932.7641028494924,1109.2740495069254,51.034664772579745,51.034664772579745,51.034664772579745,C — secondaire,0.0,0.0,Very robust
Bubanza — Mabayi,7,574.0405398098852,674.2288022042367,64.30743811367515,64.30743811367515,64.30743811367515,C — secondaire,0.0,0.0,Very robust
Bubanza — Makamba,7,1257.7585729721393,1478.8727558452026,59.53710770160102,59.53710770160102,59.53710770160102,C — secondaire,0.0,0.0,Very robust
Bubanza — Marangara,7,918.5053742363634,1076.3332892441556,72.29561403272609,72.29561403272609,72.29561403272609,B — prioritaire,0.0,0.0,Very robust
Bubanza — Masanganzira,7,523.8374372255319,625.7839139537995,71.64961987557093,71.64961987557093,71.64961987557093,B — prioritaire,0.0,0.0,Very robust
Bubanza — Matana,7,811.8583333468177,956.403286005779,55.92489780250261,55.924897802502606,55.92489780250261,C — secondaire,0.0,0.0,Very robust
Bubanza — Mihigo,7,707.4701986120394,825.1364185480171,72.697112009167,72.697112009167,72.697112009167,B — prioritaire,0.0,0.0,Very robust
Bubanza — Mishiha,7,627.3614708784909,767.0534818050677,62.220345214193365,62.220345214193365,62.220345214193365,C — secondaire,0.0,0.0,Very robust
Bubanza — Muhanga,7,1011.8920150670176,1175.8229024572934,72.90483361958235,72.90483361958235,72.90483361958235,B — prioritaire,0.0,0.0,Very robust
Bubanza — Mukenke,7,401.74554467122425,495.53681800195335,58.66818852533534,58.66818852533534,58.66818852533534,C — secondaire,0.0,0.0,Very robust
Bubanza — Muramvya,7,510.6034050344957,599.0563101576412,72.410446626995,72.410446626995,72.410446626995,B — prioritaire,0.0,0.0,Very robust
Bubanza — Musenyi,7,452.6179525988553,520.754011970938,73.08970519687497,73.08970519687497,73.08970519687497,B — prioritaire,0.0,0.0,Very robust
Bubanza — Mutaho,7,619.0281266899977,730.5069820099991,68.08276367106544,68.08276367106544,68.08276367106544,C — secondaire,0.0,0.0,Very robust
Bubanza — Muyange,7,348.6357583993873,438.6385827425948,46.19573965610442,46.19573965610442,46.19573965610442,D — surveillance,0.0,0.0,Very robust
Bubanza — Muyinga,7,609.8714415683214,731.3399215292808,67.29336349351695,67.29336349351695,67.29336349351695,C — secondaire,0.0,0.0,Very robust
Bubanza — Muzinda,7,772.1280438863017,888.4553882369864,69.49784152620971,69.49784152620971,69.49784152620971,C — secondaire,0.0,0.0,Very robust
Bubanza — Mwakiro,7,876.3382643165364,1036.3418121356588,67.65170269142611,67.65170269142611,67.65170269142611,C — secondaire,0.0,0.0,Very robust
Bubanza — Mwaro,7,598.4808414232566,706.1643746099671,72.12971957938919,72.12971957938919,72.12971957938919,B — prioritaire,0.0,0.0,Very robust
Bubanza — Ngozi,7,746.3120236121409,871.215431833775,68.6154319198802,68.6154319198802,68.6154319198802,C — secondaire,0.0,0.0,Very robust
Bubanza — Nyabihanga,7,890.7020676954699,1042.9509644409159,64.32285025663356,64.32285025663356,64.32285025663356,C — secondaire,0.0,0.0,Very robust
Bubanza — Nyabikere,7,958.2573175181768,1126.457401793505,63.96722170989567,63.96722170989567,63.96722170989567,C — secondaire,0.0,0.0,Very robust
Bubanza — Nyagasasa,7,640.0569164567976,752.5764633386276,68.25378657516802,68.25378657516802,68.25378657516802,C — secondaire,0.0,0.0,Very robust
Bubanza — Rubaho,7,670.1541530238496,808.8921461530784,66.7994225671153,66.7994225671153,66.7994225671153,C — secondaire,0.0,0.0,Very robust
Bubanza — Rugombo,7,234.52201390527745,281.65446881654736,76.00109039379753,76.00109039379753,76.00109039379753,B — prioritaire,1.0,33.333333333333336,Very robust
Bubanza — Ruhehe,7,459.50599812072926,562.4382634803127,66.79581586393223,66.79581586393223,66.79581586393223,C — secondaire,0.0,0.0,Very robust
Bubanza — Rumonge,7,616.2287938993937,730.710576814026,59.79493901033661,59.79493901033661,59.79493901033661,C — secondaire,0.0,0.0,Very robust
Bubanza — Rusaka,7,643.0528782845868,753.0442826933944,72.48643545340519,72.48643545340519,72.48643545340519,B — prioritaire,0.0,0.0,Very robust
Bubanza — Rutana,7,202.43151985574005,270.0467556524599,57.853819202744944,57.853819202744944,57.853819202744944,C — secondaire,0.0,0.0,Very robust
Bubanza — Ruyigi,7,1285.5799739623358,1506.9891254124298,63.84265016569811,63.84265016569811,63.84265016569811,C — secondaire,0.0,0.0,Very robust
Bubanza — Rwibaga,7,865.4734853288427,1005.6109922837898,68.90402017764885,68.90402017764885,68.90402017764885,C — secondaire,0.0,0.0,Very robust
Bubanza — Twinkwavu,7,190.2603986292997,268.0501391268427,53.004054139080516,53.004054139080516,53.004054139080516,C — secondaire,0.0,0.0,Very robust
Bubanza — Wimpfizi,7,931.0313215464358,1090.395589519901,72.3281027995587,72.3281027995587,72.3281027995587,B — prioritaire,0.0,0.0,Very robust
Buhiga — Bujumbura (FAO location),7,16.55798841546803,48.67466760662925,50.193764002545976,50.19376400254597,50.193764002545976,C — secondaire,0.0,0.0,Very robust
Buhiga — Bukeye,7,450.3772997933479,532.494445054292,64.06943591380531,64.06943591380531,64.06943591380531,C — secondaire,0.0,0.0,Very robust
Buhiga — Bukirasazi,7,780.3741697060468,914.3631535883059,60.32424798023164,60.32424798023164,60.32424798023164,C — secondaire,0.0,0.0,Very robust
Buhiga — Burambi,7,477.1148755130109,582.5354352198618,75.02819083035993,75.02819083035993,75.02819083035993,B — prioritaire,1.0,16.666666666666668,Very robust
Buhiga — Bururi,7,465.52124566222335,565.6011638552385,71.08583613974818,71.08583613974818,71.08583613974818,B — prioritaire,0.0,0.0,Very robust
Buhiga — Busoni,7,621.4149329389262,726.836453545254,68.52479949882267,68.52479949882267,68.52479949882267,C — secondaire,0.0,0.0,Very robust
Buhiga — Buyengero,7,1002.9185130240649,1178.3584732960278,76.17436794859185,76.17436794859184,76.17436794859185,B — prioritaire,1.0,16.666666666666668,Very robust
Buhiga — Cankuzo,7,590.5826190227195,693.7514172954513,64.29654134385933,64.29654134385933,64.29654134385933,C — secondaire,0.0,0.0,Very robust
Buhiga — Chez Siyoni,7,611.1470180874506,727.527893180336,71.68132690247216,71.68132690247216,71.68132690247216,B — prioritaire,0.0,0.0,Very robust
Buhiga — Cibitoke,7,521.0146838233045,633.4316599242733,70.90367245112982,70.90367245112982,70.90367245112982,B — prioritaire,0.0,0.0,Very robust
Buhiga — Gasenyi,7,866.9343350977714,1026.3095867561876,71.61550828129984,71.61550828129984,71.61550828129984,B — prioritaire,0.0,0.0,Very robust
Buhiga — Gasorwe,7,263.8642989490868,307.01017269246574,76.65917682437717,76.65917682437717,76.65917682437717,B — prioritaire,1.0,33.333333333333336,Very robust
Buhiga — Gatabo,7,212.48292650469136,259.5179467877248,71.39313822884282,71.39313822884282,71.39313822884282,B — prioritaire,0.0,0.0,Very robust
Buhiga — Gihamagara,7,557.6566050479329,657.7373984491142,60.098406741507375,60.09840674150738,60.098406741507375,C — secondaire,0.0,0.0,Very robust
Buhiga — Giharo,7,476.6701285403868,573.2916710887372,55.35309397488194,55.353093974881936,55.35309397488194,C — secondaire,0.0,0.0,Very robust
Buhiga — Gihogazi,7,859.8254915263179,988.746022654136,65.59071499423425,65.59071499423425,65.59071499423425,C — secondaire,0.0,0.0,Very robust
Buhiga — Gisuru,7,656.180598194622,776.2111903691236,63.89901736691545,63.89901736691545,63.89901736691545,C — secondaire,0.0,0.0,Very robust
Buhiga — Gitaza,7,646.0578172139309,773.7404442345418,67.2832207920826,67.2832207920826,67.2832207920826,C — secondaire,0.0,0.0,Very robust
Buhiga — Gitega,7,508.88560175858777,603.0153976108234,67.97961052989285,67.97961052989285,67.97961052989285,C — secondaire,0.0,0.0,Very robust
Buhiga — Gitega Centre,7,42.463023272923415,63.09399597410999,35.25773190972724,35.25773190972724,35.25773190972724,D — surveillance,0.0,0.0,Very robust
Buhiga — Giteranyi,7,618.9606095293157,724.3484997982781,72.52373453971825,72.52373453971825,72.52373453971825,B — prioritaire,0.0,0.0,Very robust
Buhiga — Gitobe,7,278.86537761525227,331.04584526367955,67.93686385563932,67.93686385563932,67.93686385563932,C — secondaire,0.0,0.0,Very robust
Buhiga — Jene,7,250.00389193032487,304.77298939871054,67.38296820756459,67.38296820756459,67.38296820756459,C — secondaire,0.0,0.0,Very robust
Buhiga — Kamenge,7,357.3524834594273,437.2098911968975,67.10773461015316,67.10773461015316,67.10773461015316,C — secondaire,0.0,0.0,Very robust
Buhiga — Kanyosha,7,536.7052403324782,644.4371644282049,71.40674282175303,71.40674282175303,71.40674282175303,B — prioritaire,0.0,0.0,Very robust
Buhiga — Kayanza,7,617.7274005885035,723.3165136807872,80.82904719862093,80.82904719862093,80.82904719862093,B — prioritaire,1.0,33.333333333333336,Very robust
Buhiga — Kayero,7,462.4261756237266,556.56533983874,59.37628247994202,59.37628247994202,59.37628247994202,C — secondaire,0.0,0.0,Very robust
Buhiga — Kayogoro,7,753.1969594874446,896.316560351762,51.33877702165496,51.33877702165496,51.33877702165496,C — secondaire,0.0,0.0,Very robust
Buhiga — Kayongozi,7,444.0021299192153,530.4764802510923,59.67331474671029,59.67331474671029,59.67331474671029,C — secondaire,0.0,0.0,Very robust
Buhiga — Kigamba,7,723.2390632852422,841.3547479793896,64.7956142931501,64.7956142931501,64.7956142931501,C — secondaire,0.0,0.0,Very robust
Buhiga — Kinama,7,522.5391039849875,620.5138668507088,67.87951875384464,67.87951875384464,67.87951875384464,C — secondaire,0.0,0.0,Very robust
Buhiga — Kinyinya,7,600.0624287446736,713.4045563191456,67.73615040727319,67.73615040727319,67.73615040727319,C — secondaire,0.0,0.0,Very robust
Buhiga — Kirehe,7,356.11534163600777,414.7043247011463,68.51085954759608,68.51085954759608,68.51085954759608,C — secondaire,0.0,0.0,Very robust
Buhiga — Kirundo,7,620.7904595605255,723.9516543830823,68.67219928377385,68.67219928377385,68.67219928377385,C — secondaire,0.0,0.0,Very robust
Buhiga — Kivyuka,7,742.9901913542241,876.3786257232387,72.01878062065018,72.01878062065018,72.01878062065018,B — prioritaire,0.0,0.0,Very robust
Buhiga — Kobero,7,303.1754177969354,359.40538591297224,63.96437808295517,63.96437808295517,63.96437808295517,C — secondaire,0.0,0.0,Very robust
Buhiga — Mabanda,7,559.6996322340792,682.4870329574626,62.59773815791725,62.59773815791725,62.59773815791725,C — secondaire,0.0,0.0,Very robust
Buhiga — Mabayi,7,629.9758422310075,757.4196480990032,71.14023856477328,71.14023856477328,71.14023856477328,B — prioritaire,0.0,0.0,Very robust
Buhiga — Makamba,7,714.8298889584129,855.932336410748,59.09416522537234,59.09416522537234,59.09416522537234,C — secondaire,0.0,0.0,Very robust
Buhiga — Marangara,7,538.813167466807,628.407504057203,72.66625920564428,72.66625920564428,72.66625920564428,B — prioritaire,0.0,0.0,Very robust
Buhiga — Masanganzira,7,279.1824168010786,326.33141234331936,97.2952326063147,97.2952326063147,97.2952326063147,A — stratégique,1.0,100.0,Very robust
Buhiga — Matana,7,668.253271731982,791.6346604565637,67.8322615374613,67.8322615374613,67.8322615374613,C — secondaire,0.0,0.0,Very robust
Buhiga — Mihigo,7,347.49922496982765,411.539022987069,64.01438724588911,64.01438724588911,64.01438724588911,C — secondaire,0.0,0.0,Very robust
Buhiga — Mishiha,7,308.1566155717828,374.1459732450498,55.33419182311863,55.33419182311862,55.33419182311863,C — secondaire,0.0,0.0,Very robust
Buhiga — Muhanga,7,437.0095174854274,509.98740006518307,68.54886079221983,68.54886079221983,68.54886079221983,C — secondaire,0.0,0.0,Very robust
Buhiga — Mukenke,7,414.9592716206945,488.99505583744065,68.20866589249715,68.20866589249715,68.20866589249715,C — secondaire,0.0,0.0,Very robust
Buhiga — Muramvya,7,321.2984271729628,386.1900353598412,67.65015233505073,67.65015233505073,67.65015233505073,C — secondaire,0.0,0.0,Very robust
Buhiga — Musenyi,7,449.8135485786815,544.720325676578,71.24826895984424,71.24826895984424,71.24826895984424,B — prioritaire,0.0,0.0,Very robust
Buhiga — Mutaho,7,255.34046331652303,302.1666562785099,59.921477478773795,59.921477478773795,59.921477478773795,C — secondaire,0.0,0.0,Very robust
Buhiga — Muyange,7,421.1228703094068,527.2070615611743,70.14793401185636,70.14793401185636,70.14793401185636,B — prioritaire,0.0,0.0,Very robust
Buhiga — Muyinga,7,404.6351360420954,469.91165744661214,93.66977568106881,93.66977568106881,93.66977568106881,A — stratégique,1.0,100.0,Very robust
Buhiga — Muzinda,7,615.4356276536047,731.5711278515447,63.697596231319224,63.697596231319224,63.697596231319224,C — secondaire,0.0,0.0,Very robust
Buhiga — Mwakiro,7,642.4428615206618,740.0634143659979,94.30141560759586,94.30141560759587,94.30141560759586,A — stratégique,2.0,100.0,Very robust
Buhiga — Mwaro,7,302.7968842373833,366.715793530307,84.00211445251287,84.00211445251287,84.00211445251287,B — prioritaire,1.0,50.0,Very robust
Buhiga — Ngozi,7,434.38014899833934,507.8341092850025,68.48481092213169,68.48481092213169,68.48481092213169,C — secondaire,0.0,0.0,Very robust
Buhiga — Nyabihanga,7,676.2885137953544,790.8447287694377,68.52975458920275,68.52975458920275,68.52975458920275,C — secondaire,0.0,0.0,Very robust
Buhiga — Nyabikere,7,541.0164864596051,625.5780627684022,73.17614600544468,73.17614600544468,73.17614600544468,B — prioritaire,1.0,16.666666666666668,Very robust
Buhiga — Nyagasasa,7,374.80034433137416,453.8503001420173,67.3781749228363,67.3781749228363,67.3781749228363,C — secondaire,0.0,0.0,Very robust
Buhiga — Rubaho,7,144.53980986832033,195.77987537213716,50.018103362987155,50.018103362987155,50.018103362987155,C — secondaire,0.0,0.0,Very robust
Buhiga — Rugombo,7,575.1239990789604,697.5541401766975,66.82605548296365,66.82605548296365,66.82605548296365,C — secondaire,0.0,0.0,Very robust
Buhiga — Ruhehe,7,370.02962879497454,442.1217417692748,67.78465533062734,67.78465533062734,67.78465533062734,C — secondaire,0.0,0.0,Very robust
Buhiga — Rumonge,7,347.7960775867129,436.50602725144836,70.42185002576329,70.42185002576329,70.42185002576329,B — prioritaire,0.0,0.0,Very robust
Buhiga — Rusaka,7,316.8067499478884,383.80234312052346,67.59499369780193,67.59499369780193,67.59499369780193,C — secondaire,1.0,16.666666666666668,Very robust
Buhiga — Rutana,7,725.8527148051238,858.8158252021959,63.804104082675885,63.804104082675885,63.804104082675885,C — secondaire,0.0,0.0,Very robust
Buhiga — Ruyigi,7,1121.4416148490018,1303.7260592210007,64.78213087085152,64.78213087085152,64.78213087085152,C — secondaire,0.0,0.0,Very robust
Buhiga — Rwibaga,7,597.6233609940223,707.4914401402949,67.94545494271377,67.94545494271377,67.94545494271377,C — secondaire,0.0,0.0,Very robust
Buhiga — Twinkwavu,7,368.679544847125,443.8557749344824,63.53661911471916,63.53661911471916,63.53661911471916,C — secondaire,0.0,0.0,Very robust
Buhiga — Wimpfizi,7,649.8524132177558,764.4550210933238,68.22361123388731,68.22361123388731,68.22361123388731,C — secondaire,0.0,0.0,Very robust
Bujumbura (FAO location) — Bukeye,7,65.80003232397928,87.49316813884832,51.835256103990616,51.835256103990616,51.835256103990616,C — secondaire,0.0,0.0,Very robust
Bujumbura (FAO location) — Bukirasazi,7,41.13044261163607,71.68456883355837,50.85177350581384,50.85177350581383,50.85177350581384,C — secondaire,0.0,0.0,Very robust
Bujumbura (FAO location) — Burambi,7,209.8168608826124,254.97561923540522,60.850799836793044,60.850799836793044,60.850799836793044,C — secondaire,0.0,0.0,Very robust
Bujumbura (FAO location) — Bururi,7,113.42023770271052,154.12409387259018,43.57780197866816,43.57780197866816,43.57780197866816,D — surveillance,0.0,0.0,Very robust
Bujumbura (FAO location) — Busoni,0,-170.59043943812992,-154.34999094696852,28.38717215624346,28.38717215624346,28.38717215624346,D — surveillance,0.0,0.0,Not robust
Bujumbura (FAO location) — Buyengero,7,197.47638540926445,245.7765297468276,52.42556572211147,52.42556572211147,52.42556572211147,C — secondaire,0.0,0.0,Very robust
Bujumbura (FAO location) — Cankuzo,7,99.98785597236171,156.61116484529794,42.399019029028366,42.399019029028366,42.399019029028366,D — surveillance,0.0,0.0,Very robust
Bujumbura (FAO location) — Chez Siyoni,7,511.5197703280172,585.2711172834358,83.62686202483984,83.62686202483984,83.62686202483984,B — prioritaire,2.0,83.33333333333333,Very robust
Bujumbura (FAO location) — Cibitoke,7,227.4201679140577,274.59663910602467,61.2503352216962,61.2503352216962,61.2503352216962,C — secondaire,1.0,33.333333333333336,Very robust
Bujumbura (FAO location) — Gasenyi,7,394.97981918852486,463.6345659379391,53.674118105974976,53.674118105974976,53.674118105974976,C — secondaire,0.0,0.0,Very robust
Bujumbura (FAO location) — Gasorwe,0,-148.5487609583276,-134.47616976428077,20.830988154997854,20.830988154997858,20.830988154997854,D — surveillance,0.0,0.0,Not robust
Bujumbura (FAO location) — Gatabo,7,130.2269824148519,162.57957389207942,60.45371386263387,60.45371386263387,60.45371386263387,C — secondaire,0.0,0.0,Very robust
Bujumbura (FAO location) — Gihamagara,7,177.1310205610436,227.29885195473307,52.015449446172,52.015449446172,52.015449446172,C — secondaire,0.0,0.0,Very robust
Bujumbura (FAO location) — Giharo,7,67.95208662617134,112.76951883978775,42.56000973800849,42.56000973800849,42.56000973800849,D — surveillance,0.0,0.0,Very robust
Bujumbura (FAO location) — Gihogazi,7,233.53066834732303,290.88395957742426,60.39253050538419,60.39253050538419,60.39253050538419,C — secondaire,0.0,0.0,Very robust
Bujumbura (FAO location) — Gisuru,7,37.49339659517048,83.4586993979302,41.92337456215397,41.92337456215397,41.92337456215397,D — surveillance,0.0,0.0,Very robust
Bujumbura (FAO location) — Gitaza,7,156.91422859247513,185.61788082534642,65.26749749433804,65.26749749433804,65.26749749433804,C — secondaire,2.0,16.666666666666668,Very robust
Bujumbura (FAO location) — Gitega,7,87.69841574716604,126.10644960592832,51.329223012609106,51.32922301260911,51.329223012609106,C — secondaire,0.0,0.0,Very robust
Bujumbura (FAO location) — Gitega Centre,7,173.93847665520084,219.79937199508612,60.291127647773386,60.291127647773386,60.291127647773386,C — secondaire,0.0,0.0,Very robust
Bujumbura (FAO location) — Giteranyi,0,-170.50880115960072,-149.92779678268602,28.06956962034929,28.06956962034929,28.06956962034929,D — surveillance,0.0,0.0,Not robust
Bujumbura (FAO location) — Gitobe,7,121.91546580006596,175.48682934288541,42.92915499972635,42.92915499972635,42.92915499972635,D — surveillance,0.0,0.0,Very robust
Bujumbura (FAO location) — Jene,6,-1.8595637833031589,19.853838092870003,33.85555652858811,33.85555652858811,33.85555652858811,D — surveillance,0.0,0.0,Robust
Bujumbura (FAO location) — Kamenge,7,259.34619554141244,297.5112615177481,61.98763226443685,61.98763226443685,61.98763226443685,C — secondaire,0.0,0.0,Very robust
Bujumbura (FAO location) — Kanyosha,7,264.85581939908445,304.0856794567504,66.16024535390095,66.16024535390095,66.16024535390095,C — secondaire,3.0,16.666666666666668,Very robust
Bujumbura (FAO location) — Kayanza,0,-44.87653354311888,-29.89895894705095,29.73949613216112,29.73949613216112,29.73949613216112,D — surveillance,0.0,0.0,Not robust
Bujumbura (FAO location) — Kayero,7,27.36278464463254,62.472978847699665,42.26733059338099,42.267330593381,42.26733059338099,D — surveillance,0.0,0.0,Very robust
Bujumbura (FAO location) — Kayogoro,0,-63.9848833770042,-39.14549601871604,28.84666352920888,28.84666352920888,28.84666352920888,D — surveillance,0.0,0.0,Not robust
Bujumbura (FAO location) — Kayongozi,7,51.53470094137444,94.536632117732,50.408340692364284,50.408340692364284,50.408340692364284,C — secondaire,0.0,0.0,Very robust
Bujumbura (FAO location) — Kigamba,5,-32.06774982382234,7.89821407550482,48.40780797945773,48.40780797945773,48.40780797945773,D — surveillance,0.0,0.0,Robust
Bujumbura (FAO location) — Kinama,7,170.20608443048056,200.9461721844917,53.13064529808199,53.130645298081994,53.13064529808199,C — secondaire,0.0,0.0,Very robust
Bujumbura (FAO location) — Kinyinya,7,177.34276977265645,237.7557724739955,43.317048604757986,43.317048604757986,43.317048604757986,D — surveillance,0.0,0.0,Very robust
Bujumbura (FAO location) — Kirehe,0,-92.38585633946174,-68.32827157405508,28.61440869194611,28.614408691946114,28.61440869194611,D — surveillance,0.0,0.0,Not robust
Bujumbura (FAO location) — Kirundo,7,111.78015066289429,165.318933712669,34.7233724484968,34.7233724484968,34.7233724484968,D — surveillance,0.0,0.0,Very robust
Bujumbura (FAO location) — Kivyuka,7,285.7299169892646,338.92525413825615,53.31090765379871,53.31090765379871,53.31090765379871,C — secondaire,0.0,0.0,Very robust
Bujumbura (FAO location) — Kobero,0,-99.4752361679102,-72.33063292910434,28.32370455616817,28.32370455616817,28.32370455616817,D — surveillance,0.0,0.0,Not robust
Bujumbura (FAO location) — Mabanda,0,-93.9360115373782,-73.50588951601931,28.855919231502025,28.855919231502025,28.855919231502025,D — surveillance,0.0,0.0,Not robust
Bujumbura (FAO location) — Mabayi,7,420.53956980163787,502.5593442007019,61.13957678634441,61.13957678634441,61.13957678634441,C — secondaire,0.0,0.0,Very robust
Bujumbura (FAO location) — Makamba,1,-39.74922565234543,-12.577481565290821,23.378561682177537,23.378561682177537,23.378561682177537,D — surveillance,0.0,0.0,Sensitive
Bujumbura (FAO location) — Marangara,6,-5.78274393926165,26.252776597459313,41.50501850549047,41.50501850549047,41.50501850549047,D — surveillance,0.0,0.0,Robust
Bujumbura (FAO location) — Masanganzira,6,-8.356465515273612,21.228280493454147,41.48746124250404,41.48746124250404,41.48746124250404,D — surveillance,0.0,0.0,Robust
Bujumbura (FAO location) — Matana,7,37.36093319780024,62.679218513342974,59.06766118135114,59.06766118135114,59.06766118135114,C — secondaire,0.0,0.0,Very robust
Bujumbura (FAO location) — Mihigo,7,110.66000300145528,151.49628528633806,51.57467784559125,51.574677845591246,51.57467784559125,C — secondaire,0.0,0.0,Very robust
Bujumbura (FAO location) — Mishiha,0,-153.78302752647798,-124.54553808277616,27.625188330747793,27.625188330747793,27.625188330747793,D — surveillance,0.0,0.0,Not robust
Bujumbura (FAO location) — Muhanga,7,176.82471307184912,222.4843907450783,60.345997990366335,60.345997990366335,60.345997990366335,C — secondaire,0.0,0.0,Very robust
Bujumbura (FAO location) — Mukenke,7,84.88284193041892,137.07398454160816,42.420714038319986,42.420714038319986,42.420714038319986,D — surveillance,0.0,0.0,Very robust
Bujumbura (FAO location) — Muramvya,7,103.14869234506936,128.9830915764583,44.27789150460794,44.27789150460794,44.27789150460794,D — surveillance,0.0,0.0,Very robust
Bujumbura (FAO location) — Musenyi,7,228.59813382651004,267.55269792564707,61.51199328654439,61.51199328654439,61.51199328654439,C — secondaire,0.0,0.0,Very robust
Bujumbura (FAO location) — Mutaho,7,296.5477280973181,358.7514120417078,60.90954464324826,60.90954464324826,60.90954464324826,C — secondaire,0.0,0.0,Very robust
Bujumbura (FAO location) — Muyange,7,61.09084248798422,100.607442209136,34.68297871368786,34.68297871368786,34.68297871368786,D — surveillance,0.0,0.0,Very robust
Bujumbura (FAO location) — Muyinga,0,-95.50201109966356,-72.32516761414148,28.645294158761878,28.645294158761878,28.645294158761878,D — surveillance,0.0,0.0,Not robust
Bujumbura (FAO location) — Muzinda,7,209.85632576885877,243.56115790093946,61.58109911513395,61.58109911513395,61.58109911513395,C — secondaire,0.0,0.0,Very robust
Bujumbura (FAO location) — Mwakiro,7,50.02895179266312,91.04104248256992,50.48838250683406,50.48838250683406,50.48838250683406,C — secondaire,0.0,0.0,Very robust
Bujumbura (FAO location) — Mwaro,7,54.54018530298921,76.08262712985254,51.59783993687309,51.59783993687309,51.59783993687309,C — secondaire,0.0,0.0,Very robust
Bujumbura (FAO location) — Ngozi,0,-35.670706066895974,-16.25732345724109,37.568216971163764,37.56821697116376,37.568216971163764,D — surveillance,0.0,0.0,Not robust
Bujumbura (FAO location) — Nyabihanga,7,67.40928510368987,93.9907673301528,51.611450494792415,51.611450494792415,51.611450494792415,C — secondaire,0.0,0.0,Very robust
Bujumbura (FAO location) — Nyabikere,7,54.47932203948348,89.96151858835013,42.82553733768465,42.82553733768465,42.82553733768465,D — surveillance,0.0,0.0,Very robust
Bujumbura (FAO location) — Nyagasasa,7,17.643516307780217,32.66268156047719,34.74677206288071,34.74677206288071,34.74677206288071,D — surveillance,0.0,0.0,Very robust
Bujumbura (FAO location) — Rubaho,7,26.04652176393733,64.30426247025888,58.183291899402576,58.18329189940258,58.183291899402576,C — secondaire,0.0,0.0,Very robust
Bujumbura (FAO location) — Rugombo,7,157.54601080457516,197.179465487675,44.336548779911425,44.336548779911425,44.336548779911425,D — surveillance,0.0,0.0,Very robust
Bujumbura (FAO location) — Ruhehe,7,80.88331989734317,134.76216395600426,42.25372058725708,42.25372058725708,42.25372058725708,D — surveillance,0.0,0.0,Very robust
Bujumbura (FAO location) — Rumonge,7,54.67267951252323,79.52378064822422,51.43541542433414,51.435415424334145,51.43541542433414,C — secondaire,0.0,0.0,Very robust
Bujumbura (FAO location) — Rusaka,7,171.72036144486998,206.5636186192299,52.89865436154154,52.89865436154154,52.89865436154154,C — secondaire,0.0,0.0,Very robust
Bujumbura (FAO location) — Rutana,0,-103.09531140417188,-87.59164231607367,21.062459921762315,21.062459921762315,21.062459921762315,D — surveillance,0.0,0.0,Not robust
Bujumbura (FAO location) — Ruyigi,7,282.29347490894634,353.7234001038342,44.016290404683104,44.016290404683104,44.016290404683104,D — surveillance,0.0,0.0,Very robust
Bujumbura (FAO location) — Rwibaga,7,105.71665502669433,128.7372178685832,60.58513351533483,60.585133515334824,60.58513351533483,C — secondaire,0.0,0.0,Very robust
Bujumbura (FAO location) — Twinkwavu,7,44.42139147035115,96.25400777300759,33.682855621479646,33.682855621479646,33.682855621479646,D — surveillance,0.0,0.0,Very robust
Bujumbura (FAO location) — Wimpfizi,7,2.901290286523974,21.210677265653253,42.15749237993761,42.15749237993761,42.15749237993761,D — surveillance,0.0,0.0,Very robust
Bukeye — Bukirasazi,7,898.9250583758384,1048.1178710182164,56.57569577841772,56.57569577841772,56.57569577841772,C — secondaire,0.0,0.0,Very robust
Bukeye — Burambi,7,365.18465405135765,443.08167287915336,67.33619679308904,67.33619679308904,67.33619679308904,C — secondaire,0.0,0.0,Very robust
Bukeye — Bururi,7,719.0989844745064,848.2337227747884,72.04090837716235,72.04090837716235,72.04090837716235,B — prioritaire,0.0,0.0,Very robust
Bukeye — Busoni,7,676.1217641799998,801.1787946485713,55.732102177493694,55.732102177493694,55.732102177493694,C — secondaire,0.0,0.0,Very robust
Bukeye — Buyengero,7,1068.0959172562384,1242.439522538388,64.74987045792048,64.74987045792048,64.74987045792048,C — secondaire,0.0,0.0,Very robust
Bukeye — Cankuzo,7,476.9108463327588,579.3632721426108,58.98550935119305,58.98550935119305,58.98550935119305,C — secondaire,0.0,0.0,Very robust
Bukeye — Chez Siyoni,7,800.2098619959618,926.141593712555,73.17796833743958,73.17796833743958,73.17796833743958,B — prioritaire,0.0,0.0,Very robust
Bukeye — Cibitoke,7,424.1589548033488,509.167034058578,67.5822213061453,67.5822213061453,67.5822213061453,C — secondaire,0.0,0.0,Very robust
Bukeye — Gasenyi,7,621.7458076023485,732.5217624010065,68.16223072670903,68.16223072670903,68.16223072670903,C — secondaire,0.0,0.0,Very robust
Bukeye — Gasorwe,7,357.4634889396045,430.0336444026875,55.52100621659901,55.52100621659901,55.52100621659901,C — secondaire,0.0,0.0,Very robust
Bukeye — Gatabo,7,619.5494416539918,712.2359707405996,71.27394879018156,71.27394879018156,71.27394879018156,B — prioritaire,0.0,0.0,Very robust
Bukeye — Gihamagara,7,472.79149371772434,559.0166873075962,60.03603800427322,60.03603800427322,60.03603800427322,C — secondaire,0.0,0.0,Very robust
Bukeye — Giharo,7,679.4514576821496,804.6463447209213,63.810631048430466,63.810631048430466,63.810631048430466,C — secondaire,0.0,0.0,Very robust
Bukeye — Gihogazi,7,1085.0739797252024,1252.1025941679436,73.4940272721629,73.49402727216291,73.4940272721629,B — prioritaire,0.0,0.0,Very robust
Bukeye — Gisuru,7,952.3434929463942,1121.4286495484546,59.81554693522722,59.815546935227225,59.81554693522722,C — secondaire,0.0,0.0,Very robust
Bukeye — Gitaza,7,700.7752949589126,819.3816964109625,76.72292649684334,76.72292649684334,76.72292649684334,B — prioritaire,1.0,16.666666666666668,Very robust
Bukeye — Gitega,7,230.55009042837924,283.1856578978768,63.2326014427171,63.2326014427171,63.2326014427171,C — secondaire,0.0,0.0,Very robust
Bukeye — Gitega Centre,7,86.98872365838162,112.08178613930635,52.07378649981742,52.07378649981742,52.07378649981742,C — secondaire,0.0,0.0,Very robust
Bukeye — Giteranyi,7,759.2607403721267,900.6739015880543,63.59971763299685,63.59971763299685,63.59971763299685,C — secondaire,0.0,0.0,Very robust
Bukeye — Gitobe,7,516.1370073317935,614.0336705707687,63.78433231397897,63.78433231397897,63.78433231397897,C — secondaire,0.0,0.0,Very robust
Bukeye — Jene,7,330.92952726287143,390.8266328269448,68.10420562912432,68.10420562912432,68.10420562912432,C — secondaire,0.0,0.0,Very robust
Bukeye — Kamenge,7,618.082527367938,717.7289631576875,72.90621900893697,72.90621900893697,72.90621900893697,B — prioritaire,0.0,0.0,Very robust
Bukeye — Kanyosha,7,494.100885765522,578.2883521852237,97.50360003150391,97.50360003150391,97.50360003150391,A — stratégique,4.0,100.0,Very robust
Bukeye — Kayanza,7,656.001404196881,759.0414792272347,69.08657467294589,69.08657467294589,69.08657467294589,C — secondaire,0.0,0.0,Very robust
Bukeye — Kayero,7,692.562664293518,817.8464572686506,63.95397924555699,63.95397924555699,63.95397924555699,C — secondaire,0.0,0.0,Very robust
Bukeye — Kayogoro,7,788.6950481572363,935.1537920673871,47.48297572863777,47.48297572863777,47.48297572863777,D — surveillance,0.0,0.0,Very robust
Bukeye — Kayongozi,7,652.6324228874806,772.649174380349,59.83430900900374,59.83430900900374,59.83430900900374,C — secondaire,0.0,0.0,Very robust
Bukeye — Kigamba,7,602.8867630785899,721.5867930336815,63.37726953838312,63.37726953838312,63.37726953838312,C — secondaire,0.0,0.0,Very robust
Bukeye — Kinama,7,552.2115478934987,636.967110240071,77.4615293047255,77.46152930472552,77.4615293047255,B — prioritaire,1.0,33.333333333333336,Very robust
Bukeye — Kinyinya,7,847.4237418961388,996.2010436697736,68.10552481650485,68.10552481650485,68.10552481650485,C — secondaire,0.0,0.0,Very robust
Bukeye — Kirehe,7,329.97025503841814,402.3907058736077,63.23540553340199,63.23540553340199,63.23540553340199,C — secondaire,0.0,0.0,Very robust
Bukeye — Kirundo,7,683.9312921946216,807.2138892262664,59.96805327158133,59.96805327158133,59.96805327158133,C — secondaire,0.0,0.0,Very robust
Bukeye — Kivyuka,7,818.1153359411912,948.6961585462246,69.03364447893478,69.03364447893478,69.03364447893478,C — secondaire,0.0,0.0,Very robust
Bukeye — Kobero,7,438.7175053638171,530.754722584493,59.23388945083205,59.23388945083205,59.23388945083205,C — secondaire,0.0,0.0,Very robust
Bukeye — Mabanda,7,782.7585790813465,932.4281544634341,51.21982165490576,51.21982165490575,51.21982165490576,C — secondaire,0.0,0.0,Very robust
Bukeye — Mabayi,7,693.2348924821562,820.6030427780669,71.86842375805631,71.86842375805631,71.86842375805631,B — prioritaire,0.0,0.0,Very robust
Bukeye — Makamba,7,1031.88428921855,1212.9175150936642,47.78802244351803,47.78802244351804,47.78802244351803,D — surveillance,0.0,0.0,Very robust
Bukeye — Marangara,7,635.7427975924656,747.4327606824852,60.210967394701335,60.210967394701335,60.210967394701335,C — secondaire,0.0,0.0,Very robust
Bukeye — Masanganzira,7,265.6706775409863,322.41009466042266,67.46366411978829,67.46366411978829,67.46366411978829,C — secondaire,0.0,0.0,Very robust
Bukeye — Matana,7,789.465648068696,922.9984437437269,68.50804049073113,68.50804049073113,68.50804049073113,C — secondaire,0.0,0.0,Very robust
Bukeye — Mihigo,7,351.01754605771504,414.19855659616366,72.16594325065925,72.16594325065925,72.16594325065925,B — prioritaire,0.0,0.0,Very robust
Bukeye — Mishiha,7,366.6683153651307,458.7940182993417,50.301174346957836,50.301174346957836,50.301174346957836,C — secondaire,0.0,0.0,Very robust
Bukeye — Muhanga,7,729.7670561281087,842.4264334834751,69.26989295159731,69.26989295159731,69.26989295159731,C — secondaire,0.0,0.0,Very robust
Bukeye — Mukenke,7,362.98518346214615,442.91316862663405,71.1980040144207,71.1980040144207,71.1980040144207,B — prioritaire,0.0,0.0,Very robust
Bukeye — Muramvya,7,309.6236389760918,356.9451047040393,72.68495043547159,72.68495043547159,72.68495043547159,B — prioritaire,0.0,0.0,Very robust
Bukeye — Musenyi,7,534.3974188493123,623.8402869354194,93.59951419094799,93.59951419094799,93.59951419094799,A — stratégique,4.0,100.0,Very robust
Bukeye — Mutaho,7,372.4574394751979,433.5316466322276,72.57582780187693,72.57582780187693,72.57582780187693,B — prioritaire,0.0,0.0,Very robust
Bukeye — Muyange,7,487.1962171566743,597.7360687814318,66.6082379317283,66.6082379317283,66.6082379317283,C — secondaire,0.0,0.0,Very robust
Bukeye — Muyinga,7,560.8251304320638,665.7709307565987,71.87870773812483,71.87870773812483,71.87870773812483,B — prioritaire,0.0,0.0,Very robust
Bukeye — Muzinda,7,733.5800730866484,849.1352298942776,81.47247568700521,81.4724756870052,81.47247568700521,B — prioritaire,2.0,33.333333333333336,Very robust
Bukeye — Mwakiro,7,920.405063170543,1073.7828770730898,68.59972262811613,68.59972262811613,68.59972262811613,C — secondaire,0.0,0.0,Very robust
Bukeye — Mwaro,7,536.3312093955309,625.035932026656,68.67250933989985,68.67250933989985,68.67250933989985,C — secondaire,0.0,0.0,Very robust
Bukeye — Ngozi,7,489.4372354648313,571.8739749134991,60.49157803002522,60.49157803002522,60.49157803002522,C — secondaire,0.0,0.0,Very robust
Bukeye — Nyabihanga,7,653.3697921526615,759.4456772082834,64.82333423966699,64.82333423966699,64.82333423966699,C — secondaire,0.0,0.0,Very robust
Bukeye — Nyabikere,7,812.3890303033769,944.5705235585903,89.83392410915823,89.83392410915823,89.83392410915823,A — stratégique,1.0,100.0,Very robust
Bukeye — Nyagasasa,7,501.57303117867576,586.4959639337181,68.51771777205875,68.51771777205875,68.51771777205875,C — secondaire,0.0,0.0,Very robust
Bukeye — Rubaho,7,452.1256014128227,546.3968266054954,55.21898935867537,55.21898935867538,55.21898935867537,C — secondaire,0.0,0.0,Very robust
Bukeye — Rugombo,7,575.8679976938663,684.9878032973713,67.74409493529734,67.74409493529734,67.74409493529734,C — secondaire,0.0,0.0,Very robust
Bukeye — Ruhehe,7,301.07126142907043,374.4134623267444,58.781608499428465,58.781608499428465,58.781608499428465,C — secondaire,0.0,0.0,Very robust
Bukeye — Rumonge,7,580.0406818188866,691.5210193509513,71.65635697530102,71.65635697530102,71.65635697530102,B — prioritaire,0.0,0.0,Very robust
Bukeye — Rusaka,7,531.9133970372204,616.7119478730945,68.88588924119433,68.88588924119433,68.88588924119433,C — secondaire,0.0,0.0,Very robust
Bukeye — Rutana,7,425.5588034749153,513.8907712035351,59.32508773282212,59.32508773282212,59.32508773282212,C — secondaire,0.0,0.0,Very robust
Bukeye — Ruyigi,7,1474.9260652693436,1708.7150502582901,69.04438680745092,69.04438680745092,69.04438680745092,C — secondaire,0.0,0.0,Very robust
Bukeye — Rwibaga,7,840.5793216921695,971.6668895823581,73.27562111865703,73.27562111865703,73.27562111865703,B — prioritaire,0.0,0.0,Very robust
Bukeye — Twinkwavu,7,395.271581830748,489.2086293560345,62.604584661562726,62.604584661562726,62.604584661562726,C — secondaire,0.0,0.0,Very robust
Bukeye — Wimpfizi,7,657.6849773776491,767.856644590421,60.56724313124241,60.5672431312424,60.56724313124241,C — secondaire,0.0,0.0,Very robust
Bukirasazi — Burambi,7,1178.475477330603,1371.2714445702586,89.38985698964655,89.38985698964655,89.38985698964655,A — stratégique,1.0,66.66666666666667,Very robust
Bukirasazi — Bururi,7,898.8547824534432,1040.5585027657612,98.1928847537244,98.19288475372439,98.1928847537244,A — stratégique,3.0,100.0,Very robust
Bukirasazi — Busoni,7,118.77870945973714,173.943596911316,57.43253921001767,57.43253921001767,57.43253921001767,C — secondaire,0.0,0.0,Very robust
Bukirasazi — Buyengero,7,253.91974804775765,308.4231780204677,79.95286010951773,79.95286010951773,79.95286010951773,B — prioritaire,1.0,50.0,Very robust
Bukirasazi — Cankuzo,7,1189.806285796241,1382.2737550555316,68.8443874502185,68.8443874502185,68.8443874502185,C — secondaire,0.0,0.0,Very robust
Bukirasazi — Chez Siyoni,7,1253.0314484683747,1456.7176644864462,72.77510180260299,72.77510180260299,72.77510180260299,B — prioritaire,0.0,0.0,Very robust
Bukirasazi — Cibitoke,7,1004.43873388111,1187.228311091904,63.4645111960047,63.4645111960047,63.4645111960047,C — secondaire,0.0,0.0,Very robust
Bukirasazi — Gasenyi,7,1188.6927851555772,1395.345552209533,63.81998636227069,63.81998636227069,63.81998636227069,C — secondaire,0.0,0.0,Very robust
Bukirasazi — Gasorwe,7,648.9523311560838,769.5361735113376,60.758790698210326,60.758790698210326,60.758790698210326,C — secondaire,0.0,0.0,Very robust
Bukirasazi — Gatabo,7,729.6540719645524,851.1754965562367,52.55929466070007,52.55929466070007,52.55929466070007,C — secondaire,0.0,0.0,Very robust
Bukirasazi — Gihamagara,7,1326.731899740199,1519.3886873172282,74.34193524602142,74.34193524602142,74.34193524602142,B — prioritaire,0.0,0.0,Very robust
Bukirasazi — Giharo,7,521.0710118916627,606.490254239284,97.74045788736095,97.74045788736096,97.74045788736095,A — stratégique,1.0,100.0,Very robust
Bukirasazi — Gihogazi,7,131.64757804334218,169.26089373286086,62.733382379385766,62.733382379385766,62.733382379385766,C — secondaire,0.0,0.0,Very robust
Bukirasazi — Gisuru,7,701.1548438951348,820.2356865264863,68.50299262933886,68.50299262933886,68.50299262933886,C — secondaire,0.0,0.0,Very robust
Bukirasazi — Gitaza,7,457.7765584140862,548.063866748894,67.63125850698302,67.63125850698302,67.63125850698302,C — secondaire,0.0,0.0,Very robust
Bukirasazi — Gitega,7,1059.9777980778751,1214.5489503190893,99.08331807764344,99.08331807764344,99.08331807764344,A — stratégique,1.0,100.0,Very robust
Bukirasazi — Gitega Centre,7,62.79245797809908,80.02806713347105,43.94560840020202,43.945608400202026,43.94560840020202,D — surveillance,0.0,0.0,Very robust
Bukirasazi — Giteranyi,7,203.4144195140903,271.8639609346101,58.81887349357467,58.81887349357468,58.81887349357467,C — secondaire,0.0,0.0,Very robust
Bukirasazi — Gitobe,7,594.8771526115304,713.7507014049414,59.247857932054096,59.247857932054096,59.247857932054096,C — secondaire,0.0,0.0,Very robust
Bukirasazi — Jene,7,681.7265149251332,810.2204965869618,56.118326712590076,56.118326712590076,56.118326712590076,C — secondaire,0.0,0.0,Very robust
Bukirasazi — Kamenge,7,958.1784079881392,1119.8017939949168,72.47207460652433,72.47207460652433,72.47207460652433,B — prioritaire,0.0,0.0,Very robust
Bukirasazi — Kanyosha,7,1205.569231452988,1402.0441254798518,72.76192824871819,72.76192824871819,72.76192824871819,B — prioritaire,0.0,0.0,Very robust
Bukirasazi — Kayanza,7,442.7130291746553,533.920400789138,59.338063712307225,59.338063712307225,59.338063712307225,C — secondaire,0.0,0.0,Very robust
Bukirasazi — Kayero,7,459.0778622701877,531.4067586872233,72.88521616104762,72.88521616104762,72.88521616104762,B — prioritaire,0.0,0.0,Very robust
Bukirasazi — Kayogoro,7,204.78322406353251,247.90320345579968,71.53472189724978,71.53472189724978,71.53472189724978,B — prioritaire,0.0,0.0,Very robust
Bukirasazi — Kayongozi,7,555.5420578376779,652.8540182161477,68.31235472975285,68.31235472975285,68.31235472975285,C — secondaire,0.0,0.0,Very robust
Bukirasazi — Kigamba,7,1284.2950111405084,1494.6340310602177,52.52530234985324,52.52530234985324,52.52530234985324,C — secondaire,0.0,0.0,Very robust
Bukirasazi — Kinama,7,524.795378911634,622.263070104986,63.91559234833529,63.91559234833529,63.91559234833529,C — secondaire,0.0,0.0,Very robust
Bukirasazi — Kinyinya,7,819.7172143767974,950.0217770186275,69.0706870224353,69.0706870224353,69.0706870224353,C — secondaire,0.0,0.0,Very robust
Bukirasazi — Kirehe,7,832.2937003328574,978.9514795712246,64.05784048355449,64.05784048355449,64.05784048355449,C — secondaire,0.0,0.0,Very robust
Bukirasazi — Kirundo,7,391.4337031914734,483.08389622491717,58.68666440867295,58.68666440867295,58.68666440867295,C — secondaire,0.0,0.0,Very robust
Bukirasazi — Kivyuka,7,547.2248242530507,659.6517375370219,59.13469327469382,59.13469327469382,59.13469327469382,C — secondaire,0.0,0.0,Very robust
Bukirasazi — Kobero,7,585.8252293062426,704.859134274104,55.10717557840751,55.10717557840751,55.10717557840751,C — secondaire,0.0,0.0,Very robust
Bukirasazi — Mabanda,7,183.4602983346994,230.84442042915674,70.95823592208946,70.95823592208946,70.95823592208946,B — prioritaire,0.0,0.0,Very robust
Bukirasazi — Mabayi,7,1002.1421357686904,1191.8584447580101,71.00858911487488,71.00858911487488,71.00858911487488,B — prioritaire,0.0,0.0,Very robust
Bukirasazi — Makamba,7,216.0760348181992,264.31706035065673,55.26598988393225,55.26598988393225,55.26598988393225,C — secondaire,0.0,0.0,Very robust
Bukirasazi — Marangara,7,274.82477557954826,346.87003667694927,58.528853537108745,58.52885353710875,58.528853537108745,C — secondaire,0.0,0.0,Very robust
Bukirasazi — Masanganzira,7,749.5116228207233,885.0994683517384,67.91602643362103,67.91602643362103,67.91602643362103,C — secondaire,0.0,0.0,Very robust
Bukirasazi — Matana,7,672.1304531832255,778.1482933642395,98.09275985400608,98.09275985400608,98.09275985400608,A — stratégique,3.0,100.0,Very robust
Bukirasazi — Mihigo,7,821.5826826693009,966.895671143986,55.9808264321259,55.9808264321259,55.9808264321259,C — secondaire,0.0,0.0,Very robust
Bukirasazi — Mishiha,7,377.5730022974009,462.87430927031465,54.91827288495343,54.91827288495343,54.91827288495343,C — secondaire,0.0,0.0,Very robust
Bukirasazi — Muhanga,7,415.67216473540793,496.6191717437463,59.70252624798254,59.70252624798254,59.70252624798254,C — secondaire,0.0,0.0,Very robust
Bukirasazi — Mukenke,7,841.5177927165798,998.9159011007565,64.87168604390187,64.87168604390187,64.87168604390187,C — secondaire,0.0,0.0,Very robust
Bukirasazi — Muramvya,7,878.0699048276084,1023.7300534975465,60.61282809305129,60.61282809305129,60.61282809305129,C — secondaire,0.0,0.0,Very robust
Bukirasazi — Musenyi,7,970.9380115269752,1139.4131800829894,68.11318092982975,68.11318092982975,68.11318092982975,C — secondaire,0.0,0.0,Very robust
Bukirasazi — Mutaho,7,867.4897807075263,1009.1017805889397,68.82463873879126,68.82463873879126,68.82463873879126,C — secondaire,0.0,0.0,Very robust
Bukirasazi — Muyange,7,774.5651348854947,909.4862760937833,68.24456782623014,68.24456782623014,68.24456782623014,C — secondaire,0.0,0.0,Very robust
Bukirasazi — Muyinga,7,489.9441702585018,589.7051181107864,63.34785317360922,63.34785317360922,63.34785317360922,C — secondaire,0.0,0.0,Very robust
Bukirasazi — Muzinda,7,601.4122019447915,714.5256385477678,63.74240442175474,63.74240442175475,63.74240442175474,C — secondaire,0.0,0.0,Very robust
Bukirasazi — Mwakiro,7,415.3744335931736,497.57867182564587,59.61427649246004,59.61427649246004,59.61427649246004,C — secondaire,0.0,0.0,Very robust
Bukirasazi — Mwaro,7,656.4284253582063,761.3170591535171,85.77317737075269,85.77317737075269,85.77317737075269,A — stratégique,1.0,83.33333333333333,Very robust
Bukirasazi — Ngozi,7,493.90311425588135,589.8979943953776,52.35668910307276,52.35668910307276,52.35668910307276,C — secondaire,0.0,0.0,Very robust
Bukirasazi — Nyabihanga,7,475.7774129010561,553.4426966718812,63.44469240570218,63.44469240570218,63.44469240570218,C — secondaire,0.0,0.0,Very robust
Bukirasazi — Nyabikere,7,484.9859383637149,570.0345115844492,64.2865069699827,64.2865069699827,64.2865069699827,C — secondaire,0.0,0.0,Very robust
Bukirasazi — Nyagasasa,7,874.982962428554,1013.8612498979517,65.07216958499879,65.07216958499879,65.07216958499879,C — secondaire,0.0,0.0,Very robust
Bukirasazi — Rubaho,7,714.8056009140251,827.0026152488681,73.15640634689551,73.15640634689551,73.15640634689551,B — prioritaire,0.0,0.0,Very robust
Bukirasazi — Rugombo,7,1195.3141752470956,1407.8106788201837,63.485120922724846,63.485120922724846,63.485120922724846,C — secondaire,0.0,0.0,Very robust
Bukirasazi — Ruhehe,7,575.6856724259223,698.4114693253953,46.68735028294131,46.6873502829413,46.68735028294131,D — surveillance,0.0,0.0,Very robust
Bukirasazi — Rumonge,7,612.466701291341,720.6674274105746,93.08958772127198,93.08958772127198,93.08958772127198,A — stratégique,3.0,83.33333333333333,Very robust
Bukirasazi — Rusaka,7,697.7139955869616,812.4039412515549,76.95701011465599,76.95701011465599,76.95701011465599,B — prioritaire,1.0,16.666666666666668,Very robust
Bukirasazi — Rutana,7,1338.3093793812116,1537.1114968776621,74.03878953219231,74.0387895321923,74.03878953219231,B — prioritaire,0.0,0.0,Very robust
Bukirasazi — Ruyigi,7,695.1657380269291,805.5626508686839,69.03099738840903,69.03099738840903,69.03099738840903,C — secondaire,0.0,0.0,Very robust
Bukirasazi — Rwibaga,7,690.3323654738475,805.8195526316491,72.65135860651654,72.65135860651654,72.65135860651654,B — prioritaire,0.0,0.0,Very robust
Bukirasazi — Twinkwavu,7,976.8919392424372,1141.3226251039018,68.45925341103514,68.45925341103514,68.45925341103514,C — secondaire,0.0,0.0,Very robust
Bukirasazi — Wimpfizi,7,296.1707523251122,345.2642915679052,64.34235466405036,64.34235466405036,64.34235466405036,C — secondaire,0.0,0.0,Very robust
Burambi — Bururi,7,583.382299507822,682.1562097890667,64.51283246031355,64.51283246031355,64.51283246031355,C — secondaire,0.0,0.0,Very robust
Burambi — Busoni,7,633.8836662838928,775.6416401216684,62.15320430500495,62.153204305004955,62.15320430500495,C — secondaire,0.0,0.0,Very robust
Burambi — Buyengero,7,1138.1189026361017,1308.6592188440434,65.78071095985598,65.78071095985598,65.78071095985598,C — secondaire,0.0,0.0,Very robust
Burambi — Cankuzo,7,371.5516507818919,469.99760862081087,66.03665362280805,66.03665362280805,66.03665362280805,C — secondaire,0.0,0.0,Very robust
Burambi — Chez Siyoni,7,428.3752637285557,505.3489253122381,68.174727268331,68.174727268331,68.174727268331,C — secondaire,0.0,0.0,Very robust
Burambi — Cibitoke,7,35.24027526750491,70.11637140035934,61.13060938415825,61.130609384158255,61.13060938415825,C — secondaire,0.0,0.0,Very robust
Burambi — Gasenyi,7,258.774326541972,323.12504108941664,62.849126524601544,62.849126524601544,62.849126524601544,C — secondaire,0.0,0.0,Very robust
Burambi — Gasorwe,7,339.627220035831,430.49807944392757,62.12582266872498,62.12582266872498,62.12582266872498,C — secondaire,0.0,0.0,Very robust
Burambi — Gatabo,7,604.7148085959506,714.486052826836,68.03417841516502,68.03417841516502,68.03417841516502,C — secondaire,0.0,0.0,Very robust
Burambi — Gihamagara,7,551.0105098036622,656.4099030587124,71.73312239092624,71.73312239092624,71.73312239092624,B — prioritaire,0.0,0.0,Very robust
Burambi — Giharo,7,699.0228765982752,833.5936256849751,71.43917834890749,71.43917834890749,71.43917834890749,B — prioritaire,0.0,0.0,Very robust
Burambi — Gihogazi,7,1248.7086453885968,1458.9950048808273,72.26846703662713,72.26846703662713,72.26846703662713,B — prioritaire,0.0,0.0,Very robust
Burambi — Gisuru,7,747.9239559917341,897.7874602821719,58.8646239056659,58.8646239056659,58.8646239056659,C — secondaire,0.0,0.0,Very robust
Burambi — Gitaza,7,787.8994322901374,909.3540812672018,69.32281584134645,69.32281584134645,69.32281584134645,C — secondaire,0.0,0.0,Very robust
Burambi — Gitega,7,251.3037116990066,314.4513541567171,70.878791714996,70.878791714996,70.878791714996,B — prioritaire,0.0,0.0,Very robust
Burambi — Gitega Centre,7,463.7086714647309,553.9931300563131,61.10255178622133,61.10255178622133,61.10255178622133,C — secondaire,0.0,0.0,Very robust
Burambi — Giteranyi,7,611.7802902248062,753.1895000963456,49.84905795996818,49.849057959968185,49.84905795996818,D — surveillance,0.0,0.0,Very robust
Burambi — Gitobe,7,519.6717094356864,640.808287472437,58.218845872493944,58.218845872493944,58.218845872493944,C — secondaire,0.0,0.0,Very robust
Burambi — Jene,7,433.7405420456116,532.8364260195478,62.7220010428709,62.7220010428709,62.7220010428709,C — secondaire,0.0,0.0,Very robust
Burambi — Kamenge,7,413.1880889419507,488.43066954655023,68.10587227245745,68.10587227245745,68.10587227245745,C — secondaire,0.0,0.0,Very robust
Burambi — Kanyosha,7,268.5073060464473,320.8783865913347,67.7869317414329,67.7869317414329,67.7869317414329,C — secondaire,0.0,0.0,Very robust
Burambi — Kayanza,7,714.7576881842595,851.6890886503969,59.38034950431652,59.38034950431652,59.38034950431652,C — secondaire,0.0,0.0,Very robust
Burambi — Kayero,7,710.8457269768003,842.8712729900573,67.72343696905637,67.72343696905637,67.72343696905637,C — secondaire,0.0,0.0,Very robust
Burambi — Kayogoro,7,1208.0270249663793,1408.4624846998765,68.48793719662191,68.48793719662191,68.48793719662191,C — secondaire,0.0,0.0,Very robust
Burambi — Kayongozi,7,686.1018478951108,822.7895005264763,67.12180154358666,67.12180154358666,67.12180154358666,C — secondaire,0.0,0.0,Very robust
Burambi — Kigamba,7,426.6207033062429,536.7118294169611,65.91794115538544,65.91794115538544,65.91794115538544,C — secondaire,0.0,0.0,Very robust
Burambi — Kinama,7,805.8535778310189,942.5005516418654,68.47749579942783,68.47749579942783,68.47749579942783,C — secondaire,0.0,0.0,Very robust
Burambi — Kinyinya,7,585.2927264733962,706.2094364885983,58.99726659814396,58.99726659814396,58.99726659814396,C — secondaire,0.0,0.0,Very robust
Burambi — Kirehe,7,196.29396320473117,268.08893308774196,65.54947537405121,65.54947537405121,65.54947537405121,C — secondaire,0.0,0.0,Very robust
Burambi — Kirundo,7,750.4506600156292,906.395653720984,62.498881740542814,62.498881740542814,62.498881740542814,C — secondaire,0.0,0.0,Very robust
Burambi — Kivyuka,7,842.9284228181791,990.8774420649337,72.1375362390571,72.1375362390571,72.1375362390571,B — prioritaire,0.0,0.0,Very robust
Burambi — Kobero,7,257.815898492426,344.61301478246827,57.335482937330426,57.335482937330426,57.335482937330426,C — secondaire,0.0,0.0,Very robust
Burambi — Mabanda,7,1057.5044264507558,1234.0164861296892,65.93589848459996,65.93589848459996,65.93589848459996,C — secondaire,0.0,0.0,Very robust
Burambi — Mabayi,7,388.778877155085,481.41530506646507,70.66290653642494,70.66290653642494,70.66290653642494,B — prioritaire,0.0,0.0,Very robust
Burambi — Makamba,7,1191.8660628577736,1386.8868326533316,72.71411006055489,72.71411006055489,72.71411006055489,B — prioritaire,0.0,0.0,Very robust
Burambi — Marangara,7,657.2668563588288,796.402885296641,66.62520939681488,66.62520939681488,66.62520939681488,C — secondaire,0.0,0.0,Very robust
Burambi — Masanganzira,7,254.0933796448792,331.91385441923404,65.92853064507402,65.92853064507402,65.92853064507402,C — secondaire,0.0,0.0,Very robust
Burambi — Matana,7,852.8344029947559,991.418837569181,68.87011466931716,68.87011466931716,68.87011466931716,C — secondaire,0.0,0.0,Very robust
Burambi — Mihigo,7,577.0130070596457,697.8809253112768,70.97973282042219,70.97973282042219,70.97973282042219,B — prioritaire,0.0,0.0,Very robust
Burambi — Mishiha,7,573.3199672830523,709.4571342641653,65.8676957426512,65.8676957426512,65.8676957426512,C — secondaire,0.0,0.0,Very robust
Burambi — Muhanga,7,885.5031975891796,1044.7873649032992,65.23115784536301,65.23115784536301,65.23115784536301,C — secondaire,0.0,0.0,Very robust
Burambi — Mukenke,7,273.33981055355883,362.97015023723947,61.37281850675134,61.37281850675134,61.37281850675134,C — secondaire,0.0,0.0,Very robust
Burambi — Muramvya,7,455.0729143193578,542.8848547082963,71.79119622202106,71.79119622202106,71.79119622202106,B — prioritaire,0.0,0.0,Very robust
Burambi — Musenyi,7,361.3408287515807,434.35873603639163,67.61452457591412,67.61452457591412,67.61452457591412,C — secondaire,0.0,0.0,Very robust
Burambi — Mutaho,7,549.5174748959358,657.4428683839724,71.54345055341852,71.54345055341852,71.54345055341852,B — prioritaire,0.0,0.0,Very robust
Burambi — Muyange,7,534.0177708895394,632.6858066669455,71.99245198150248,71.99245198150248,71.99245198150248,B — prioritaire,0.0,0.0,Very robust
Burambi — Muyinga,7,432.7172167375861,539.0525434589655,54.170125975639074,54.170125975639074,54.170125975639074,C — secondaire,0.0,0.0,Very robust
Burambi — Muzinda,7,754.690219169397,881.3285659297416,68.5907939011594,68.5907939011594,68.5907939011594,C — secondaire,0.0,0.0,Very robust
Burambi — Mwakiro,7,715.2418949405147,856.2786381173634,67.15335240506701,67.15335240506701,67.15335240506701,C — secondaire,0.0,0.0,Very robust
Burambi — Mwaro,7,624.2713312441919,730.1603311046537,72.55081237717467,72.55081237717467,72.55081237717467,B — prioritaire,0.0,0.0,Very robust
Burambi — Ngozi,7,615.4433055380736,740.2858663734602,71.15147906451564,71.15147906451564,71.15147906451564,B — prioritaire,0.0,0.0,Very robust
Burambi — Nyabihanga,7,935.1806614414636,1088.9608749034844,72.76072949732892,72.76072949732892,72.76072949732892,B — prioritaire,0.0,0.0,Very robust
Burambi — Nyabikere,7,780.296599711056,923.5267064475954,67.73628223164994,67.73628223164994,67.73628223164994,C — secondaire,0.0,0.0,Very robust
Burambi — Nyagasasa,7,644.7663498721696,750.1721533737867,68.79523261476221,68.79523261476221,68.79523261476221,C — secondaire,0.0,0.0,Very robust
Burambi — Rubaho,7,523.0198656206375,631.5487295517016,67.16697278511936,67.16697278511936,67.16697278511936,C — secondaire,0.0,0.0,Very robust
Burambi — Rugombo,7,198.4501166334898,259.08091055720996,62.27429586415546,62.27429586415546,62.27429586415546,C — secondaire,0.0,0.0,Very robust
Burambi — Ruhehe,7,369.36982925007794,475.6285982500334,65.48457628921443,65.48457628921443,65.48457628921443,C — secondaire,0.0,0.0,Very robust
Burambi — Rumonge,7,533.8204063895456,618.7116293098052,72.92712358236594,72.92712358236594,72.92712358236594,B — prioritaire,0.0,0.0,Very robust
Burambi — Rusaka,7,658.6315434053217,770.2005660308522,72.55732215719468,72.55732215719468,72.55732215719468,B — prioritaire,0.0,0.0,Very robust
Burambi — Rutana,7,492.6545525410007,590.1263342318574,67.56038483933013,67.56038483933013,67.56038483933013,C — secondaire,0.0,0.0,Very robust
Burambi — Ruyigi,7,1261.9540697184766,1476.3633295936327,64.074752217525,64.074752217525,64.074752217525,C — secondaire,0.0,0.0,Very robust
Burambi — Rwibaga,7,737.2741897566863,859.5385998957227,60.64462686281543,60.64462686281543,60.64462686281543,C — secondaire,0.0,0.0,Very robust
Burambi — Twinkwavu,7,215.6387862798813,294.95885154852033,61.29719540222402,61.29719540222402,61.29719540222402,C — secondaire,0.0,0.0,Very robust
Burambi — Wimpfizi,7,971.6496067409404,1129.4887928889746,72.88318472006958,72.88318472006958,72.88318472006958,B — prioritaire,0.0,0.0,Very robust
Bururi — Busoni,7,296.7789664694172,387.97327620117886,57.542143567455426,57.542143567455426,57.542143567455426,C — secondaire,0.0,0.0,Very robust
Bururi — Buyengero,7,943.6851801857084,1086.5569220795892,73.61021831006417,73.61021831006417,73.61021831006417,B — prioritaire,0.0,0.0,Very robust
Bururi — Cankuzo,7,346.40941298634925,431.4416181370069,58.57558932066689,58.57558932066689,58.57558932066689,C — secondaire,0.0,0.0,Very robust
Bururi — Chez Siyoni,7,290.0914405486538,356.62631423513733,59.09020787106256,59.09020787106256,59.09020787106256,C — secondaire,0.0,0.0,Very robust
Bururi — Cibitoke,7,399.2764520876029,495.47376032325843,50.426100914461884,50.426100914461884,50.426100914461884,C — secondaire,0.0,0.0,Very robust
Bururi — Gasenyi,7,657.1353033620701,787.7107728694588,63.18644032391524,63.18644032391524,63.18644032391524,C — secondaire,0.0,0.0,Very robust
Bururi — Gasorwe,7,239.53798641457053,312.7039884633875,57.992375225797424,57.992375225797424,57.992375225797424,C — secondaire,0.0,0.0,Very robust
Bururi — Gatabo,7,330.9520552059432,400.59551537397573,71.48247175619716,71.48247175619716,71.48247175619716,B — prioritaire,0.0,0.0,Very robust
Bururi — Gihamagara,7,1071.8406269303075,1241.1343789701318,73.19160272506822,73.19160272506822,73.19160272506822,B — prioritaire,0.0,0.0,Very robust
Bururi — Giharo,7,488.308141669597,579.2115690012558,67.95433515195006,67.95433515195006,67.95433515195006,C — secondaire,0.0,0.0,Very robust
Bururi — Gihogazi,7,911.6039455741208,1071.3266409603373,72.08789736873655,72.08789736873655,72.08789736873655,B — prioritaire,0.0,0.0,Very robust
Bururi — Gisuru,7,396.4747710852431,485.0798924651041,58.95304663743369,58.953046637433694,58.95304663743369,C — secondaire,0.0,0.0,Very robust
Bururi — Gitaza,7,420.07320911023527,498.29729876152936,67.98943098192382,67.98943098192382,67.98943098192382,C — secondaire,0.0,0.0,Very robust
Bururi — Gitega,7,773.0289252679835,899.6573848291358,72.82362330120768,72.82362330120768,72.82362330120768,B — prioritaire,0.0,0.0,Very robust
Bururi — Gitega Centre,7,460.74017256816353,545.7106291006414,61.42639444304905,61.42639444304905,61.42639444304905,C — secondaire,0.0,0.0,Very robust
Bururi — Giteranyi,7,322.3862954702668,418.9017426301142,53.48386066622615,53.48386066622614,53.48386066622615,C — secondaire,0.0,0.0,Very robust
Bururi — Gitobe,7,428.5590096212105,534.2736378376616,62.21224242905449,62.21224242905449,62.21224242905449,C — secondaire,0.0,0.0,Very robust
Bururi — Jene,7,361.2614761302701,450.4605611986873,62.505793772620926,62.505793772620926,62.505793772620926,C — secondaire,0.0,0.0,Very robust
Bururi — Kamenge,7,132.61306728658164,177.08954569424947,54.27936522015958,54.27936522015958,54.27936522015958,C — secondaire,0.0,0.0,Very robust
Bururi — Kanyosha,7,295.7322828665452,361.3086897999479,59.36810956699897,59.36810956699897,59.36810956699897,C — secondaire,1.0,16.666666666666668,Very robust
Bururi — Kayanza,7,241.251754588812,310.01072339520516,62.328350233139766,62.328350233139766,62.328350233139766,C — secondaire,0.0,0.0,Very robust
Bururi — Kayero,7,401.8557920481221,476.1747020206238,72.05395989714759,72.05395989714759,72.05395989714759,B — prioritaire,0.0,0.0,Very robust
Bururi — Kayogoro,7,936.292525600956,1082.5221735432667,73.29577338911275,73.29577338911274,73.29577338911275,B — prioritaire,0.0,0.0,Very robust
Bururi — Kayongozi,7,355.5899850277864,437.38736701190845,66.95608697077608,66.95608697077608,66.95608697077608,C — secondaire,0.0,0.0,Very robust
Bururi — Kigamba,7,1011.4789383306164,1195.8942369988358,67.45409825369725,67.45409825369725,67.45409825369725,C — secondaire,0.0,0.0,Very robust
Bururi — Kinama,7,407.80926032508734,490.39811528218036,71.57113336169877,71.57113336169877,71.57113336169877,B — prioritaire,0.0,0.0,Very robust
Bururi — Kinyinya,7,179.7912388457757,231.63333864818932,58.547609309465564,58.547609309465564,58.547609309465564,C — secondaire,0.0,0.0,Very robust
Bururi — Kirehe,7,432.4343762890341,533.0393184095861,62.604288849783075,62.604288849783075,62.604288849783075,C — secondaire,0.0,0.0,Very robust
Bururi — Kirundo,7,274.8339602011536,360.42786122906585,53.6092110168488,53.6092110168488,53.6092110168488,C — secondaire,0.0,0.0,Very robust
Bururi — Kivyuka,7,214.81739963827712,282.3523167021186,49.97794320500799,49.97794320500799,49.97794320500799,D — surveillance,0.0,0.0,Very robust
Bururi — Kobero,7,113.34830526241925,175.95543025532263,56.889510670472035,56.889510670472035,56.889510670472035,C — secondaire,0.0,0.0,Very robust
Bururi — Mabanda,7,645.6730518306146,751.5053879274063,64.75146110538202,64.75146110538202,64.75146110538202,C — secondaire,0.0,0.0,Very robust
Bururi — Mabayi,7,307.2758539751832,397.58503684650714,57.73352149722755,57.73352149722755,57.73352149722755,C — secondaire,0.0,0.0,Very robust
Bururi — Makamba,7,985.9299619678176,1136.1446914147787,69.54433044825645,69.54433044825645,69.54433044825645,C — secondaire,0.0,0.0,Very robust
Bururi — Marangara,7,341.2235081031609,433.0694897584975,62.08042786024536,62.08042786024536,62.08042786024536,C — secondaire,0.0,0.0,Very robust
Bururi — Masanganzira,7,500.7582798304037,611.4107476416017,66.76061863494078,66.76061863494078,66.76061863494078,C — secondaire,0.0,0.0,Very robust
Bururi — Matana,7,400.92913919489473,464.10698994066905,72.78960267011612,72.78960267011612,72.78960267011612,B — prioritaire,0.0,0.0,Very robust
Bururi — Mihigo,7,544.2269985610637,658.3624479547416,67.03316695613448,67.03316695613448,67.03316695613448,C — secondaire,0.0,0.0,Very robust
Bururi — Mishiha,7,284.9889294875095,370.11394378036135,65.84527879312716,65.84527879312716,65.84527879312716,C — secondaire,0.0,0.0,Very robust
Bururi — Muhanga,7,455.67673822240056,551.4161280953145,67.23719177451896,67.23719177451896,67.23719177451896,C — secondaire,0.0,0.0,Very robust
Bururi — Mukenke,7,401.1615107390834,506.6462434596072,53.84777055783444,53.84777055783444,53.84777055783444,C — secondaire,0.0,0.0,Very robust
Bururi — Muramvya,7,530.7264447425066,630.0245617467884,63.860871877269524,63.860871877269524,63.860871877269524,C — secondaire,0.0,0.0,Very robust
Bururi — Musenyi,7,178.15460557167913,234.31909638786263,50.19938491647012,50.19938491647012,50.19938491647012,C — secondaire,0.0,0.0,Very robust
Bururi — Mutaho,7,681.9749266402684,806.6818157029722,71.92292816175828,71.92292816175828,71.92292816175828,B — prioritaire,0.0,0.0,Very robust
Bururi — Muyange,7,247.1538899059421,299.1483879596895,59.47499484186931,59.47499484186931,59.47499484186931,C — secondaire,0.0,0.0,Very robust
Bururi — Muyinga,7,79.1200462146783,131.26175694914772,61.0022365382359,61.0022365382359,61.0022365382359,C — secondaire,0.0,0.0,Very robust
Bururi — Muzinda,7,199.74079598949484,256.41669770978336,54.49640598232831,54.49640598232831,54.49640598232831,C — secondaire,0.0,0.0,Very robust
Bururi — Mwakiro,7,395.30230954935007,485.7090249497214,66.8675396075572,66.8675396075572,66.8675396075572,C — secondaire,0.0,0.0,Very robust
Bururi — Mwaro,7,234.95278298852435,283.083849852225,71.63416457889576,71.63416457889576,71.63416457889576,B — prioritaire,0.0,0.0,Very robust
Bururi — Ngozi,7,276.59675728240575,350.89167083531675,70.47851108458502,70.47851108458502,70.47851108458502,B — prioritaire,0.0,0.0,Very robust
Bururi — Nyabihanga,7,582.3944834189061,682.6633334652454,72.4492952886892,72.4492952886892,72.4492952886892,B — prioritaire,0.0,0.0,Very robust
Bururi — Nyabikere,7,505.5538143198912,604.6105789942391,71.630489260123,71.630489260123,71.630489260123,B — prioritaire,0.0,0.0,Very robust
Bururi — Nyagasasa,7,429.3883532958308,503.86621598392765,72.38009819917337,72.38009819917337,72.38009819917337,B — prioritaire,0.0,0.0,Very robust
Bururi — Rubaho,7,346.130729167427,415.82449992889735,71.67071730497906,71.67071730497906,71.67071730497906,B — prioritaire,0.0,0.0,Very robust
Bururi — Rugombo,7,524.5438949781204,641.0755581334803,67.34804008787046,67.34804008787046,67.34804008787046,C — secondaire,1.0,83.33333333333333,Very robust
Bururi — Ruhehe,7,439.5691294356026,553.4505200438298,61.79109848557436,61.79109848557436,61.79109848557436,C — secondaire,0.0,0.0,Very robust
Bururi — Rumonge,7,279.51555819018745,326.9065989386519,64.23384193034896,64.23384193034896,64.23384193034896,C — secondaire,0.0,0.0,Very robust
Bururi — Rusaka,7,293.54427382847086,353.63650164077336,63.584720591119925,63.584720591119925,63.584720591119925,C — secondaire,0.0,0.0,Very robust
Bururi — Rutana,7,1044.592580702607,1206.6864385868316,69.36713872497222,69.36713872497222,69.36713872497222,C — secondaire,0.0,0.0,Very robust
Bururi — Ruyigi,7,742.0936652170375,872.244571093016,68.20651413811458,68.20651413811458,68.20651413811458,C — secondaire,0.0,0.0,Very robust
Bururi — Rwibaga,7,270.92019246582186,327.44833848535205,63.52205692535393,63.52205692535393,63.52205692535393,C — secondaire,0.0,0.0,Very robust
Bururi — Twinkwavu,7,105.86306643254576,158.91105961394848,49.30985193078444,49.30985193078444,49.30985193078444,D — surveillance,0.0,0.0,Very robust
Bururi — Wimpfizi,7,664.4189616301717,771.419782698645,72.93689097739265,72.93689097739265,72.93689097739265,B — prioritaire,0.0,0.0,Very robust
Busoni — Buyengero,7,251.97690531947927,334.08136542263406,65.61903652740361,65.61903652740361,65.61903652740361,C — secondaire,0.0,0.0,Very robust
Busoni — Cankuzo,7,815.0813238046784,956.9675924877192,64.19452095690431,64.19452095690431,64.19452095690431,C — secondaire,0.0,0.0,Very robust
Busoni — Chez Siyoni,7,785.119652320255,937.0627789943949,71.21448035898828,71.21448035898828,71.21448035898828,B — prioritaire,0.0,0.0,Very robust
Busoni — Cibitoke,7,668.1424878922256,807.9129862395254,62.68057547377795,62.68057547377795,62.68057547377795,C — secondaire,0.0,0.0,Very robust
Busoni — Gasenyi,7,1047.820807357892,1239.372247915287,68.95198435026435,68.95198435026435,68.95198435026435,C — secondaire,1.0,16.666666666666668,Very robust
Busoni — Gasorwe,7,442.08751531614666,516.8559842783486,80.98991019015457,80.98991019015457,80.98991019015457,B — prioritaire,1.0,50.0,Very robust
Busoni — Gatabo,7,435.1116317556023,526.1742024666867,59.25625785527634,59.25625785527634,59.25625785527634,C — secondaire,0.0,0.0,Very robust
Busoni — Gihamagara,7,942.417944801623,1113.154184629267,55.56643445874889,55.566434458748894,55.56643445874889,C — secondaire,0.0,0.0,Very robust
Busoni — Giharo,7,47.88288326648319,99.57626025706416,48.404666631631706,48.404666631631706,48.404666631631706,D — surveillance,0.0,0.0,Very robust
Busoni — Gihogazi,7,360.5439571444133,432.5255039190341,63.64879483031811,63.6487948303181,63.64879483031811,C — secondaire,0.0,0.0,Very robust
Busoni — Gisuru,7,407.4203696432477,498.56001318043946,68.86578884542602,68.86578884542602,68.86578884542602,C — secondaire,0.0,0.0,Very robust
Busoni — Gitaza,7,42.66108375867336,95.41830875371708,56.29826048759259,56.29826048759259,56.29826048759259,C — secondaire,0.0,0.0,Very robust
Busoni — Gitega,7,604.400541512278,727.8648695052622,50.993658961225165,50.993658961225165,50.993658961225165,C — secondaire,0.0,0.0,Very robust
Busoni — Gitega Centre,7,37.90689977244924,73.42568161676391,42.48103241046813,42.48103241046813,42.48103241046813,D — surveillance,0.0,0.0,Very robust
Busoni — Giteranyi,7,120.48483225341376,147.91566125146306,65.23157187509086,65.23157187509086,65.23157187509086,C — secondaire,1.0,33.333333333333336,Very robust
Busoni — Gitobe,7,614.7143568482064,706.8360955063741,94.35642912783712,94.35642912783712,94.35642912783712,A — stratégique,1.0,100.0,Very robust
Busoni — Jene,7,498.2757676517557,594.2108555650382,71.75635437885279,71.75635437885279,71.75635437885279,B — prioritaire,0.0,0.0,Very robust
Busoni — Kamenge,7,492.4115176922319,602.2720912966709,50.616007439087916,50.616007439087916,50.616007439087916,C — secondaire,0.0,0.0,Very robust
Busoni — Kanyosha,7,721.7642745652827,866.6422216708354,62.937764407592724,62.937764407592724,62.937764407592724,C — secondaire,0.0,0.0,Very robust
Busoni — Kayanza,7,225.43435481618576,281.9890697783654,63.05072949721585,63.05072949721585,63.05072949721585,C — secondaire,1.0,16.666666666666668,Very robust
Busoni — Kayero,3,-38.47328462258344,-0.20164540967866681,42.67077498239868,42.670774982398676,42.67077498239868,D — surveillance,0.0,0.0,Moderate
Busoni — Kayogoro,7,174.99349924113483,251.20214653191493,48.87134360099549,48.87134360099549,48.87134360099549,D — surveillance,0.0,0.0,Very robust
Busoni — Kayongozi,7,255.6416347011742,321.85356972907465,58.660804175229146,58.660804175229146,58.660804175229146,C — secondaire,0.0,0.0,Very robust
Busoni — Kigamba,7,1098.852968067201,1277.274008885943,64.80359672485906,64.80359672485906,64.80359672485906,C — secondaire,0.0,0.0,Very robust
Busoni — Kinama,7,203.6141382177918,266.73720980762494,74.82686404275563,74.82686404275562,74.82686404275563,B — prioritaire,1.0,66.66666666666667,Very robust
Busoni — Kinyinya,7,397.2389634280588,494.232515342184,63.87547676514048,63.87547676514048,63.87547676514048,C — secondaire,0.0,0.0,Very robust
Busoni — Kirehe,7,654.1937547605096,763.2201523259328,68.65563824817559,68.65563824817559,68.65563824817559,C — secondaire,0.0,0.0,Very robust
Busoni — Kirundo,7,390.6652845993378,450.27901111400195,68.87570946053,68.87570946053,68.87570946053,C — secondaire,0.0,0.0,Very robust
Busoni — Kivyuka,7,303.3675954231459,380.28806632420543,58.57379218134313,58.57379218134313,58.57379218134313,C — secondaire,0.0,0.0,Very robust
Busoni — Kobero,7,469.951411353281,545.9579131514063,89.43470768746748,89.43470768746748,89.43470768746748,A — stratégique,1.0,66.66666666666667,Very robust
Busoni — Mabanda,6,-10.070226487698108,47.01102064812945,46.94319000622562,46.94319000622562,46.94319000622562,D — surveillance,0.0,0.0,Robust
Busoni — Mabayi,7,669.4364462999287,808.8527458428265,62.71964627889739,62.71964627889739,62.71964627889739,C — secondaire,0.0,0.0,Very robust
Busoni — Makamba,7,166.65018218576256,245.04907779389822,48.61463046424983,48.61463046424983,48.61463046424983,D — surveillance,0.0,0.0,Very robust
Busoni — Marangara,7,197.5978487063708,236.14374573130178,96.72240351589251,96.72240351589251,96.72240351589251,A — stratégique,1.0,100.0,Very robust
Busoni — Masanganzira,7,650.7182866390134,753.3597857024341,65.02807518655416,65.02807518655416,65.02807518655416,C — secondaire,0.0,0.0,Very robust
Busoni — Matana,7,175.82550604457847,244.0460605905336,57.4462296585908,57.4462296585908,57.4462296585908,C — secondaire,0.0,0.0,Very robust
Busoni — Mihigo,7,751.6396995243065,878.7127457961313,64.50137182824713,64.50137182824713,64.50137182824713,C — secondaire,0.0,0.0,Very robust
Busoni — Mishiha,7,220.6697203537416,280.80717700874624,62.61206553546495,62.61206553546496,62.61206553546495,C — secondaire,0.0,0.0,Very robust
Busoni — Muhanga,7,231.3999598588869,284.6754559395229,63.20281402648488,63.20281402648488,63.20281402648488,C — secondaire,0.0,0.0,Very robust
Busoni — Mukenke,7,708.9508862687526,815.260378400894,98.49400875909262,98.49400875909262,98.49400875909262,A — stratégique,1.0,100.0,Very robust
Busoni — Muramvya,7,594.5655308993412,710.7187466711463,55.40531161306313,55.40531161306313,55.40531161306313,C — secondaire,0.0,0.0,Very robust
Busoni — Musenyi,7,604.1026944967386,729.7785359271738,62.91382127345771,62.91382127345771,62.91382127345771,C — secondaire,0.0,0.0,Very robust
Busoni — Mutaho,7,700.8173640445283,823.0691097333693,72.30629951908452,72.30629951908452,72.30629951908452,B — prioritaire,0.0,0.0,Very robust
Busoni — Muyange,7,253.7018115876293,351.55824925184095,52.52653391958741,52.52653391958741,52.52653391958741,C — secondaire,0.0,0.0,Very robust
Busoni — Muyinga,7,319.0704657057522,376.4990258738938,68.11569461334958,68.11569461334958,68.11569461334958,C — secondaire,0.0,0.0,Very robust
Busoni — Muzinda,7,225.68826188640955,296.8545850941756,57.938413939430376,57.93841393943038,57.938413939430376,C — secondaire,0.0,0.0,Very robust
Busoni — Mwakiro,7,158.30871033460798,201.52054842911772,58.775462661297084,58.775462661297084,58.775462661297084,C — secondaire,0.0,0.0,Very robust
Busoni — Mwaro,7,257.9992750082656,329.46039843211395,50.29758635397934,50.29758635397934,50.29758635397934,C — secondaire,0.0,0.0,Very robust
Busoni — Ngozi,7,239.5255851085909,292.11705904653894,67.38284382569583,67.38284382569583,67.38284382569583,C — secondaire,0.0,0.0,Very robust
Busoni — Nyabihanga,7,82.75499922453002,126.93600081051292,53.48225169511463,53.48225169511462,53.48225169511463,C — secondaire,0.0,0.0,Very robust
Busoni — Nyabikere,7,179.4676396611692,228.7065361405011,62.733057905959775,62.733057905959775,62.733057905959775,C — secondaire,0.0,0.0,Very robust
Busoni — Nyagasasa,7,466.9739351022564,573.1334193295386,54.590942001247214,54.59094200124722,54.590942001247214,C — secondaire,0.0,0.0,Very robust
Busoni — Rubaho,7,254.55736459441695,337.8413788261787,57.52492784184263,57.52492784184263,57.52492784184263,C — secondaire,0.0,0.0,Very robust
Busoni — Rugombo,7,826.208604672414,990.8432394310347,54.69798614803039,54.69798614803039,54.69798614803039,C — secondaire,0.0,0.0,Very robust
Busoni — Ruhehe,7,673.3634314923509,777.0351383538647,69.24275209729507,69.24275209729507,69.24275209729507,C — secondaire,0.0,0.0,Very robust
Busoni — Rumonge,7,69.20166988212728,132.05429080662597,44.10005445137466,44.10005445137466,44.10005445137466,D — surveillance,0.0,0.0,Very robust
Busoni — Rusaka,7,389.6220969462311,480.0907749769561,62.768991111663716,62.768991111663716,62.768991111663716,C — secondaire,0.0,0.0,Very robust
Busoni — Rutana,7,874.3020545588139,1044.1617542394918,42.7972261781681,42.7972261781681,42.7972261781681,D — surveillance,0.0,0.0,Very robust
Busoni — Ruyigi,7,623.8870916379861,749.4665238448513,63.14809408879548,63.14809408879548,63.14809408879548,C — secondaire,0.0,0.0,Very robust
Busoni — Rwibaga,7,199.8003079923653,265.9074148538709,49.86510519187602,49.86510519187602,49.86510519187602,D — surveillance,0.0,0.0,Very robust
Busoni — Twinkwavu,7,710.558071851306,841.2203183807185,65.24170244336526,65.24170244336526,65.24170244336526,C — secondaire,0.0,0.0,Very robust
Busoni — Wimpfizi,0,-62.5407951607544,-34.76170649746618,39.277845765131104,39.2778457651311,39.277845765131104,D — surveillance,0.0,0.0,Not robust
Buyengero — Cankuzo,7,1167.6448882929458,1374.7230466969766,67.58646236010645,67.58646236010645,67.58646236010645,C — secondaire,0.0,0.0,Very robust
Buyengero — Chez Siyoni,7,1062.8965992409685,1235.3792082461293,64.8220612412968,64.8220612412968,64.8220612412968,C — secondaire,0.0,0.0,Very robust
Buyengero — Cibitoke,7,1059.9697151915025,1246.1551996535013,67.86337825788837,67.86337825788837,67.86337825788837,C — secondaire,0.0,0.0,Very robust
Buyengero — Gasenyi,7,1189.1693679905022,1391.3531279959295,68.16123986971812,68.16123986971812,68.16123986971812,C — secondaire,0.0,0.0,Very robust
Buyengero — Gasorwe,7,691.7204575468852,827.7949460915222,59.177824399870175,59.177824399870175,59.177824399870175,C — secondaire,0.0,0.0,Very robust
Buyengero — Gatabo,7,986.7606424971974,1147.1366362130848,68.84924342547669,68.84924342547669,68.84924342547669,C — secondaire,0.0,0.0,Very robust
Buyengero — Gihamagara,7,1496.0202095053007,1730.6794729308433,73.23507214294105,73.23507214294105,73.23507214294105,B — prioritaire,0.0,0.0,Very robust
Buyengero — Giharo,7,606.2943739621733,719.6662925552172,71.83117205243616,71.83117205243616,71.83117205243616,B — prioritaire,0.0,0.0,Very robust
Buyengero — Gihogazi,7,296.13468289965067,365.2436429569933,63.02329629928818,63.02329629928818,63.02329629928818,C — secondaire,0.0,0.0,Very robust
Buyengero — Gisuru,7,778.5765351550249,926.7009090664391,71.40442494012197,71.40442494012197,71.40442494012197,B — prioritaire,0.0,0.0,Very robust
Buyengero — Gitaza,7,405.6044018728041,479.446795374059,72.13199445217859,72.13199445217859,72.13199445217859,B — prioritaire,0.0,0.0,Very robust
Buyengero — Gitega,7,1194.122689337765,1385.8406871447564,72.96851412297168,72.96851412297168,72.96851412297168,B — prioritaire,0.0,0.0,Very robust
Buyengero — Gitega Centre,7,426.387508975785,506.24496813247924,53.306331292580964,53.306331292580964,53.306331292580964,C — secondaire,0.0,0.0,Very robust
Buyengero — Giteranyi,7,241.87352773586036,325.3435096010831,61.37227841694095,61.37227841694095,61.37227841694095,C — secondaire,0.0,0.0,Very robust
Buyengero — Gitobe,7,815.9889484712726,974.3611556305453,71.11646285827392,71.11646285827392,71.11646285827392,B — prioritaire,0.0,0.0,Very robust
Buyengero — Jene,7,657.2770744551309,785.3235204807704,59.33663081180006,59.336630811800056,59.33663081180006,C — secondaire,0.0,0.0,Very robust
Buyengero — Kamenge,7,948.2316491467072,1104.6284339200176,72.72410071820528,72.72410071820528,72.72410071820528,B — prioritaire,0.0,0.0,Very robust
Buyengero — Kanyosha,7,1208.1079742506167,1400.3564292502645,73.08371971400359,73.08371971400359,73.08371971400359,B — prioritaire,0.0,0.0,Very robust
Buyengero — Kayanza,7,518.8353513891407,623.8085383096319,67.35981732925501,67.35981732925501,67.35981732925501,C — secondaire,0.0,0.0,Very robust
Buyengero — Kayero,7,623.6225576740318,735.235749384109,65.55435107516247,65.55435107516247,65.55435107516247,C — secondaire,0.0,0.0,Very robust
Buyengero — Kayogoro,7,268.4403071687982,327.2750842151991,67.3631986843424,67.3631986843424,67.3631986843424,C — secondaire,0.0,0.0,Very robust
Buyengero — Kayongozi,7,733.9646869306968,872.3944829702987,63.519648394511044,63.519648394511044,63.519648394511044,C — secondaire,0.0,0.0,Very robust
Buyengero — Kigamba,7,1480.3811423418294,1735.9140690036413,67.58409099068825,67.58409099068825,67.58409099068825,C — secondaire,0.0,0.0,Very robust
Buyengero — Kinama,7,749.8877931068193,876.6971721886368,72.54970743770292,72.54970743770292,72.54970743770292,B — prioritaire,0.0,0.0,Very robust
Buyengero — Kinyinya,7,816.5650029155581,964.3080695352394,71.85687203332989,71.85687203332989,71.85687203332989,B — prioritaire,0.0,0.0,Very robust
Buyengero — Kirehe,7,872.2208007157853,1035.4813425924797,59.3306219335518,59.3306219335518,59.3306219335518,C — secondaire,0.0,0.0,Very robust
Buyengero — Kirundo,7,494.5438990512157,608.8353790219497,58.38989212203873,58.389892122038724,58.38989212203873,C — secondaire,0.0,0.0,Very robust
Buyengero — Kivyuka,7,539.3041358371614,648.7118653587837,63.2729703253654,63.2729703253654,63.2729703253654,C — secondaire,0.0,0.0,Very robust
Buyengero — Kobero,7,741.9091375280125,892.7670257977196,66.77831431840879,66.77831431840879,66.77831431840879,C — secondaire,0.0,0.0,Very robust
Buyengero — Mabanda,7,265.98723492298905,325.591328681281,67.28037628255038,67.28037628255038,67.28037628255038,C — secondaire,0.0,0.0,Very robust
Buyengero — Mabayi,7,889.1739186036153,1058.2148205444068,67.16903951973846,67.16903951973846,67.16903951973846,C — secondaire,0.0,0.0,Very robust
Buyengero — Makamba,7,376.2793450601924,447.41371788293947,67.9264062297894,67.9264062297894,67.9264062297894,C — secondaire,0.0,0.0,Very robust
Buyengero — Marangara,7,380.5280938698828,475.0346090870927,54.336304085812785,54.336304085812785,54.336304085812785,C — secondaire,0.0,0.0,Very robust
Buyengero — Masanganzira,7,901.5210186804655,1066.735751148771,59.52088146028247,59.52088146028247,59.52088146028247,C — secondaire,0.0,0.0,Very robust
Buyengero — Matana,7,722.3811003586542,834.3774472965661,73.25644638346708,73.25644638346708,73.25644638346708,B — prioritaire,0.0,0.0,Very robust
Buyengero — Mihigo,7,1010.501185852318,1188.2928259367075,67.90297887924282,67.90297887924282,67.90297887924282,C — secondaire,0.0,0.0,Very robust
Buyengero — Mishiha,7,483.7460063186386,601.9914881365594,66.04371499953885,66.04371499953885,66.04371499953885,C — secondaire,0.0,0.0,Very robust
Buyengero — Muhanga,7,636.1525239891226,754.7197617096241,71.81954443956101,71.81954443956101,71.81954443956101,B — prioritaire,0.0,0.0,Very robust
Buyengero — Mukenke,7,858.1002495891454,1026.1723898239195,70.91573813912643,70.91573813912643,70.91573813912643,B — prioritaire,0.0,0.0,Very robust
Buyengero — Muramvya,7,1057.9921775242383,1227.9661329389594,72.99240777769879,72.99240777769879,72.99240777769879,B — prioritaire,0.0,0.0,Very robust
Buyengero — Musenyi,7,991.8738215746482,1159.6534895319924,68.39233576923039,68.39233576923039,68.39233576923039,C — secondaire,0.0,0.0,Very robust
Buyengero — Mutaho,7,1110.2779124069905,1293.2165350315674,72.6646380570478,72.6646380570478,72.6646380570478,B — prioritaire,0.0,0.0,Very robust
Buyengero — Muyange,7,795.018840114268,929.1606017632577,68.52852225412691,68.52852225412691,68.52852225412691,C — secondaire,0.0,0.0,Very robust
Buyengero — Muyinga,7,647.4760557731726,779.3958116170741,67.00875784702984,67.00875784702984,67.00875784702984,C — secondaire,0.0,0.0,Very robust
Buyengero — Muzinda,7,622.9032119924643,735.4004622824849,68.05776123131432,68.05776123131432,68.05776123131432,C — secondaire,0.0,0.0,Very robust
Buyengero — Mwakiro,7,515.2855339761012,622.6616777040434,67.15454338020164,67.15454338020164,67.15454338020164,C — secondaire,0.0,0.0,Very robust
Buyengero — Mwaro,7,835.7533702797783,966.7586849770479,73.22721817432583,73.22721817432583,73.22721817432583,B — prioritaire,0.0,0.0,Very robust
Buyengero — Ngozi,7,543.5365430491277,653.0113044496263,67.34290709097971,67.34290709097971,67.34290709097971,C — secondaire,0.0,0.0,Very robust
Buyengero — Nyabihanga,7,503.1074989525176,590.0675701225076,68.39778655104016,68.39778655104016,68.39778655104016,C — secondaire,0.0,0.0,Very robust
Buyengero — Nyabikere,7,679.0570387466427,802.7289460342755,71.9607066753347,71.9607066753347,71.9607066753347,B — prioritaire,0.0,0.0,Very robust
Buyengero — Nyagasasa,7,948.1516860775628,1092.09075860467,69.56086356841547,69.56086356841547,69.56086356841547,C — secondaire,0.0,0.0,Very robust
Buyengero — Rubaho,7,785.2337614600035,923.2698520542874,64.12494853195639,64.12494853195639,64.12494853195639,C — secondaire,0.0,0.0,Very robust
Buyengero — Rugombo,7,1276.5123580820195,1496.0715117494367,63.87349046379635,63.87349046379635,63.87349046379635,C — secondaire,0.0,0.0,Very robust
Buyengero — Ruhehe,7,852.1286682856646,1022.2575806938564,62.657040014858794,62.657040014858794,62.657040014858794,C — secondaire,0.0,0.0,Very robust
Buyengero — Rumonge,7,703.0567645626481,810.3523539554207,98.3590183518014,98.3590183518014,98.3590183518014,A — stratégique,2.0,100.0,Very robust
Buyengero — Rusaka,7,805.1524066102027,933.6836728329441,73.05434696104149,73.05434696104149,73.05434696104149,B — prioritaire,0.0,0.0,Very robust
Buyengero — Rutana,7,1435.5340499048991,1659.7510011020997,65.26430722287313,65.26430722287313,65.26430722287313,C — secondaire,0.0,0.0,Very robust
Buyengero — Ruyigi,7,753.077551428891,889.614257755239,71.91593704576707,71.91593704576707,71.91593704576707,B — prioritaire,0.0,0.0,Very robust
Buyengero — Rwibaga,7,762.6323252475545,884.757223963238,70.89133111633117,70.89133111633117,70.89133111633117,B — prioritaire,0.0,0.0,Very robust
Buyengero — Twinkwavu,7,966.1536305023276,1147.0335619295693,71.22539708732826,71.22539708732826,71.22539708732826,B — prioritaire,0.0,0.0,Very robust
Buyengero — Wimpfizi,7,454.838212929782,533.3341726841925,64.36775865588078,64.36775865588078,64.36775865588078,C — secondaire,0.0,0.0,Very robust
Cankuzo — Chez Siyoni,7,144.21126182910015,207.15557478390005,61.354427476566705,61.354427476566705,61.354427476566705,C — secondaire,0.0,0.0,Very robust
Cankuzo — Cibitoke,7,300.86189562687963,399.0456741258054,61.15321536394717,61.15321536394716,61.15321536394717,C — secondaire,0.0,0.0,Very robust
Cankuzo — Gasenyi,7,416.1143469013468,528.3039438148629,61.62497562936598,61.62497562936598,61.62497562936598,C — secondaire,0.0,0.0,Very robust
Cankuzo — Gasorwe,7,580.4909412180349,680.3185830934435,68.43223503500195,68.43223503500195,68.43223503500195,C — secondaire,0.0,0.0,Very robust
Cankuzo — Gatabo,7,379.140659921473,464.1360976806313,58.98308851116295,58.983088511162954,58.98308851116295,C — secondaire,0.0,0.0,Very robust
Cankuzo — Gihamagara,7,972.0578136025156,1130.36294630584,61.78596279308554,61.78596279308554,61.78596279308554,C — secondaire,0.0,0.0,Very robust
Cankuzo — Giharo,7,827.2208829772719,965.2673204188311,64.59560359965103,64.59560359965103,64.59560359965103,C — secondaire,0.0,0.0,Very robust
Cankuzo — Gihogazi,7,1254.7216135294111,1458.7817855126048,72.76737975459903,72.76737975459903,72.76737975459903,B — prioritaire,0.0,0.0,Very robust
Cankuzo — Gisuru,7,1065.8468277603886,1225.673197325881,90.59141240182069,90.59141240182069,90.59141240182069,A — stratégique,1.0,83.33333333333333,Very robust
Cankuzo — Gitaza,7,728.6472624104326,876.4577164616139,66.8386203545006,66.8386203545006,66.8386203545006,C — secondaire,0.0,0.0,Very robust
Cankuzo — Gitega,7,563.7886901322585,663.7106746281107,64.20592347162278,64.20592347162278,64.20592347162278,C — secondaire,0.0,0.0,Very robust
Cankuzo — Gitega Centre,7,374.4446459350197,449.7493539721513,52.974572102957524,52.97457210295753,52.974572102957524,C — secondaire,0.0,0.0,Very robust
Cankuzo — Giteranyi,7,933.9693766185636,1090.5989999793844,68.52501348001587,68.52501348001587,68.52501348001587,C — secondaire,0.0,0.0,Very robust
Cankuzo — Gitobe,7,704.1024529570158,827.7794372672926,64.1957531337128,64.1957531337128,64.1957531337128,C — secondaire,0.0,0.0,Very robust
Cankuzo — Jene,7,527.8079037339005,639.4804893145289,62.984021376043465,62.984021376043465,62.984021376043465,C — secondaire,0.0,0.0,Very robust
Cankuzo — Kamenge,7,143.7214213488647,206.6547900066562,57.322946555577566,57.322946555577566,57.322946555577566,C — secondaire,0.0,0.0,Very robust
Cankuzo — Kanyosha,7,106.7778448137137,163.9435214915915,57.1229961000286,57.1229961000286,57.1229961000286,C — secondaire,0.0,0.0,Very robust
Cankuzo — Kayanza,7,655.4865610263075,784.3592418684176,59.25945837161069,59.2594583716107,59.25945837161069,C — secondaire,0.0,0.0,Very robust
Cankuzo — Kayero,7,882.1887872431923,1031.2399590724792,61.42981144096958,61.42981144096958,61.42981144096958,C — secondaire,0.0,0.0,Very robust
Cankuzo — Kayogoro,7,1143.9840652467783,1341.3022322486192,68.00781686056243,68.00781686056243,68.00781686056243,C — secondaire,0.0,0.0,Very robust
Cankuzo — Kayongozi,7,785.3470310992059,905.2903936139454,69.39813686949259,69.39813686949259,69.39813686949259,C — secondaire,0.0,0.0,Very robust
Cankuzo — Kigamba,7,1094.392203195787,1255.2232336553373,99.02659446338183,99.02659446338183,99.02659446338183,A — stratégique,1.0,100.0,Very robust
Cankuzo — Kinama,7,634.5583579058443,763.3658422453619,63.04931175907096,63.04931175907096,63.04931175907096,C — secondaire,0.0,0.0,Very robust
Cankuzo — Kinyinya,7,691.2279993229772,804.845788376514,70.35936618192554,70.35936618192554,70.35936618192554,B — prioritaire,1.0,16.666666666666668,Very robust
Cankuzo — Kirehe,7,651.9138929578187,756.7284118073192,70.81799897203098,70.81799897203098,70.81799897203098,B — prioritaire,0.0,0.0,Very robust
Cankuzo — Kirundo,7,767.8768599824051,904.7861888496021,68.03218722798854,68.03218722798854,68.03218722798854,C — secondaire,0.0,0.0,Very robust
Cankuzo — Kivyuka,7,630.6438031577997,765.1999542104853,66.63521910368769,66.63521910368769,66.63521910368769,C — secondaire,0.0,0.0,Very robust
Cankuzo — Kobero,7,504.59911887626913,595.8749546612581,68.12262139625665,68.12262139625665,68.12262139625665,C — secondaire,0.0,0.0,Very robust
Cankuzo — Mabanda,7,906.4419395179452,1077.1357920791195,55.17114100093567,55.17114100093567,55.17114100093567,C — secondaire,0.0,0.0,Very robust
Cankuzo — Mabayi,7,277.65665403458274,371.9863480148211,61.11630630434071,61.11630630434071,61.11630630434071,C — secondaire,0.0,0.0,Very robust
Cankuzo — Makamba,7,1145.2047145667889,1346.6227905286237,59.68593071468179,59.68593071468179,59.68593071468179,C — secondaire,0.0,0.0,Very robust
Cankuzo — Marangara,7,892.3300913493383,1045.8390418798751,61.23435110328435,61.23435110328435,61.23435110328435,C — secondaire,0.0,0.0,Very robust
Cankuzo — Masanganzira,7,491.3566145959124,582.3147268268195,67.98690192356915,67.98690192356915,67.98690192356915,C — secondaire,0.0,0.0,Very robust
Cankuzo — Matana,7,509.00438169642825,613.7384392984693,67.26030834213157,67.26030834213157,67.26030834213157,C — secondaire,0.0,0.0,Very robust
Cankuzo — Mihigo,7,392.1023377955796,479.71115391239135,62.9915972683404,62.9915972683404,62.9915972683404,C — secondaire,0.0,0.0,Very robust
Cankuzo — Mishiha,7,835.2893728646981,963.5308697991566,69.3877584193568,69.3877584193568,69.3877584193568,C — secondaire,0.0,0.0,Very robust
Cankuzo — Muhanga,7,808.4680663421217,952.642896718052,67.98743375927047,67.98743375927047,67.98743375927047,C — secondaire,0.0,0.0,Very robust
Cankuzo — Mukenke,7,504.6961798673288,598.9599876574266,69.82090757376153,69.82090757376153,69.82090757376153,C — secondaire,0.0,0.0,Very robust
Cankuzo — Muramvya,7,311.903692784529,390.23031176479816,62.61401449011873,62.61401449011873,62.61401449011873,C — secondaire,0.0,0.0,Very robust
Cankuzo — Musenyi,7,92.59989268117792,151.44687486336187,64.84622762161797,64.84622762161797,64.84622762161797,C — secondaire,0.0,0.0,Very robust
Cankuzo — Mutaho,7,544.8264519862823,651.7336953274544,69.43301219236415,69.43301219236415,69.43301219236415,C — secondaire,0.0,0.0,Very robust
Cankuzo — Muyange,7,360.21397759327306,455.9687349685457,66.07824360035958,66.07824360035958,66.07824360035958,C — secondaire,0.0,0.0,Very robust
Cankuzo — Muyinga,7,678.1343579326349,788.6875145425578,72.85051619695585,72.85051619695585,72.85051619695585,B — prioritaire,0.0,0.0,Very robust
Cankuzo — Muzinda,7,450.5380830989942,557.9467618995689,62.36052662406565,62.36052662406565,62.36052662406565,C — secondaire,0.0,0.0,Very robust
Cankuzo — Mwakiro,7,1053.4456763944995,1220.6189090262144,73.13690486056004,73.13690486056004,73.13690486056004,B — prioritaire,0.0,0.0,Very robust
Cankuzo — Mwaro,7,512.3680595062646,614.3315669312561,67.48836660679622,67.48836660679622,67.48836660679622,C — secondaire,0.0,0.0,Very robust
Cankuzo — Ngozi,7,673.7489592773823,798.6156648331638,63.76808282905598,63.76808282905598,63.76808282905598,C — secondaire,0.0,0.0,Very robust
Cankuzo — Nyabihanga,7,982.8240729560824,1148.6471421240353,68.42819463249772,68.42819463249772,68.42819463249772,C — secondaire,0.0,0.0,Very robust
Cankuzo — Nyabikere,7,871.7083913797732,1019.1536220199029,64.44352461265439,64.44352461265439,64.44352461265439,C — secondaire,0.0,0.0,Very robust
Cankuzo — Nyagasasa,7,389.2355196002553,478.45350211439506,62.848349303646906,62.848349303646906,62.848349303646906,C — secondaire,0.0,0.0,Very robust
Cankuzo — Rubaho,7,647.0701197384744,761.347131316489,64.18897705442416,64.18897705442416,64.18897705442416,C — secondaire,0.0,0.0,Very robust
Cankuzo — Rugombo,7,406.9280108825354,522.5473543782293,57.257741806333755,57.257741806333755,57.257741806333755,C — secondaire,0.0,0.0,Very robust
Cankuzo — Ruhehe,7,473.016829216854,572.5571905215089,67.18670673008334,67.18670673008334,67.18670673008334,C — secondaire,0.0,0.0,Very robust
Cankuzo — Rumonge,7,501.0005318242471,615.5267713532487,58.44995063623887,58.44995063623886,58.44995063623887,C — secondaire,0.0,0.0,Very robust
Cankuzo — Rusaka,7,608.2002810900236,727.3666053242958,67.43168444435268,67.43168444435268,67.43168444435268,C — secondaire,0.0,0.0,Very robust
Cankuzo — Rutana,7,845.2124606543333,994.016542851857,68.07897887680589,68.07897887680589,68.07897887680589,C — secondaire,0.0,0.0,Very robust
Cankuzo — Ruyigi,7,986.5656798453632,1138.9484270765843,73.42611193198323,73.42611193198323,73.42611193198323,B — prioritaire,0.0,0.0,Very robust
Cankuzo — Rwibaga,7,539.7713788345729,651.4108343576739,67.15131129000721,67.15131129000721,67.15131129000721,C — secondaire,0.0,0.0,Very robust
Cankuzo — Twinkwavu,7,350.1015628679212,404.7048986576803,68.69958012277469,68.69958012277469,68.69958012277469,C — secondaire,0.0,0.0,Very robust
Cankuzo — Wimpfizi,7,939.0747744566942,1101.167346195726,68.20323576624094,68.20323576624094,68.20323576624094,C — secondaire,0.0,0.0,Very robust
Chez Siyoni — Cibitoke,7,443.3284192646817,521.3049753991493,64.26366153093184,64.26366153093184,64.26366153093184,C — secondaire,0.0,0.0,Very robust
Chez Siyoni — Gasenyi,7,683.0960705391491,792.8663308024925,68.93601416374025,68.93601416374025,68.93601416374025,C — secondaire,0.0,0.0,Very robust
Chez Siyoni — Gasorwe,7,504.5445770798598,609.4412858913684,67.19665089606902,67.19665089606902,67.19665089606902,C — secondaire,0.0,0.0,Very robust
Chez Siyoni — Gatabo,7,588.0816120868343,685.1649137515003,72.73295206139169,72.73295206139169,72.73295206139169,B — prioritaire,0.0,0.0,Very robust
Chez Siyoni — Gihamagara,7,998.5088248932497,1166.0197175256783,68.48410259141775,68.48410259141775,68.48410259141775,C — secondaire,0.0,0.0,Very robust
Chez Siyoni — Giharo,7,789.6690924829098,937.59232877839,67.51788246028869,67.51788246028869,67.51788246028869,C — secondaire,0.0,0.0,Very robust
Chez Siyoni — Gihogazi,7,1381.2980980193058,1601.941070865417,72.97965094615049,72.97965094615049,72.97965094615049,B — prioritaire,0.0,0.0,Very robust
Chez Siyoni — Gisuru,7,780.1224024519088,932.1809379079608,67.12542173156542,67.12542173156542,67.12542173156542,C — secondaire,0.0,0.0,Very robust
Chez Siyoni — Gitaza,7,835.3030329629509,961.5116455555502,69.52819316083917,69.52819316083917,69.52819316083917,C — secondaire,0.0,0.0,Very robust
Chez Siyoni — Gitega,7,693.1586216039045,818.0643452588163,72.03674110886243,72.03674110886243,72.03674110886243,B — prioritaire,0.0,0.0,Very robust
Chez Siyoni — Gitega Centre,7,689.8890809874067,809.4605804231742,61.740860951565665,61.740860951565665,61.740860951565665,C — secondaire,0.0,0.0,Very robust
Chez Siyoni — Giteranyi,7,778.1178285123816,933.5398287910205,66.87087821407235,66.87087821407235,66.87087821407235,C — secondaire,0.0,0.0,Very robust
Chez Siyoni — Gitobe,7,723.6612954720488,862.5192549165926,71.42361781034325,71.42361781034325,71.42361781034325,B — prioritaire,0.0,0.0,Very robust
Chez Siyoni — Jene,7,612.8135330300014,721.8386001557147,72.20387707649627,72.20387707649627,72.20387707649627,B — prioritaire,0.0,0.0,Very robust
Chez Siyoni — Kamenge,7,291.5808252133949,333.6737442343119,72.79054036967557,72.79054036967557,72.79054036967557,B — prioritaire,0.0,0.0,Very robust
Chez Siyoni — Kanyosha,7,291.07822376956,334.6464156155256,72.68735350503171,72.68735350503171,72.68735350503171,B — prioritaire,0.0,0.0,Very robust
Chez Siyoni — Kayanza,7,759.6404961288636,888.8719809123698,72.4931800803038,72.4931800803038,72.4931800803038,B — prioritaire,0.0,0.0,Very robust
Chez Siyoni — Kayero,7,736.9085889768386,873.3858444186451,67.71236100615266,67.71236100615266,67.71236100615266,C — secondaire,0.0,0.0,Very robust
Chez Siyoni — Kayogoro,7,1223.886520955202,1432.7109124093724,72.10105705068867,72.10105705068867,72.10105705068867,B — prioritaire,0.0,0.0,Very robust
Chez Siyoni — Kayongozi,7,775.6919369512437,922.1443489791045,71.4873068798405,71.4873068798405,71.4873068798405,B — prioritaire,0.0,0.0,Very robust
Chez Siyoni — Kigamba,7,976.2852813726928,1159.6245840168683,71.16650286218473,71.16650286218473,71.16650286218473,B — prioritaire,0.0,0.0,Very robust
Chez Siyoni — Kinama,7,959.0783141024632,1101.8373406153414,73.78867546387495,73.78867546387495,73.78867546387495,B — prioritaire,0.0,0.0,Very robust
Chez Siyoni — Kinyinya,7,518.3949741048623,627.5330951877978,63.046175815181556,63.04617581518156,63.046175815181556,C — secondaire,0.0,0.0,Very robust
Chez Siyoni — Kirehe,7,425.775173332521,523.1786682853661,66.76546176724966,66.76546176724966,66.76546176724966,C — secondaire,0.0,0.0,Very robust
Chez Siyoni — Kirundo,7,753.3691803348767,897.8864450006614,71.36941098807142,71.36941098807142,71.36941098807142,B — prioritaire,0.0,0.0,Very robust
Chez Siyoni — Kivyuka,7,726.3422138025691,841.9833876296723,65.0009909875721,65.0009909875721,65.0009909875721,C — secondaire,0.0,0.0,Very robust
Chez Siyoni — Kobero,7,415.7825935040721,515.8583640731737,66.46447273125463,66.46447273125463,66.46447273125463,C — secondaire,0.0,0.0,Very robust
Chez Siyoni — Mabanda,7,930.1175913085652,1097.4333594179564,63.7173136925899,63.717313692589904,63.7173136925899,C — secondaire,0.0,0.0,Very robust
Chez Siyoni — Mabayi,7,280.5422211522619,342.51842335096933,67.31615335096025,67.31615335096025,67.31615335096025,C — secondaire,0.0,0.0,Very robust
Chez Siyoni — Makamba,7,1267.48297867986,1481.4055554342253,72.21854668533597,72.21854668533597,72.21854668533597,B — prioritaire,0.0,0.0,Very robust
Chez Siyoni — Marangara,7,819.2638857327208,968.4861164568803,63.73496538878857,63.73496538878857,63.73496538878857,C — secondaire,0.0,0.0,Very robust
Chez Siyoni — Masanganzira,7,550.836564156709,659.6289346385894,71.4997416461897,71.4997416461897,71.4997416461897,B — prioritaire,0.0,0.0,Very robust
Chez Siyoni — Matana,7,708.7427390545386,829.9760855948022,68.44148284227103,68.44148284227103,68.44148284227103,C — secondaire,0.0,0.0,Very robust
Chez Siyoni — Mihigo,7,505.20903267343766,601.7323680029018,67.77352227787676,67.77352227787676,67.77352227787676,C — secondaire,0.0,0.0,Very robust
Chez Siyoni — Mishiha,7,670.4508336592335,817.2706664253858,70.27239980263872,70.27239980263872,70.27239980263872,B — prioritaire,0.0,0.0,Very robust
Chez Siyoni — Muhanga,7,963.512144268364,1120.8786464007273,72.82598536353888,72.82598536353888,72.82598536353888,B — prioritaire,0.0,0.0,Very robust
Chez Siyoni — Mukenke,7,427.8422716024015,528.3505244010292,70.60560737002363,70.60560737002363,70.60560737002363,B — prioritaire,0.0,0.0,Very robust
Chez Siyoni — Muramvya,7,600.4465220170518,696.6463742930222,72.93712756669694,72.93712756669694,72.93712756669694,B — prioritaire,0.0,0.0,Very robust
Chez Siyoni — Musenyi,7,260.2841117725968,303.1759530453987,72.31890749451951,72.31890749451951,72.31890749451951,B — prioritaire,0.0,0.0,Very robust
Chez Siyoni — Mutaho,7,719.2127577693007,841.1200661868431,72.53919559292619,72.53919559292619,72.53919559292619,B — prioritaire,0.0,0.0,Very robust
Chez Siyoni — Muyange,7,355.83724685846005,438.05274979648294,66.93119508126551,66.93119508126551,66.93119508126551,C — secondaire,0.0,0.0,Very robust
Chez Siyoni — Muyinga,7,546.016618572319,660.1618865309938,67.05338536590912,67.05338536590912,67.05338536590912,C — secondaire,0.0,0.0,Very robust
Chez Siyoni — Muzinda,7,700.8463021904125,804.1032686530338,69.58596470079769,69.58596470079769,69.58596470079769,C — secondaire,0.0,0.0,Very robust
Chez Siyoni — Mwakiro,7,806.2579814646458,954.6256966277053,67.67328265333704,67.67328265333704,67.67328265333704,C — secondaire,0.0,0.0,Very robust
Chez Siyoni — Mwaro,7,602.4915896351949,702.3161784150834,72.71329040135191,72.71329040135191,72.71329040135191,B — prioritaire,0.0,0.0,Very robust
Chez Siyoni — Ngozi,7,777.6623236050867,912.5890449736087,72.30407265733336,72.30407265733336,72.30407265733336,B — prioritaire,0.0,0.0,Very robust
Chez Siyoni — Nyabihanga,7,1012.206289435896,1173.7621471868126,73.07301840265936,73.07301840265936,73.07301840265936,B — prioritaire,0.0,0.0,Very robust
Chez Siyoni — Nyabikere,7,937.7011485974796,1099.0810002560627,72.26239219615542,72.26239219615542,72.26239219615542,B — prioritaire,0.0,0.0,Very robust
Chez Siyoni — Nyagasasa,7,448.23732216451856,524.7732629276506,68.44525619400412,68.44525619400412,68.44525619400412,C — secondaire,0.0,0.0,Very robust
Chez Siyoni — Rubaho,7,621.0027276206756,744.2575866945751,67.29919814771512,67.29919814771512,67.29919814771512,C — secondaire,0.0,0.0,Very robust
Chez Siyoni — Rugombo,7,645.9142606306668,755.2706574131429,64.51285067081795,64.51285067081795,64.51285067081795,C — secondaire,0.0,0.0,Very robust
Chez Siyoni — Ruhehe,7,499.3987495693258,612.3884181011397,66.58563088173082,66.58563088173082,66.58563088173082,C — secondaire,0.0,0.0,Very robust
Chez Siyoni — Rumonge,7,559.3342823584663,656.8721724393426,68.34135667547207,68.34135667547207,68.34135667547207,C — secondaire,0.0,0.0,Very robust
Chez Siyoni — Rusaka,7,653.4015959302069,757.05590539866,73.03958929385577,73.03958929385577,73.03958929385577,B — prioritaire,0.0,0.0,Very robust
Chez Siyoni — Rutana,7,914.2048929280342,1075.040537540586,72.0397085420129,72.0397085420129,72.0397085420129,B — prioritaire,0.0,0.0,Very robust
Chez Siyoni — Ruyigi,7,967.0616807656849,1136.3190100424365,72.04117526649017,72.04117526649017,72.04117526649017,B — prioritaire,0.0,0.0,Very robust
Chez Siyoni — Rwibaga,7,574.5226910365636,664.5149918728129,69.03336220103597,69.03336220103597,69.03336220103597,C — secondaire,0.0,0.0,Very robust
Chez Siyoni — Twinkwavu,7,27.450397327089348,76.86196056875234,44.11280527306608,44.11280527306608,44.11280527306608,D — surveillance,0.0,0.0,Very robust
Chez Siyoni — Wimpfizi,7,1055.2366961432624,1223.8830872042552,73.05431471401585,73.05431471401585,73.05431471401585,B — prioritaire,0.0,0.0,Very robust
Cibitoke — Gasenyi,7,341.7803923117322,393.22006699074245,81.16169619146417,81.16169619146417,81.16169619146417,B — prioritaire,1.0,33.333333333333336,Very robust
Cibitoke — Gasorwe,7,370.81439466235327,462.96972771243696,62.42516561663169,62.42516561663168,62.42516561663169,C — secondaire,0.0,0.0,Very robust
Cibitoke — Gatabo,7,636.3879927978984,753.5213394848134,67.89550189325698,67.89550189325698,67.89550189325698,C — secondaire,0.0,0.0,Very robust
Cibitoke — Gihamagara,7,570.4969103059855,691.4798498454223,70.89633434917675,70.89633434917675,70.89633434917675,B — prioritaire,0.0,0.0,Very robust
Cibitoke — Giharo,7,572.9899763711131,704.57565958762,62.15028248182617,62.150282481826174,62.15028248182617,C — secondaire,0.0,0.0,Very robust
Cibitoke — Gihogazi,7,1218.741923191091,1426.8202719390388,72.0971691909501,72.0971691909501,72.0971691909501,B — prioritaire,0.0,0.0,Very robust
Cibitoke — Gisuru,7,502.4432863401121,629.4499830029051,45.5421229162407,45.5421229162407,45.5421229162407,D — surveillance,0.0,0.0,Very robust
Cibitoke — Gitaza,7,768.6752429773675,899.4301758474431,68.46523426213014,68.46523426213014,68.46523426213014,C — secondaire,0.0,0.0,Very robust
Cibitoke — Gitega,7,185.1467070166404,252.09590614998885,61.68303045507707,61.68303045507707,61.68303045507707,C — secondaire,0.0,0.0,Very robust
Cibitoke — Gitega Centre,7,403.3537300449942,496.37275116214033,60.18975783211265,60.18975783211265,60.18975783211265,C — secondaire,0.0,0.0,Very robust
Cibitoke — Giteranyi,7,589.2939228786573,723.0538992337102,50.11466896306301,50.11466896306301,50.11466896306301,C — secondaire,0.0,0.0,Very robust
Cibitoke — Gitobe,7,487.28685360178224,597.3006218293352,54.57005757895107,54.57005757895107,54.57005757895107,C — secondaire,0.0,0.0,Very robust
Cibitoke — Jene,7,575.4245142950037,678.5901315550016,68.14540630068637,68.14540630068637,68.14540630068637,C — secondaire,0.0,0.0,Very robust
Cibitoke — Kamenge,7,445.12814636266734,523.4478487268573,68.28730457186559,68.28730457186559,68.28730457186559,C — secondaire,0.0,0.0,Very robust
Cibitoke — Kanyosha,7,234.94323378397684,284.5567173359901,63.48820245440031,63.48820245440031,63.48820245440031,C — secondaire,0.0,0.0,Very robust
Cibitoke — Kayanza,7,849.2957096751948,991.3507718607977,64.56583345714773,64.56583345714773,64.56583345714773,C — secondaire,0.0,0.0,Very robust
Cibitoke — Kayero,7,534.9830743895744,657.2304338812462,58.321958456662024,58.321958456662024,58.321958456662024,C — secondaire,0.0,0.0,Very robust
Cibitoke — Kayogoro,7,1121.9610063679377,1330.8412161576875,62.938518955028535,62.938518955028535,62.938518955028535,C — secondaire,0.0,0.0,Very robust
Cibitoke — Kayongozi,7,547.0198292740931,674.6800251174684,62.11760584354432,62.11760584354432,62.11760584354432,C — secondaire,0.0,0.0,Very robust
Cibitoke — Kigamba,7,416.44473988940246,527.1363190954582,65.75523827071714,65.75523827071714,65.75523827071714,C — secondaire,0.0,0.0,Very robust
Cibitoke — Kinama,7,873.4710948135272,1017.1496520629402,68.74854105807356,68.74854105807356,68.74854105807356,C — secondaire,0.0,0.0,Very robust
Cibitoke — Kinyinya,7,399.7190595175981,506.52008465039904,57.76651140287317,57.76651140287317,57.76651140287317,C — secondaire,0.0,0.0,Very robust
Cibitoke — Kirehe,7,141.32928746938916,205.4179906297381,53.19012119427277,53.19012119427277,53.19012119427277,C — secondaire,0.0,0.0,Very robust
Cibitoke — Kirundo,7,862.1132874112459,1026.0703583191053,63.19499169197458,63.19499169197458,63.19499169197458,C — secondaire,0.0,0.0,Very robust
Cibitoke — Kivyuka,7,901.0016885781504,1043.415640819207,65.11766359415307,65.11766359415307,65.11766359415307,C — secondaire,0.0,0.0,Very robust
Cibitoke — Kobero,7,241.2435982141193,321.8576238060511,57.526639359186845,57.526639359186845,57.526639359186845,C — secondaire,0.0,0.0,Very robust
Cibitoke — Mabanda,7,811.8226028475141,976.3036626489345,54.547936892930544,54.547936892930544,54.547936892930544,C — secondaire,0.0,0.0,Very robust
Cibitoke — Mabayi,7,472.278511276313,547.6747459755626,68.81228150189341,68.81228150189341,68.81228150189341,C — secondaire,0.0,0.0,Very robust
Cibitoke — Makamba,7,964.471064092596,1149.7228306111124,54.80369465533443,54.80369465533443,54.80369465533443,C — secondaire,0.0,0.0,Very robust
Cibitoke — Marangara,7,713.0133970583487,849.787010453578,63.3964335992814,63.3964335992814,63.3964335992814,C — secondaire,0.0,0.0,Very robust
Cibitoke — Masanganzira,7,276.25906004751687,351.1388923060786,62.385549476362826,62.385549476362826,62.385549476362826,C — secondaire,0.0,0.0,Very robust
Cibitoke — Matana,7,782.775622942742,929.2017021183179,59.4937391671831,59.4937391671831,59.4937391671831,C — secondaire,0.0,0.0,Very robust
Cibitoke — Mihigo,7,716.3734199094919,843.6132239612108,72.14029452805562,72.14029452805562,72.14029452805562,B — prioritaire,0.0,0.0,Very robust
Cibitoke — Mishiha,7,566.4502921759431,705.7424015039757,61.5474902195359,61.5474902195359,61.5474902195359,C — secondaire,0.0,0.0,Very robust
Cibitoke — Muhanga,7,859.3136363644701,1009.7493078704872,72.14861871676723,72.14861871676723,72.14861871676723,B — prioritaire,0.0,0.0,Very robust
Cibitoke — Mukenke,7,227.0183674932092,304.1503106399467,53.54179779651372,53.54179779651372,53.54179779651372,C — secondaire,0.0,0.0,Very robust
Cibitoke — Muramvya,7,500.3465027281161,595.3954857406212,67.81605753689317,67.81605753689317,67.81605753689317,C — secondaire,0.0,0.0,Very robust
Cibitoke — Musenyi,7,383.8202502924756,450.18941612534655,64.31384831801091,64.31384831801091,64.31384831801091,C — secondaire,0.0,0.0,Very robust
Cibitoke — Mutaho,7,587.0894196525753,702.3226747082465,71.48165484579734,71.48165484579734,71.48165484579734,B — prioritaire,0.0,0.0,Very robust
Cibitoke — Muyange,7,220.1518568728767,297.0483086598043,49.44064152233752,49.44064152233752,49.44064152233752,D — surveillance,0.0,0.0,Very robust
Cibitoke — Muyinga,7,484.7010643903064,596.589757024417,62.46209330856655,62.46209330856656,62.46209330856655,C — secondaire,0.0,0.0,Very robust
Cibitoke — Muzinda,7,796.7591415799221,924.6665638199664,81.47793099375667,81.47793099375667,81.47793099375667,B — prioritaire,1.0,50.0,Very robust
Cibitoke — Mwakiro,7,607.3694856139888,737.2506175488523,58.638448093825616,58.638448093825616,58.638448093825616,C — secondaire,0.0,0.0,Very robust
Cibitoke — Mwaro,7,582.7884750479308,694.4149393062559,63.62827245451125,63.62827245451125,63.62827245451125,C — secondaire,0.0,0.0,Very robust
Cibitoke — Ngozi,7,693.7336449095933,819.4275515326829,71.98913841772969,71.98913841772969,71.98913841772969,B — prioritaire,0.0,0.0,Very robust
Cibitoke — Nyabihanga,7,901.160419293076,1061.4691874430644,65.33420618649043,65.33420618649043,65.33420618649043,C — secondaire,0.0,0.0,Very robust
Cibitoke — Nyabikere,7,732.7308150427464,877.716294161177,71.10429437232811,71.10429437232811,71.10429437232811,B — prioritaire,0.0,0.0,Very robust
Cibitoke — Nyagasasa,7,647.6782060527219,767.3223080225949,67.85305698609292,67.85305698609292,67.85305698609292,C — secondaire,0.0,0.0,Very robust
Cibitoke — Rubaho,7,491.990811508879,611.4320032180909,62.03451145448607,62.03451145448607,62.03451145448607,C — secondaire,0.0,0.0,Very robust
Cibitoke — Rugombo,7,270.65900488392003,312.0755395216801,68.52995893854714,68.52995893854714,68.52995893854714,C — secondaire,0.0,0.0,Very robust
Cibitoke — Ruhehe,7,321.0012209427141,412.4487846897345,61.85496694806716,61.85496694806716,61.85496694806716,C — secondaire,0.0,0.0,Very robust
Cibitoke — Rumonge,7,361.9528938974154,445.3580185274636,50.82747108601055,50.827471086010554,50.82747108601055,C — secondaire,0.0,0.0,Very robust
Cibitoke — Rusaka,7,602.1416813429427,713.089752004118,67.92392743632107,67.92392743632107,67.92392743632107,C — secondaire,0.0,0.0,Very robust
Cibitoke — Rutana,7,479.5257783407701,592.881012717473,62.30126967747814,62.30126967747814,62.30126967747814,C — secondaire,0.0,0.0,Very robust
Cibitoke — Ruyigi,7,1127.9393661784206,1334.7958280764658,55.094457037662416,55.094457037662416,55.094457037662416,C — secondaire,0.0,0.0,Very robust
Cibitoke — Rwibaga,7,812.2499749247669,950.8199226820427,64.39162140260474,64.39162140260474,64.39162140260474,C — secondaire,0.0,0.0,Very robust
Cibitoke — Twinkwavu,7,52.09482145128459,118.44831747912174,43.606210870788296,43.606210870788296,43.606210870788296,D — surveillance,0.0,0.0,Very robust
Cibitoke — Wimpfizi,7,848.442381555998,1002.1633338097134,71.80029171852806,71.80029171852806,71.80029171852806,B — prioritaire,0.0,0.0,Very robust
Gasenyi — Gasorwe,7,688.401247461353,823.4673131977227,67.25940683592941,67.25940683592941,67.25940683592941,C — secondaire,0.0,0.0,Very robust
Gasenyi — Gatabo,7,967.307644072366,1129.2564091738711,72.55042584178372,72.55042584178372,72.55042584178372,B — prioritaire,0.0,0.0,Very robust
Gasenyi — Gihamagara,7,714.7509615804524,853.8828052487652,71.30387323816143,71.30387323816143,71.30387323816143,B — prioritaire,0.0,0.0,Very robust
Gasenyi — Giharo,7,799.7720291701128,961.2963307871912,62.6673808033101,62.6673808033101,62.6673808033101,C — secondaire,0.0,0.0,Very robust
Gasenyi — Gihogazi,7,1456.3287744655584,1695.8892844852394,72.4665647713216,72.4665647713216,72.4665647713216,B — prioritaire,0.0,0.0,Very robust
Gasenyi — Gisuru,7,772.4749391391119,935.5987684881908,50.17614635802002,50.17614635802003,50.17614635802002,C — secondaire,0.0,0.0,Very robust
Gasenyi — Gitaza,7,959.0396942518348,1114.5307312507864,72.90644844213026,72.90644844213026,72.90644844213026,B — prioritaire,0.0,0.0,Very robust
Gasenyi — Gitega,7,374.2965582911075,465.8083472676175,56.24864287535462,56.24864287535462,56.24864287535462,C — secondaire,0.0,0.0,Very robust
Gasenyi — Gitega Centre,7,570.9133828439938,685.4106795045687,60.71926056120665,60.71926056120666,60.71926056120665,C — secondaire,0.0,0.0,Very robust
Gasenyi — Giteranyi,7,893.3255756776568,1068.0598275761386,58.77100431228445,58.77100431228445,58.77100431228445,C — secondaire,0.0,0.0,Very robust
Gasenyi — Gitobe,7,805.8737064007819,958.9410644574781,59.294573925511806,59.294573925511806,59.294573925511806,C — secondaire,0.0,0.0,Very robust
Gasenyi — Jene,7,773.011365569471,901.944858386916,72.66463295749624,72.66463295749624,72.66463295749624,B — prioritaire,0.0,0.0,Very robust
Gasenyi — Kamenge,7,707.9357976371348,821.3406327016291,72.99516140951245,72.99516140951245,72.99516140951245,B — prioritaire,0.0,0.0,Very robust
Gasenyi — Kanyosha,7,562.0852850584442,655.9745298821905,72.64720547828901,72.64720547828901,72.64720547828901,B — prioritaire,0.0,0.0,Very robust
Gasenyi — Kayanza,7,1046.882560949662,1214.7054986927124,64.96971135604458,64.96971135604458,64.96971135604458,C — secondaire,0.0,0.0,Very robust
Gasenyi — Kayero,7,812.5699256640419,972.0137321417324,58.92922142498955,58.92922142498954,58.92922142498955,C — secondaire,0.0,0.0,Very robust
Gasenyi — Kayogoro,7,1319.5478576424048,1554.1959429896021,63.28660113636881,63.28660113636881,63.28660113636881,C — secondaire,0.0,0.0,Very robust
Gasenyi — Kayongozi,7,788.0562820730931,947.6914391741831,70.7165986025665,70.7165986025665,70.7165986025665,B — prioritaire,0.0,0.0,Very robust
Gasenyi — Kigamba,7,629.0315911638694,767.6339030702296,70.36421808768822,70.36421808768822,70.36421808768822,B — prioritaire,0.0,0.0,Very robust
Gasenyi — Kinama,7,1071.0579460879944,1240.5043788948549,69.14741514760883,69.14741514760883,69.14741514760883,C — secondaire,0.0,0.0,Very robust
Gasenyi — Kinyinya,7,610.6403107920654,745.114125768028,62.38638745732859,62.38638745732859,62.38638745732859,C — secondaire,0.0,0.0,Very robust
Gasenyi — Kirehe,7,487.24894026838894,598.2959189721666,62.54939859273941,62.54939859273941,62.54939859273941,C — secondaire,0.0,0.0,Very robust
Gasenyi — Kirundo,7,1059.4777402102457,1249.1709152329624,59.56434852445459,59.56434852445459,59.56434852445459,C — secondaire,0.0,0.0,Very robust
Gasenyi — Kivyuka,7,1047.865339852618,1208.8009962225508,65.45849284282679,65.45849284282679,65.45849284282679,C — secondaire,0.0,0.0,Very robust
Gasenyi — Kobero,7,582.163251013119,709.0212664341938,66.60471564980978,66.60471564980978,66.60471564980978,C — secondaire,0.0,0.0,Very robust
Gasenyi — Mabanda,7,1102.7422541219817,1306.3244466237065,63.09727769662169,63.09727769662169,63.09727769662169,C — secondaire,0.0,0.0,Very robust
Gasenyi — Mabayi,7,533.1509957238447,619.1841450245048,72.84160679685189,72.84160679685189,72.84160679685189,B — prioritaire,0.0,0.0,Very robust
Gasenyi — Makamba,7,1294.8355153670634,1524.8233860144558,59.31966852846723,59.31966852846723,59.31966852846723,C — secondaire,0.0,0.0,Very robust
Gasenyi — Marangara,7,990.6002483328158,1164.570308714064,67.94900802450482,67.94900802450482,67.94900802450482,C — secondaire,0.0,0.0,Very robust
Gasenyi — Masanganzira,7,622.1787113219841,744.0168191379933,71.43477706964563,71.43477706964563,71.43477706964563,B — prioritaire,0.0,0.0,Very robust
Gasenyi — Matana,7,943.6432757417416,1110.5916304607465,60.87297559866094,60.87297559866094,60.87297559866094,C — secondaire,0.0,0.0,Very robust
Gasenyi — Mihigo,7,913.9602727084916,1066.9679523036393,72.57880724078018,72.57880724078018,72.57880724078018,B — prioritaire,0.0,0.0,Very robust
Gasenyi — Mishiha,7,764.0371434504106,929.0971283358904,62.0228894484458,62.0228894484458,62.0228894484458,C — secondaire,0.0,0.0,Very robust
Gasenyi — Muhanga,7,1176.90048916347,1370.2468933557727,72.66774244762547,72.66774244762547,72.66774244762547,B — prioritaire,0.0,0.0,Very robust
Gasenyi — Mukenke,7,462.1604187676765,570.4252660432899,54.39090934587904,54.39090934587904,54.39090934587904,C — secondaire,0.0,0.0,Very robust
Gasenyi — Muramvya,7,790.9089984470279,925.0080919376152,61.44079301795059,61.44079301795059,61.44079301795059,C — secondaire,0.0,0.0,Very robust
Gasenyi — Musenyi,7,519.653501566943,602.9686001001184,56.76652924711345,56.76652924711345,56.76652924711345,C — secondaire,0.0,0.0,Very robust
Gasenyi — Mutaho,7,804.6762709270427,948.534544397304,67.96675282189503,67.96675282189503,67.96675282189503,C — secondaire,0.0,0.0,Very robust
Gasenyi — Muyange,7,346.97550967187647,439.53080843080437,58.07928171399478,58.07928171399478,58.07928171399478,C — secondaire,0.0,0.0,Very robust
Gasenyi — Muyinga,7,795.6207156647738,949.4676838563317,63.15088230669762,63.15088230669762,63.15088230669762,C — secondaire,0.0,0.0,Very robust
Gasenyi — Muzinda,7,1012.4563928543896,1168.7188906518813,85.94286047609629,85.94286047609629,85.94286047609629,A — stratégique,1.0,50.0,Very robust
Gasenyi — Mwakiro,7,934.6219384129886,1108.794603034138,67.31714550661773,67.31714550661773,67.31714550661773,C — secondaire,0.0,0.0,Very robust
Gasenyi — Mwaro,7,798.152926322398,938.0869232810276,64.13927331635415,64.13927331635415,64.13927331635415,C — secondaire,0.0,0.0,Very robust
Gasenyi — Ngozi,7,891.3204977085929,1042.782279875111,68.40917260745923,68.40917260745923,68.40917260745923,C — secondaire,0.0,0.0,Very robust
Gasenyi — Nyabihanga,7,992.3124261230988,1163.1840920527566,68.18275243415982,68.18275243415982,68.18275243415982,C — secondaire,0.0,0.0,Very robust
Gasenyi — Nyabikere,7,1078.6504663172136,1270.5942209930913,71.69291373117238,71.69291373117238,71.69291373117238,B — prioritaire,0.0,0.0,Very robust
Gasenyi — Nyagasasa,7,821.9306588517215,964.0091506507378,68.28301156342425,68.28301156342425,68.28301156342425,C — secondaire,0.0,0.0,Very robust
Gasenyi — Rubaho,7,816.6880643078788,980.055760131948,70.77921204849667,70.77921204849667,70.77921204849667,B — prioritaire,0.0,0.0,Very robust
Gasenyi — Rugombo,7,390.0446352022496,450.818207658107,81.43211115555961,81.43211115555961,81.43211115555961,B — prioritaire,1.0,66.66666666666667,Very robust
Gasenyi — Ruhehe,7,498.58807221718143,612.9463686645064,54.40798123516317,54.40798123516317,54.40798123516317,C — secondaire,0.0,0.0,Very robust
Gasenyi — Rumonge,7,649.4837451718826,771.505888216521,63.68569801881055,63.68569801881055,63.68569801881055,C — secondaire,0.0,0.0,Very robust
Gasenyi — Rusaka,7,872.7840881729654,1019.9365423280962,70.400753860251,70.400753860251,70.400753860251,B — prioritaire,0.0,0.0,Very robust
Gasenyi — Rutana,7,543.7798296152372,663.8553966922445,62.597699681613335,62.597699681613335,62.597699681613335,C — secondaire,0.0,0.0,Very robust
Gasenyi — Ruyigi,7,1332.1918174528878,1565.7683834798092,59.472790870179736,59.472790870179736,59.472790870179736,C — secondaire,0.0,0.0,Very robust
Gasenyi — Rwibaga,7,1046.6432277237668,1216.2391081673286,68.86902518677445,68.86902518677445,68.86902518677445,C — secondaire,0.0,0.0,Very robust
Gasenyi — Twinkwavu,7,320.5136727257518,422.7539014538934,57.10284176987933,57.10284176987933,57.10284176987933,C — secondaire,0.0,0.0,Very robust
Gasenyi — Wimpfizi,7,1046.0292328304654,1225.5180606416282,72.20052448676277,72.20052448676277,72.20052448676277,B — prioritaire,0.0,0.0,Very robust
Gasorwe — Gatabo,7,89.02457664559819,122.72163056239924,50.17449129766846,50.17449129766846,50.17449129766846,C — secondaire,0.0,0.0,Very robust
Gasorwe — Gihamagara,7,613.4205458002798,726.8370230572629,63.86043742242022,63.86043742242022,63.86043742242022,C — secondaire,0.0,0.0,Very robust
Gasorwe — Giharo,7,240.9540692927341,309.27129569688617,62.35325552586362,62.35325552586362,62.35325552586362,C — secondaire,0.0,0.0,Very robust
Gasorwe — Gihogazi,7,770.4994888760342,891.1892918040147,69.17906703752683,69.17906703752683,69.17906703752683,C — secondaire,0.0,0.0,Very robust
Gasorwe — Gisuru,7,556.7561203899378,660.6837275956877,63.85062385779757,63.85062385779757,63.85062385779757,C — secondaire,0.0,0.0,Very robust
Gasorwe — Gitaza,7,327.33240851827804,413.79270136497627,62.26699915082542,62.26699915082542,62.26699915082542,C — secondaire,0.0,0.0,Very robust
Gasorwe — Gitega,7,397.4015425109348,480.9744507904006,55.27773195276315,55.27773195276315,55.27773195276315,C — secondaire,0.0,0.0,Very robust
Gasorwe — Gitega Centre,7,107.71336402527044,143.03522058225875,59.90386080276664,59.90386080276664,59.90386080276664,C — secondaire,0.0,0.0,Very robust
Gasorwe — Giteranyi,7,524.3095649881445,611.1984406774588,70.55396537703848,70.55396537703848,70.55396537703848,B — prioritaire,0.0,0.0,Very robust
Gasorwe — Gitobe,7,255.0337202334445,299.2069249571906,84.6645317476621,84.6645317476621,84.6645317476621,B — prioritaire,1.0,50.0,Very robust
Gasorwe — Jene,7,107.4276042939065,143.02420155453132,70.50779997562364,70.50779997562364,70.50779997562364,B — prioritaire,0.0,0.0,Very robust
Gasorwe — Kamenge,7,250.7500424518365,319.12328390793,70.52957173229065,70.52957173229065,70.52957173229065,B — prioritaire,0.0,0.0,Very robust
Gasorwe — Kanyosha,7,430.1027993248873,526.3505571392373,58.84568000970855,58.84568000970855,58.84568000970855,C — secondaire,0.0,0.0,Very robust
Gasorwe — Kayanza,7,425.21826158631353,505.1738112512772,55.86050684080642,55.86050684080642,55.86050684080642,C — secondaire,0.0,0.0,Very robust
Gasorwe — Kayero,7,243.3021163760736,311.50725016117445,58.36681528962554,58.36681528962554,58.36681528962554,C — secondaire,0.0,0.0,Very robust
Gasorwe — Kayogoro,7,612.1705002397916,740.5128706741964,54.77408784617799,54.774087846178,54.77408784617799,C — secondaire,0.0,0.0,Very robust
Gasorwe — Kayongozi,7,277.5824521145309,338.38307462051336,63.32963548061151,63.32963548061151,63.32963548061151,C — secondaire,0.0,0.0,Very robust
Gasorwe — Kigamba,7,803.8513854805575,931.583628063096,69.06980926804104,69.06980926804104,69.06980926804104,C — secondaire,0.0,0.0,Very robust
Gasorwe — Kinama,7,376.5446629773968,457.40783099031296,63.253224137384535,63.25322413738453,63.253224137384535,C — secondaire,0.0,0.0,Very robust
Gasorwe — Kinyinya,7,373.453558619193,458.5034805510826,62.93439062744388,62.93439062744388,62.93439062744388,C — secondaire,0.0,0.0,Very robust
Gasorwe — Kirehe,7,305.99513306054456,355.3043853116619,89.17347529601845,89.17347529601845,89.17347529601845,A — stratégique,1.0,66.66666666666667,Very robust
Gasorwe — Kirundo,7,562.5955341769904,653.4070463615674,68.83787076859595,68.83787076859595,68.83787076859595,C — secondaire,0.0,0.0,Very robust
Gasorwe — Kivyuka,7,551.0411021932734,658.2037792256885,63.56326011031398,63.56326011031398,63.56326011031398,C — secondaire,0.0,0.0,Very robust
Gasorwe — Kobero,7,136.02881770020866,163.40326330008944,92.44751124604564,92.44751124604564,92.44751124604564,A — stratégique,2.0,100.0,Very robust
Gasorwe — Mabanda,7,350.67317298642627,448.96905756561137,41.6402804973377,41.6402804973377,41.6402804973377,D — surveillance,0.0,0.0,Very robust
Gasorwe — Mabayi,7,451.4427530700565,554.5773730300241,70.7108640417585,70.7108640417585,70.7108640417585,B — prioritaire,0.0,0.0,Very robust
Gasorwe — Makamba,7,552.52502971076,675.8104753046113,50.4053609338015,50.4053609338015,50.4053609338015,C — secondaire,0.0,0.0,Very robust
Gasorwe — Marangara,7,343.4193433217012,401.74055970930056,68.36781456493304,68.36781456493304,68.36781456493304,C — secondaire,0.0,0.0,Very robust
Gasorwe — Masanganzira,7,259.4096887904976,300.4606129102132,72.42648973046992,72.42648973046992,72.42648973046992,B — prioritaire,0.0,0.0,Very robust
Gasorwe — Matana,7,441.1452124843291,537.4519993504267,62.99953784342889,62.99953784342889,62.99953784342889,C — secondaire,0.0,0.0,Very robust
Gasorwe — Mihigo,7,404.64193813173887,477.7032389136023,64.1226186178457,64.1226186178457,64.1226186178457,C — secondaire,0.0,0.0,Very robust
Gasorwe — Mishiha,7,205.18973776709856,254.57005332875661,51.015494520284065,51.015494520284065,51.015494520284065,C — secondaire,0.0,0.0,Very robust
Gasorwe — Muhanga,7,380.4240846184917,448.0244771222107,65.64206732073528,65.64206732073528,65.64206732073528,C — secondaire,0.0,0.0,Very robust
Gasorwe — Mukenke,7,462.9606152851569,538.4550599793531,72.71841545005776,72.71841545005776,72.71841545005776,B — prioritaire,0.0,0.0,Very robust
Gasorwe — Muramvya,7,313.77447731386934,381.89017627737246,67.34034970118417,67.34034970118417,67.34034970118417,C — secondaire,0.0,0.0,Very robust
Gasorwe — Musenyi,7,348.0606147720817,431.4386329023208,66.75672246139177,66.75672246139177,66.75672246139177,C — secondaire,0.0,0.0,Very robust
Gasorwe — Mutaho,7,423.0480882368344,497.693999657056,95.16648729427666,95.16648729427666,95.16648729427666,A — stratégique,1.0,100.0,Very robust
Gasorwe — Muyange,7,106.4436110617539,172.943029026466,52.51809881935712,52.51809881935712,52.51809881935712,C — secondaire,0.0,0.0,Very robust
Gasorwe — Muyinga,7,266.39104128079964,308.3408091203427,68.43771508860368,68.43771508860368,68.43771508860368,C — secondaire,0.0,0.0,Very robust
Gasorwe — Muzinda,7,428.0267866460141,521.134349134006,63.05769386453533,63.05769386453533,63.05769386453533,C — secondaire,0.0,0.0,Very robust
Gasorwe — Mwakiro,7,535.4012492890436,621.5472696953044,72.86050245695985,72.86050245695985,72.86050245695985,B — prioritaire,0.0,0.0,Very robust
Gasorwe — Mwaro,7,131.22122876020364,175.72072346865866,58.281258201736705,58.281258201736705,58.281258201736705,C — secondaire,0.0,0.0,Very robust
Gasorwe — Ngozi,7,206.1663487262773,248.21387866046808,56.08108915969191,56.081089159691906,56.08108915969191,C — secondaire,0.0,0.0,Very robust
Gasorwe — Nyabihanga,7,464.9886401491432,554.595920508363,56.2470427468623,56.2470427468623,56.2470427468623,C — secondaire,0.0,0.0,Very robust
Gasorwe — Nyabikere,7,469.81429235408655,549.5735334850848,70.38773813541434,70.38773813541434,70.38773813541434,B — prioritaire,0.0,0.0,Very robust
Gasorwe — Nyagasasa,7,187.3110888541947,244.6682586517978,58.30326411354583,58.30326411354583,58.30326411354583,C — secondaire,0.0,0.0,Very robust
Gasorwe — Rubaho,7,34.49735062066756,75.38647140885753,52.75691696788493,52.75691696788493,52.75691696788493,C — secondaire,0.0,0.0,Very robust
Gasorwe — Rugombo,7,523.5477114425416,639.8053523325179,62.6217165568431,62.62171655684309,62.6217165568431,C — secondaire,0.0,0.0,Very robust
Gasorwe — Ruhehe,7,326.40270341143935,388.22627660490264,59.868703101613605,59.868703101613605,59.868703101613605,C — secondaire,0.0,0.0,Very robust
Gasorwe — Rumonge,7,34.945222109533205,84.05358576122852,56.35290154009077,56.35290154009077,56.35290154009077,C — secondaire,0.0,0.0,Very robust
Gasorwe — Rusaka,7,109.63749447070866,152.1288730588751,58.05867332831168,58.05867332831168,58.05867332831168,C — secondaire,0.0,0.0,Very robust
Gasorwe — Rutana,7,626.2998555574709,750.4105355246304,55.226464821719574,55.226464821719574,55.226464821719574,C — secondaire,0.0,0.0,Very robust
Gasorwe — Ruyigi,7,1039.234355601349,1215.1443124005782,64.32437412464785,64.32437412464785,64.32437412464785,C — secondaire,0.0,0.0,Very robust
Gasorwe — Rwibaga,7,373.4685055168426,456.4058557929324,63.076215943624824,63.076215943624824,63.076215943624824,C — secondaire,0.0,0.0,Very robust
Gasorwe — Twinkwavu,7,331.1110670424405,399.0208835896175,67.57470021973813,67.57470021973813,67.57470021973813,C — secondaire,0.0,0.0,Very robust
Gasorwe — Wimpfizi,7,358.563553970103,436.9228742729013,47.09796518471979,47.09796518471979,47.09796518471979,D — surveillance,0.0,0.0,Very robust
Gatabo — Gihamagara,7,777.1121517508827,903.3219064964102,61.829093905952945,61.829093905952945,61.829093905952945,C — secondaire,0.0,0.0,Very robust
Gatabo — Giharo,7,409.9292712708639,493.1311702589418,59.48075728290419,59.4807572829042,59.48075728290419,C — secondaire,0.0,0.0,Very robust
Gatabo — Gihogazi,7,828.1780064365463,957.4099816156626,73.26464414672044,73.26464414672044,73.26464414672044,B — prioritaire,0.0,0.0,Very robust
Gatabo — Gisuru,7,662.5173065351084,786.7089036579036,67.71108382301202,67.71108382301202,67.71108382301202,C — secondaire,0.0,0.0,Very robust
Gatabo — Gitaza,7,630.8694450497853,740.9449021641938,72.34039132702596,72.34039132702596,72.34039132702596,B — prioritaire,0.0,0.0,Very robust
Gatabo — Gitega,7,815.2947611599504,947.9754630277339,60.75711433990358,60.75711433990358,60.75711433990358,C — secondaire,0.0,0.0,Very robust
Gatabo — Gitega Centre,7,31.13373724709573,44.7576973916124,51.335275985250476,51.335275985250476,51.335275985250476,C — secondaire,0.0,0.0,Very robust
Gatabo — Giteranyi,7,467.0685146118041,566.4986259764875,63.098320235724344,63.09832023572434,63.098320235724344,C — secondaire,0.0,0.0,Very robust
Gatabo — Gitobe,7,188.7172749073956,240.2752498174551,62.71833921436115,62.71833921436115,62.71833921436115,C — secondaire,0.0,0.0,Very robust
Gatabo — Jene,7,294.35276408433475,351.84926003614345,59.74116961919142,59.74116961919142,59.74116961919142,C — secondaire,0.0,0.0,Very robust
Gatabo — Kamenge,7,380.7869012055658,447.98956724683,95.14539912257118,95.14539912257116,95.14539912257118,A — stratégique,2.0,100.0,Very robust
Gatabo — Kanyosha,7,513.6398358563944,602.0741865098832,80.78102702325606,80.78102702325607,80.78102702325606,B — prioritaire,2.0,33.333333333333336,Very robust
Gatabo — Kayanza,7,483.7574410183444,565.0158778650048,64.52847699388808,64.52847699388808,64.52847699388808,C — secondaire,0.0,0.0,Very robust
Gatabo — Kayero,7,433.9572794067646,518.8076271743278,59.661587243852466,59.661587243852466,59.661587243852466,C — secondaire,0.0,0.0,Very robust
Gatabo — Kayogoro,7,737.2016632704828,872.8143905444928,59.72519344452743,59.72519344452743,59.72519344452743,C — secondaire,0.0,0.0,Very robust
Gatabo — Kayongozi,7,312.3022380007272,380.2105728574546,51.23526562841907,51.23526562841907,51.23526562841907,C — secondaire,0.0,0.0,Very robust
Gatabo — Kigamba,7,753.9923897899337,893.181723338543,51.61853292585088,51.61853292585088,51.61853292585088,C — secondaire,0.0,0.0,Very robust
Gatabo — Kinama,7,499.9152979843715,578.6555731361593,73.22539879859369,73.22539879859369,73.22539879859369,B — prioritaire,1.0,33.333333333333336,Very robust
Gatabo — Kinyinya,7,542.4871554848531,644.212269207794,63.83372051819491,63.83372051819491,63.83372051819491,C — secondaire,0.0,0.0,Very robust
Gatabo — Kirehe,7,346.741481749762,420.4606076070408,63.360097672743585,63.360097672743585,63.360097672743585,C — secondaire,0.0,0.0,Very robust
Gatabo — Kirundo,7,348.4924202815158,424.428670406364,71.28413061004017,71.28413061004017,71.28413061004017,B — prioritaire,0.0,0.0,Very robust
Gatabo — Kivyuka,7,620.6431630867598,726.962929322897,72.47942988464386,72.47942988464386,72.47942988464386,B — prioritaire,0.0,0.0,Very robust
Gatabo — Kobero,7,111.74419459434316,156.54625311186138,49.90379022859648,49.903790228596485,49.90379022859648,D — surveillance,0.0,0.0,Very robust
Gatabo — Mabanda,7,578.6051242692228,695.0278375439527,63.252007503743656,63.252007503743656,63.252007503743656,C — secondaire,0.0,0.0,Very robust
Gatabo — Mabayi,7,688.8474098308603,819.2463502132258,71.61022453455952,71.61022453455952,71.61022453455952,B — prioritaire,0.0,0.0,Very robust
Gatabo — Makamba,7,852.0259455175371,1003.2830394440236,60.941103270519235,60.941103270519235,60.941103270519235,C — secondaire,0.0,0.0,Very robust
Gatabo — Marangara,7,407.3627393746926,487.71394709709045,51.70228193814977,51.70228193814977,51.70228193814977,C — secondaire,0.0,0.0,Very robust
Gatabo — Masanganzira,7,262.2493435920562,318.9355581108812,55.34667992598433,55.34667992598433,55.34667992598433,C — secondaire,0.0,0.0,Very robust
Gatabo — Matana,7,487.5345947811044,573.8522997633304,68.25594360272211,68.25594360272211,68.25594360272211,C — secondaire,0.0,0.0,Very robust
Gatabo — Mihigo,7,290.5456193598557,347.2257781383508,65.22295546866454,65.22295546866454,65.22295546866454,C — secondaire,0.0,0.0,Very robust
Gatabo — Mishiha,7,205.99474207647452,274.0698628899178,53.84781482750114,53.847814827501146,53.84781482750114,C — secondaire,0.0,0.0,Very robust
Gatabo — Muhanga,7,369.8322978704246,432.34631308732486,64.3968909126431,64.3968909126431,64.3968909126431,C — secondaire,0.0,0.0,Very robust
Gatabo — Mukenke,7,438.8285760252683,529.800769725115,67.35717154052213,67.35717154052213,67.35717154052213,C — secondaire,0.0,0.0,Very robust
Gatabo — Muramvya,7,389.9230328630559,448.5627855127382,97.95656401641806,97.95656401641806,97.95656401641806,A — stratégique,2.0,100.0,Very robust
Gatabo — Musenyi,7,453.8224327597052,533.4401486113022,72.329764159066,72.329764159066,72.329764159066,B — prioritaire,0.0,0.0,Very robust
Gatabo — Mutaho,7,420.0062661865416,486.77594836566067,72.78372328800221,72.78372328800221,72.78372328800221,B — prioritaire,0.0,0.0,Very robust
Gatabo — Muyange,7,375.0427623445504,465.4786090048074,66.61754903010859,66.61754903010859,66.61754903010859,C — secondaire,0.0,0.0,Very robust
Gatabo — Muyinga,7,213.9180691263871,268.26103562559445,58.868516337870666,58.868516337870666,58.868516337870666,C — secondaire,0.0,0.0,Very robust
Gatabo — Muzinda,7,605.8966231775212,704.6668927903662,93.65817769014365,93.65817769014363,93.65817769014365,A — stratégique,2.0,83.33333333333333,Very robust
Gatabo — Mwakiro,7,650.0194944945466,763.2328340214724,61.276305241642795,61.276305241642795,61.276305241642795,C — secondaire,0.0,0.0,Very robust
Gatabo — Mwaro,7,248.4838121859836,291.8880120797072,68.10013713290115,68.10013713290115,68.10013713290115,C — secondaire,0.0,0.0,Very robust
Gatabo — Ngozi,7,314.6803169304296,373.453855827327,59.920272268021236,59.920272268021236,59.920272268021236,C — secondaire,0.0,0.0,Very robust
Gatabo — Nyabihanga,7,633.9671964676463,733.0918159147055,69.1006268591818,69.1006268591818,69.1006268591818,C — secondaire,0.0,0.0,Very robust
Gatabo — Nyabikere,7,505.8897770378084,592.6722118733463,72.46788916102645,72.46788916102645,72.46788916102645,B — prioritaire,0.0,0.0,Very robust
Gatabo — Nyagasasa,7,267.0279872478016,316.1001168204865,67.98253151450425,67.98253151450425,67.98253151450425,C — secondaire,0.0,0.0,Very robust
Gatabo — Rubaho,7,105.52181652606929,146.78839651117255,50.01423822069346,50.01423822069346,50.01423822069346,C — secondaire,0.0,0.0,Very robust
Gatabo — Rugombo,7,788.0970356884159,929.3421087236068,71.9858632302192,71.9858632302192,71.9858632302192,B — prioritaire,0.0,0.0,Very robust
Gatabo — Ruhehe,7,383.4110561826314,469.0895768401754,55.523070601704006,55.523070601704,55.523070601704006,C — secondaire,0.0,0.0,Very robust
Gatabo — Rumonge,7,325.9854070598455,398.82384731136244,71.20719674556779,71.20719674556779,71.20719674556779,B — prioritaire,0.0,0.0,Very robust
Gatabo — Rusaka,7,328.9152651906289,381.80777251026944,97.5672601116668,97.5672601116668,97.5672601116668,A — stratégique,2.0,100.0,Very robust
Gatabo — Rutana,7,785.1774185881618,921.3936553949264,60.22478530202243,60.22478530202243,60.22478530202243,C — secondaire,0.0,0.0,Very robust
Gatabo — Ruyigi,7,1064.5546344136133,1236.2293107169455,66.3491280453895,66.3491280453895,66.3491280453895,C — secondaire,0.0,0.0,Very robust
Gatabo — Rwibaga,7,444.7462762367628,516.9418981014696,76.88724102011851,76.88724102011851,76.88724102011851,B — prioritaire,1.0,16.666666666666668,Very robust
Gatabo — Twinkwavu,7,296.4005954194629,372.72339775119866,62.549407290865496,62.549407290865496,62.549407290865496,C — secondaire,0.0,0.0,Very robust
Gatabo — Wimpfizi,7,591.9063801681017,688.5016389291865,60.73579467100531,60.73579467100531,60.73579467100531,C — secondaire,0.0,0.0,Very robust
Gihamagara — Giharo,7,1067.2944096787423,1230.1651821480325,69.56264593936605,69.56264593936605,69.56264593936605,C — secondaire,0.0,0.0,Very robust
Gihamagara — Gihogazi,7,1192.7364149097607,1379.8424543898975,65.22436315648605,65.22436315648605,65.22436315648605,C — secondaire,0.0,0.0,Very robust
Gihamagara — Gisuru,7,1355.135503916547,1565.4061539642346,73.42091416724662,73.42091416724664,73.42091416724662,B — prioritaire,0.0,0.0,Very robust
Gihamagara — Gitaza,7,1144.164025474582,1333.858087774821,72.56503865152202,72.56503865152202,72.56503865152202,B — prioritaire,0.0,0.0,Very robust
Gihamagara — Gitega,7,534.5276721330702,612.0586081522681,96.31050948587225,96.31050948587225,96.31050948587225,A — stratégique,1.0,100.0,Very robust
Gihamagara — Gitega Centre,7,105.72609331998494,127.00368342285067,60.68477479483874,60.68477479483874,60.68477479483874,C — secondaire,0.0,0.0,Very robust
Gihamagara — Giteranyi,7,974.1968548559764,1150.66677722399,67.59486456899774,67.59486456899774,67.59486456899774,C — secondaire,0.0,0.0,Very robust
Gihamagara — Gitobe,7,600.9115879534166,718.5558034086072,63.42669568131657,63.42669568131657,63.42669568131657,C — secondaire,0.0,0.0,Very robust
Gihamagara — Jene,7,588.6278836003524,701.7306652572939,63.59511056433896,63.59511056433896,63.59511056433896,C — secondaire,0.0,0.0,Very robust
Gihamagara — Kamenge,7,839.236584413014,984.0533327484344,76.47929837112868,76.47929837112868,76.47929837112868,B — prioritaire,1.0,16.666666666666668,Very robust
Gihamagara — Kanyosha,7,708.2930078778634,833.9134928047987,80.49316440870751,80.4931644087075,80.49316440870751,B — prioritaire,1.0,33.333333333333336,Very robust
Gihamagara — Kayanza,7,1032.6306645165414,1206.0205885070893,68.45173325132282,68.45173325132282,68.45173325132282,C — secondaire,0.0,0.0,Very robust
Gihamagara — Kayero,7,1167.2549342770924,1342.597913229865,67.21773517408116,67.21773517408116,67.21773517408116,C — secondaire,0.0,0.0,Very robust
Gihamagara — Kayogoro,7,1349.1427294941118,1558.010606068905,69.4290264957809,69.4290264957809,69.4290264957809,C — secondaire,0.0,0.0,Very robust
Gihamagara — Kayongozi,7,950.9693205018189,1101.7154776436366,69.12075602803333,69.12075602803333,69.12075602803333,C — secondaire,0.0,0.0,Very robust
Gihamagara — Kigamba,7,271.7238722801163,334.3544604057641,59.10756904545427,59.10756904545427,59.10756904545427,C — secondaire,0.0,0.0,Very robust
Gihamagara — Kinama,7,1087.0387889088363,1264.7009953418824,61.70753046937501,61.70753046937501,61.70753046937501,C — secondaire,0.0,0.0,Very robust
Gihamagara — Kinyinya,7,1217.1652072119678,1402.0256570908434,98.69644277024454,98.69644277024454,98.69644277024454,A — stratégique,1.0,100.0,Very robust
Gihamagara — Kirehe,7,602.9905356747433,714.7993244320329,67.8748877311096,67.8748877311096,67.8748877311096,C — secondaire,0.0,0.0,Very robust
Gihamagara — Kirundo,7,935.6889385333592,1102.9984839428682,71.8294045265743,71.8294045265743,71.8294045265743,B — prioritaire,0.0,0.0,Very robust
Gihamagara — Kivyuka,7,1181.6704595949366,1382.6410681121156,72.18910918822377,72.18910918822377,72.18910918822377,B — prioritaire,0.0,0.0,Very robust
Gihamagara — Kobero,7,682.7108646481286,813.4941791349123,63.46394236257843,63.46394236257843,63.46394236257843,C — secondaire,0.0,0.0,Very robust
Gihamagara — Mabanda,7,1161.1526037652795,1350.475023042263,64.72613145536698,64.72613145536698,64.72613145536698,C — secondaire,0.0,0.0,Very robust
Gihamagara — Mabayi,7,913.2758333290571,1089.4570037124531,66.94184520757403,66.94184520757403,66.94184520757403,C — secondaire,0.0,0.0,Very robust
Gihamagara — Makamba,7,1571.93865135989,1816.142304233604,71.2568651436022,71.2568651436022,71.2568651436022,B — prioritaire,0.0,0.0,Very robust
Gihamagara — Marangara,7,1046.8128109214342,1227.0506815377576,57.84461795657717,57.84461795657717,57.84461795657717,C — secondaire,0.0,0.0,Very robust
Gihamagara — Masanganzira,7,429.2660581626095,517.0131417839756,67.45941300469215,67.45941300469215,67.45941300469215,C — secondaire,0.0,0.0,Very robust
Gihamagara — Matana,7,1195.9704935280586,1379.422837512025,86.063804149694,86.063804149694,86.063804149694,A — stratégique,2.0,50.0,Very robust
Gihamagara — Mihigo,7,502.6699195357196,600.3325460867371,47.541088666874735,47.541088666874735,47.541088666874735,D — surveillance,0.0,0.0,Very robust
Gihamagara — Mishiha,7,737.0002634370096,870.5929100444329,63.88697704279375,63.88697704279375,63.88697704279375,C — secondaire,0.0,0.0,Very robust
Gihamagara — Muhanga,7,762.093800077294,890.4382166045546,60.50698023860087,60.50698023860087,60.50698023860087,C — secondaire,0.0,0.0,Very robust
Gihamagara — Mukenke,7,527.3923169473547,637.8239618345807,63.06368655966095,63.06368655966095,63.06368655966095,C — secondaire,0.0,0.0,Very robust
Gihamagara — Muramvya,7,453.82594016949446,536.7884126440691,68.07891604242803,68.07891604242803,68.07891604242803,C — secondaire,0.0,0.0,Very robust
Gihamagara — Musenyi,7,794.7744881908443,937.9574672246473,71.92721442755143,71.92721442755143,71.92721442755143,B — prioritaire,0.0,0.0,Very robust
Gihamagara — Mutaho,7,405.9690160494122,479.5580825926053,60.07848155249484,60.07848155249484,60.07848155249484,C — secondaire,0.0,0.0,Very robust
Gihamagara — Muyange,7,997.5902418406068,1166.6400802174028,72.39225355343213,72.39225355343213,72.39225355343213,B — prioritaire,0.0,0.0,Very robust
Gihamagara — Muyinga,7,876.8626944892768,1029.8063217017536,61.101350334602266,61.101350334602266,61.101350334602266,C — secondaire,0.0,0.0,Very robust
Gihamagara — Muzinda,7,1093.9590786086608,1277.3103828322833,72.45747057688257,72.45747057688257,72.45747057688257,B — prioritaire,0.0,0.0,Very robust
Gihamagara — Mwakiro,7,1160.172068935059,1346.684573829311,72.96089035250218,72.96089035250218,72.96089035250218,B — prioritaire,0.0,0.0,Very robust
Gihamagara — Mwaro,7,835.7367704749979,966.3711082035704,73.25263626207733,73.25263626207733,73.25263626207733,B — prioritaire,0.0,0.0,Very robust
Gihamagara — Ngozi,7,801.3607495977673,939.1867535419003,68.34570873050764,68.34570873050764,68.34570873050764,C — secondaire,0.0,0.0,Very robust
Gihamagara — Nyabihanga,7,1162.679167411812,1337.3272608907766,69.78835370484903,69.78835370484903,69.78835370484903,C — secondaire,0.0,0.0,Very robust
Gihamagara — Nyabikere,7,1083.407573705601,1251.8535564452577,73.37732484069693,73.37732484069693,73.37732484069693,B — prioritaire,0.0,0.0,Very robust
Gihamagara — Nyagasasa,7,908.3926115397784,1054.1519969456192,68.99347471925122,68.99347471925122,68.99347471925122,C — secondaire,0.0,0.0,Very robust
Gihamagara — Rubaho,7,800.6655158408416,926.9741619317892,65.1071130821062,65.1071130821062,65.1071130821062,C — secondaire,0.0,0.0,Very robust
Gihamagara — Rugombo,7,463.8731516719703,572.0631318594158,66.49135175171375,66.49135175171375,66.49135175171375,C — secondaire,0.0,0.0,Very robust
Gihamagara — Ruhehe,7,574.1649077678082,694.5820570433464,62.92753444512693,62.92753444512693,62.92753444512693,C — secondaire,0.0,0.0,Very robust
Gihamagara — Rumonge,7,920.8157457682051,1075.944103614945,93.34144380453071,93.34144380453071,93.34144380453071,A — stratégique,1.0,83.33333333333333,Very robust
Gihamagara — Rusaka,7,864.7532278063861,1003.1799490281336,83.41418170748449,83.4141817074845,83.41418170748449,B — prioritaire,1.0,50.0,Very robust
Gihamagara — Rutana,7,310.6688863363236,364.9331867155673,68.21618809741419,68.21618809741419,68.21618809741419,C — secondaire,0.0,0.0,Very robust
Gihamagara — Ruyigi,7,1988.009178468848,2280.042599185062,72.33656002844111,72.33656002844111,72.33656002844111,B — prioritaire,0.0,0.0,Very robust
Gihamagara — Rwibaga,7,1117.548941898722,1294.252119956595,73.17749844080919,73.1774984408092,73.17749844080919,B — prioritaire,0.0,0.0,Very robust
Gihamagara — Twinkwavu,7,761.9366824338382,893.3718844716448,64.31733009159726,64.31733009159726,64.31733009159726,C — secondaire,0.0,0.0,Very robust
Gihamagara — Wimpfizi,7,1160.2501042023855,1334.7943909438795,78.10239655901071,78.10239655901071,78.10239655901071,B — prioritaire,1.0,33.333333333333336,Very robust
Giharo — Gihogazi,7,446.1811033471624,534.9498988630694,59.54458111279795,59.54458111279795,59.54458111279795,C — secondaire,0.0,0.0,Very robust
Giharo — Gisuru,7,432.25189334438346,506.4791171475928,64.38184064024404,64.38184064024404,64.38184064024404,C — secondaire,0.0,0.0,Very robust
Giharo — Gitaza,7,192.49164854402497,255.63817080458207,62.029683438138335,62.02968343813833,62.029683438138335,C — secondaire,0.0,0.0,Very robust
Giharo — Gitega,7,777.5230398983485,898.1742905278637,69.26106004617597,69.26106004617597,69.26106004617597,C — secondaire,0.0,0.0,Very robust
Giharo — Gitega Centre,7,160.54605728441035,199.1019122647473,52.49895772766435,52.49895772766435,52.49895772766435,C — secondaire,0.0,0.0,Very robust
Giharo — Giteranyi,7,139.4022110073495,202.32238186029255,57.26036250354821,57.26036250354821,57.26036250354821,C — secondaire,0.0,0.0,Very robust
Giharo — Gitobe,7,295.8453264182768,378.6565076078329,62.112179893113385,62.112179893113385,62.112179893113385,C — secondaire,0.0,0.0,Very robust
Giharo — Jene,7,385.2444637294357,478.5559044554725,62.524326076021275,62.524326076021275,62.524326076021275,C — secondaire,0.0,0.0,Very robust
Giharo — Kamenge,7,538.8448520026749,650.9950868582895,67.1056570153614,67.1056570153614,67.1056570153614,C — secondaire,0.0,0.0,Very robust
Giharo — Kanyosha,7,774.5396754675236,919.8705612003671,67.52668523039739,67.52668523039739,67.52668523039739,C — secondaire,0.0,0.0,Very robust
Giharo — Kayanza,7,221.7978269564341,288.80133012418594,58.156984162624646,58.156984162624646,58.156984162624646,C — secondaire,0.0,0.0,Very robust
Giharo — Kayero,7,292.9259343284252,339.06093271218225,76.71036243660362,76.71036243660362,76.71036243660362,B — prioritaire,1.0,16.666666666666668,Very robust
Giharo — Kayogoro,7,679.7270074182014,790.973232036372,72.96286468937646,72.96286468937646,72.96286468937646,B — prioritaire,1.0,16.666666666666668,Very robust
Giharo — Kayongozi,7,180.23895109949507,222.48047847121217,63.186437221928536,63.186437221928536,63.186437221928536,C — secondaire,0.0,0.0,Very robust
Giharo — Kigamba,7,958.7450375845732,1119.9980441076743,56.4040013630753,56.4040013630753,56.4040013630753,C — secondaire,0.0,0.0,Very robust
Giharo — Kinama,7,179.36136925523505,236.94880053795788,54.150938737084154,54.150938737084154,54.150938737084154,C — secondaire,0.0,0.0,Very robust
Giharo — Kinyinya,7,519.5777535838192,599.0109806787799,98.12909691672175,98.12909691672175,98.12909691672175,A — stratégique,2.0,100.0,Very robust
Giharo — Kirehe,7,486.63117026651673,587.6340143999358,55.17426302302119,55.17426302302119,55.17426302302119,C — secondaire,0.0,0.0,Very robust
Giharo — Kirundo,7,174.87610555198594,242.4533892365654,61.49913829560458,61.49913829560459,61.49913829560458,C — secondaire,0.0,0.0,Very robust
Giharo — Kivyuka,7,291.3112235593617,374.53449695401196,66.05205953482226,66.05205953482226,66.05205953482226,C — secondaire,0.0,0.0,Very robust
Giharo — Kobero,7,193.2783532650552,259.8799365421666,61.81823324083046,61.81823324083046,61.81823324083046,C — secondaire,0.0,0.0,Very robust
Giharo — Mabanda,7,417.24248016483614,498.30119035635835,63.88081124766931,63.88081124766931,63.88081124766931,C — secondaire,1.0,16.666666666666668,Very robust
Giharo — Mabayi,7,537.9757957689503,669.9895167581217,57.6901701412428,57.6901701412428,57.6901701412428,C — secondaire,0.0,0.0,Very robust
Giharo — Makamba,7,484.4297312244833,571.9025125247783,68.28230584794005,68.28230584794005,68.28230584794005,C — secondaire,1.0,16.666666666666668,Very robust
Giharo — Marangara,3,-41.15870668542165,-7.239173436609342,50.50808628430284,50.50808628430284,50.50808628430284,C — secondaire,0.0,0.0,Moderate
Giharo — Masanganzira,7,423.9540164150055,519.8685733207167,62.819032537853424,62.819032537853424,62.819032537853424,C — secondaire,0.0,0.0,Very robust
Giharo — Matana,7,383.83513111746834,457.6019373360578,88.53550169955092,88.53550169955092,88.53550169955092,A — stratégique,1.0,66.66666666666667,Very robust
Giharo — Mihigo,7,632.0496981402702,757.4585837744015,63.253531231829186,63.253531231829186,63.253531231829186,C — secondaire,0.0,0.0,Very robust
Giharo — Mishiha,7,155.36372419327483,205.92792093997497,58.271878475139125,58.271878475139125,58.271878475139125,C — secondaire,0.0,0.0,Very robust
Giharo — Muhanga,7,112.18078020637684,156.94391294558994,53.93818800755379,53.93818800755379,53.93818800755379,C — secondaire,0.0,0.0,Very robust
Giharo — Mukenke,7,503.93061425611495,617.8851981097638,66.57332138296613,66.57332138296613,66.57332138296613,C — secondaire,0.0,0.0,Very robust
Giharo — Muramvya,7,682.5979041339199,807.6889272002516,71.9036528342804,71.9036528342804,71.9036528342804,B — prioritaire,0.0,0.0,Very robust
Giharo — Musenyi,7,596.1005040305691,720.6842331559584,70.94629558034896,70.94629558034896,70.94629558034896,B — prioritaire,0.0,0.0,Very robust
Giharo — Mutaho,7,601.2607961784956,712.0121217907841,67.92718607160688,67.92718607160688,67.92718607160688,C — secondaire,0.0,0.0,Very robust
Giharo — Muyange,7,514.4353182401638,612.4721903886417,76.11305057057646,76.11305057057646,76.11305057057646,B — prioritaire,1.0,33.333333333333336,Very robust
Giharo — Muyinga,7,143.47439079688823,197.44769491295213,53.856544480191864,53.856544480191864,53.856544480191864,C — secondaire,0.0,0.0,Very robust
Giharo — Muzinda,7,293.17469444838525,371.91097733502244,70.39825712461209,70.39825712461209,70.39825712461209,B — prioritaire,0.0,0.0,Very robust
Giharo — Mwakiro,7,288.90079242751347,359.0562178975057,62.86085652116649,62.86085652116649,62.86085652116649,C — secondaire,0.0,0.0,Very robust
Giharo — Mwaro,7,414.7658380646586,495.5080623134254,67.75525754677577,67.75525754677577,67.75525754677577,C — secondaire,0.0,0.0,Very robust
Giharo — Ngozi,7,124.95403199091174,175.25666999610513,57.827384129831515,57.827384129831515,57.827384129831515,C — secondaire,0.0,0.0,Very robust
Giharo — Nyabihanga,7,326.0120599067265,391.22646710288274,63.66385789831378,63.66385789831378,63.66385789831378,C — secondaire,0.0,0.0,Very robust
Giharo — Nyabikere,7,179.98429719805472,227.48005765630904,66.87590871282637,66.87590871282637,66.87590871282637,C — secondaire,0.0,0.0,Very robust
Giharo — Nyagasasa,7,549.0900525584932,652.1692682393544,67.84380641991544,67.84380641991544,67.84380641991544,C — secondaire,0.0,0.0,Very robust
Giharo — Rubaho,7,362.6739562806489,416.6198918345639,93.90259328602886,93.90259328602886,93.90259328602886,A — stratégique,1.0,100.0,Very robust
Giharo — Rugombo,7,734.6174192616306,891.7317431121273,62.2399965468979,62.2399965468979,62.2399965468979,C — secondaire,0.0,0.0,Very robust
Giharo — Ruhehe,7,309.85447478643505,401.4682766227579,45.60406569530672,45.60406569530672,45.60406569530672,D — surveillance,0.0,0.0,Very robust
Giharo — Rumonge,7,198.0399012419182,254.88969938939354,58.486477326471636,58.486477326471636,58.486477326471636,C — secondaire,0.0,0.0,Very robust
Giharo — Rusaka,7,421.9427398404911,507.35741107449627,63.502921945102294,63.502921945102294,63.502921945102294,C — secondaire,0.0,0.0,Very robust
Giharo — Rutana,7,1148.2017739117773,1322.3386539621902,73.83252114691805,73.83252114691807,73.83252114691805,B — prioritaire,1.0,16.666666666666668,Very robust
Giharo — Ruyigi,7,1039.7010056943066,1197.7124098689885,69.59660126198384,69.59660126198384,69.59660126198384,C — secondaire,0.0,0.0,Very robust
Giharo — Rwibaga,7,292.722009488383,361.8393597807358,62.97874492857096,62.97874492857096,62.97874492857096,C — secondaire,0.0,0.0,Very robust
Giharo — Twinkwavu,7,620.7375125386769,729.2808776594333,60.25337881958383,60.25337881958383,60.25337881958383,C — secondaire,0.0,0.0,Very robust
Giharo — Wimpfizi,7,274.5946424550509,331.362938480736,63.55488073892715,63.554880738927146,63.55488073892715,C — secondaire,0.0,0.0,Very robust
Gihogazi — Gisuru,7,795.8532158082959,938.0786847749839,67.98037938405972,67.98037938405972,67.98037938405972,C — secondaire,0.0,0.0,Very robust
Gihogazi — Gitaza,7,603.2739870895165,719.4827567526498,67.57719606421912,67.57719606421912,67.57719606421912,C — secondaire,0.0,0.0,Very robust
Gihogazi — Gitega,7,1060.7206116204154,1229.9835392658922,69.04672052704933,69.04672052704933,69.04672052704933,C — secondaire,0.0,0.0,Very robust
Gihogazi — Gitega Centre,7,11.164568356054616,23.473035581166304,42.592741680899366,42.59274168089936,42.592741680899366,D — surveillance,0.0,0.0,Very robust
Gihogazi — Giteranyi,7,416.5054541705412,498.5598906445176,71.7131379004469,71.7131379004469,71.7131379004469,B — prioritaire,0.0,0.0,Very robust
Gihogazi — Gitobe,7,684.0504002962066,797.9417512698026,60.61413766533587,60.61413766533587,60.61413766533587,C — secondaire,0.0,0.0,Very robust
Gihogazi — Jene,7,797.1859612338106,926.9215082430617,68.85670302995553,68.85670302995553,68.85670302995553,C — secondaire,0.0,0.0,Very robust
Gihogazi — Kamenge,7,1088.589963391282,1267.1503831676923,81.20656303347097,81.20656303347097,81.20656303347097,B — prioritaire,2.0,50.0,Very robust
Gihogazi — Kanyosha,7,1317.9427217888654,1531.5205150523707,76.95518690869451,76.95518690869451,76.95518690869451,B — prioritaire,1.0,16.666666666666668,Very robust
Gihogazi — Kayanza,7,714.3226217366931,829.6159724585826,93.77150239602976,93.77150239602976,93.77150239602976,A — stratégique,2.0,83.33333333333333,Very robust
Gihogazi — Kayero,7,445.5075854855541,533.5293672080944,63.6119394566452,63.6119394566452,63.6119394566452,C — secondaire,0.0,0.0,Very robust
Gihogazi — Kayogoro,7,131.31196934927263,181.89041629254552,61.933427594346846,61.933427594346846,61.933427594346846,C — secondaire,0.0,0.0,Very robust
Gihogazi — Kayongozi,7,519.1075020905603,615.3630268959541,59.9059551960934,59.90595519609341,59.9059551960934,C — secondaire,0.0,0.0,Very robust
Gihogazi — Kigamba,7,1377.1380577919333,1594.6822590536854,57.05098616953135,57.05098616953135,57.05098616953135,C — secondaire,0.0,0.0,Very robust
Gihogazi — Kinama,7,648.8869839168422,759.1519588215035,68.509782464045,68.509782464045,68.509782464045,C — secondaire,0.0,0.0,Very robust
Gihogazi — Kinyinya,7,867.1782035514498,1015.18255552205,68.37937113063381,68.37937113063381,68.37937113063381,C — secondaire,0.0,0.0,Very robust
Gihogazi — Kirehe,7,1028.2818068964532,1188.68873209848,69.30474136763067,69.30474136763067,69.30474136763067,C — secondaire,0.0,0.0,Very robust
Gihogazi — Kirundo,7,581.1493508761497,682.1805460897784,72.3827617536976,72.3827617536976,72.3827617536976,B — prioritaire,0.0,0.0,Very robust
Gihogazi — Kivyuka,7,792.3846307220113,928.8154663094334,72.36605683977393,72.36605683977393,72.36605683977393,B — prioritaire,0.0,0.0,Very robust
Gihogazi — Kobero,7,779.0194639626933,908.8158639840112,64.62292509824331,64.62292509824331,64.62292509824331,C — secondaire,0.0,0.0,Very robust
Gihogazi — Mabanda,7,120.65624209590678,177.02271746967418,69.46233015999259,69.46233015999259,69.46233015999259,C — secondaire,0.0,0.0,Very robust
Gihogazi — Mabayi,7,1232.703081598794,1442.2368315423403,68.2639853547758,68.2639853547758,68.2639853547758,C — secondaire,1.0,16.666666666666668,Very robust
Gihogazi — Makamba,7,116.82305229390032,168.71380469738588,65.65327696357721,65.65327696357721,65.65327696357721,C — secondaire,0.0,0.0,Very robust
Gihogazi — Marangara,7,401.6969326224087,474.5920245524608,68.1225740942005,68.1225740942005,68.1225740942005,C — secondaire,0.0,0.0,Very robust
Gihogazi — Masanganzira,7,984.5700260609552,1136.0164102800916,66.87173141864899,66.87173141864899,66.87173141864899,C — secondaire,0.0,0.0,Very robust
Gihogazi — Matana,7,720.9832836247498,847.7797666963213,72.22310722331191,72.22310722331191,72.22310722331191,B — prioritaire,0.0,0.0,Very robust
Gihogazi — Mihigo,7,950.2287417971808,1097.5014107702202,69.35307927205324,69.35307927205324,69.35307927205324,C — secondaire,0.0,0.0,Very robust
Gihogazi — Mishiha,7,395.4748116030065,479.9525715441454,55.19332937897831,55.19332937897831,55.19332937897831,C — secondaire,0.0,0.0,Very robust
Gihogazi — Muhanga,7,454.1548875663973,525.5235598141701,72.89041404083645,72.89041404083645,72.89041404083645,B — prioritaire,0.0,0.0,Very robust
Gihogazi — Mukenke,7,1024.2123898067532,1190.076991980672,66.30911263937989,66.30911263937989,66.30911263937989,C — secondaire,0.0,0.0,Very robust
Gihogazi — Muramvya,7,969.6895071048176,1121.448927330636,98.28276432846349,98.28276432846349,98.28276432846349,A — stratégique,1.0,100.0,Very robust
Gihogazi — Musenyi,7,1166.0510285105363,1357.5179605045155,72.68033342996313,72.68033342996313,72.68033342996313,B — prioritaire,0.0,0.0,Very robust
Gihogazi — Mutaho,7,829.7787968504538,953.1870406501946,94.65940150258534,94.65940150258534,94.65940150258534,A — stratégique,1.0,100.0,Very robust
Gihogazi — Muyange,7,866.4266801712342,1032.4252603591,67.12678790763205,67.12678790763205,67.12678790763205,C — secondaire,0.0,0.0,Very robust
Gihogazi — Muyinga,7,686.792794273078,798.014188688462,68.87872279994801,68.87872279994801,68.87872279994801,C — secondaire,0.0,0.0,Very robust
Gihogazi — Muzinda,7,811.8667091099923,950.3043070471394,84.94645348378336,84.94645348378336,84.94645348378336,B — prioritaire,1.0,50.0,Very robust
Gihogazi — Mwakiro,7,621.8505384558596,720.909341909654,89.94001961607779,89.9400196160778,89.94001961607779,A — stratégique,2.0,100.0,Very robust
Gihogazi — Mwaro,7,763.2786541129692,887.6187917627011,77.17944633334591,77.17944633334591,77.17944633334591,B — prioritaire,1.0,33.333333333333336,Very robust
Gihogazi — Ngozi,7,608.3943418387067,703.7981933594457,69.05883116344225,69.05883116344225,69.05883116344225,C — secondaire,0.0,0.0,Very robust
Gihogazi — Nyabihanga,7,558.3911783292336,651.2164512839572,68.65140881277681,68.65140881277681,68.65140881277681,C — secondaire,0.0,0.0,Very robust
Gihogazi — Nyabikere,7,558.5354816148847,645.0366004063791,98.10875860769391,98.1087586076939,98.10875860769391,A — stratégique,1.0,100.0,Very robust
Gihogazi — Nyagasasa,7,1013.05971420696,1177.9276983744114,72.85269714885628,72.85269714885628,72.85269714885628,B — prioritaire,0.0,0.0,Very robust
Gihogazi — Rubaho,7,620.2539846750961,735.9560460036125,63.78282147260284,63.78282147260284,63.78282147260284,C — secondaire,0.0,0.0,Very robust
Gihogazi — Rugombo,7,1371.4752384467472,1603.6558950486058,68.04376972590691,68.04376972590691,68.04376972590691,C — secondaire,0.0,0.0,Very robust
Gihogazi — Ruhehe,7,835.6237201105988,977.7622906188279,68.43217405097127,68.43217405097127,68.43217405097127,C — secondaire,0.0,0.0,Very robust
Gihogazi — Rumonge,7,689.858648986831,822.0727984229276,71.49699208785523,71.49699208785523,71.49699208785523,B — prioritaire,0.0,0.0,Very robust
Gihogazi — Rusaka,7,757.3861198234742,881.9597413529176,68.76342575778712,68.76342575778712,68.76342575778712,C — secondaire,0.0,0.0,Very robust
Gihogazi — Rutana,7,1399.5053246669513,1625.004081142979,68.8120137003132,68.8120137003132,68.8120137003132,C — secondaire,0.0,0.0,Very robust
Gihogazi — Ruyigi,7,745.2149881312448,870.2555997705332,72.61856971657296,72.61856971657296,72.61856971657296,B — prioritaire,0.0,0.0,Very robust
Gihogazi — Rwibaga,7,794.7243323941408,927.3878113117746,93.627139650721,93.627139650721,93.627139650721,A — stratégique,2.0,100.0,Very robust
Gihogazi — Twinkwavu,7,1054.4409393538162,1233.5974574373502,68.290893073228,68.290893073228,68.290893073228,C — secondaire,0.0,0.0,Very robust
Gihogazi — Wimpfizi,7,414.1401839439494,490.71280111883533,72.05309807171456,72.05309807171456,72.05309807171456,B — prioritaire,0.0,0.0,Very robust
Gisuru — Gitaza,7,320.2784030332416,408.0202224428179,66.11807850478112,66.11807850478112,66.11807850478112,C — secondaire,0.0,0.0,Very robust
Gisuru — Gitega,7,992.4618669499116,1150.1119892642478,65.07612215777115,65.07612215777115,65.07612215777115,C — secondaire,0.0,0.0,Very robust
Gisuru — Gitega Centre,7,362.0700925486551,434.3207885208522,53.02487205034212,53.02487205034212,53.02487205034212,C — secondaire,0.0,0.0,Very robust
Gisuru — Giteranyi,7,411.4559780126888,500.9314841641682,64.55471799388,64.55471799388,64.55471799388,C — secondaire,0.0,0.0,Very robust
Gisuru — Gitobe,7,598.201232128918,714.240124626679,59.480182713635195,59.480182713635195,59.480182713635195,C — secondaire,0.0,0.0,Very robust
Gisuru — Jene,7,625.1730557872334,756.7942967659571,62.748751190111236,62.748751190111236,62.748751190111236,C — secondaire,0.0,0.0,Very robust
Gisuru — Kamenge,7,604.8501619716737,731.9288388450032,62.826378082786995,62.826378082786995,62.826378082786995,C — secondaire,0.0,0.0,Very robust
Gisuru — Kanyosha,7,758.2393854365228,906.7407703299384,63.09968665755319,63.09968665755319,63.09968665755319,C — secondaire,0.0,0.0,Very robust
Gisuru — Kayanza,7,384.90394935438246,479.41968146933857,46.00306558772376,46.00306558772376,46.00306558772376,D — surveillance,0.0,0.0,Very robust
Gisuru — Kayero,7,301.99000252411406,361.7743010817632,63.71463939756495,63.71463939756495,63.71463939756495,C — secondaire,0.0,0.0,Very robust
Gisuru — Kayogoro,7,823.3270756138903,967.4420289773816,64.1330694115635,64.1330694115635,64.1330694115635,C — secondaire,0.0,0.0,Very robust
Gisuru — Kayongozi,7,516.879728183799,602.6080423644853,72.66981671876331,72.66981671876331,72.66981671876331,B — prioritaire,0.0,0.0,Very robust
Gisuru — Kigamba,7,1151.3789838922223,1327.8416368109524,73.56384395334882,73.56384395334882,73.56384395334882,B — prioritaire,0.0,0.0,Very robust
Gisuru — Kinama,7,451.2694045194796,552.6065339369198,62.78051518327939,62.7805151832794,62.78051518327939,C — secondaire,0.0,0.0,Very robust
Gisuru — Kinyinya,7,490.9596505824642,568.4757328845483,95.79298966188117,95.79298966188117,95.79298966188117,A — stratégique,2.0,100.0,Very robust
Gisuru — Kirehe,7,643.6859165741661,754.815664246071,72.41573530814716,72.41573530814716,72.41573530814716,B — prioritaire,0.0,0.0,Very robust
Gisuru — Kirundo,7,635.4529724876413,760.93525716137,64.74033376679772,64.74033376679772,64.74033376679772,C — secondaire,0.0,0.0,Very robust
Gisuru — Kivyuka,7,384.5296588236066,485.9755446386885,65.99325374357434,65.99325374357434,65.99325374357434,C — secondaire,0.0,0.0,Very robust
Gisuru — Kobero,7,430.6226995727045,518.8211292454447,55.37037301826589,55.37037301826589,55.37037301826589,C — secondaire,0.0,0.0,Very robust
Gisuru — Mabanda,7,510.16254988505744,616.8499888078819,55.06609990323927,55.06609990323927,55.06609990323927,C — secondaire,0.0,0.0,Very robust
Gisuru — Mabayi,7,531.3535647720392,666.976718330874,65.41669833774029,65.41669833774029,65.41669833774029,C — secondaire,0.0,0.0,Very robust
Gisuru — Makamba,7,589.8825994201725,704.7745094657882,59.4623462694833,59.4623462694833,59.4623462694833,C — secondaire,0.0,0.0,Very robust
Gisuru — Marangara,7,336.1306482990188,417.6731895567224,62.705286162552106,62.705286162552106,62.705286162552106,C — secondaire,0.0,0.0,Very robust
Gisuru — Masanganzira,7,745.0105937678151,879.6956427576348,67.92734435837507,67.92734435837507,67.92734435837507,C — secondaire,0.0,0.0,Very robust
Gisuru — Matana,7,588.9306596223131,701.8911338381342,65.0611244378197,65.0611244378197,65.0611244378197,C — secondaire,0.0,0.0,Very robust
Gisuru — Mihigo,7,951.7069444105192,1126.6559876045083,67.45213649757784,67.45213649757784,67.45213649757784,C — secondaire,0.0,0.0,Very robust
Gisuru — Mishiha,7,563.3515543132108,659.7933678485189,64.43806797579158,64.43806797579158,64.43806797579158,C — secondaire,0.0,0.0,Very robust
Gisuru — Muhanga,7,457.06466115306375,555.1312068433765,60.051813075091786,60.051813075091786,60.051813075091786,C — secondaire,0.0,0.0,Very robust
Gisuru — Mukenke,7,775.969360563764,916.4771336701846,63.85030309665688,63.85030309665688,63.85030309665688,C — secondaire,0.0,0.0,Very robust
Gisuru — Muramvya,7,931.0115393981644,1096.4959177420703,67.87905359330654,67.87905359330654,67.87905359330654,C — secondaire,0.0,0.0,Very robust
Gisuru — Musenyi,7,643.3397392948136,779.5776236977773,58.61513824935059,58.61513824935059,58.61513824935059,C — secondaire,0.0,0.0,Very robust
Gisuru — Mutaho,7,944.6805882362931,1108.5261712441256,68.1438436558154,68.1438436558154,68.1438436558154,C — secondaire,0.0,0.0,Very robust
Gisuru — Muyange,7,448.2817879603848,549.2225888401648,66.79660909829443,66.79660909829443,66.79660909829443,C — secondaire,0.0,0.0,Very robust
Gisuru — Muyinga,7,424.6235371045376,506.451516187659,63.77715045827983,63.77715045827983,63.77715045827983,C — secondaire,0.0,0.0,Very robust
Gisuru — Muzinda,7,390.4155297126298,487.9490535911272,62.30332511049807,62.30332511049807,62.30332511049807,C — secondaire,0.0,0.0,Very robust
Gisuru — Mwakiro,7,232.37485709093443,289.74291218182907,66.97588799920402,66.97588799920402,66.97588799920402,C — secondaire,0.0,0.0,Very robust
Gisuru — Mwaro,7,535.5560001290735,639.1018443410316,63.628421980101024,63.62842198010102,63.628421980101024,C — secondaire,0.0,0.0,Very robust
Gisuru — Ngozi,7,398.8005459765773,491.72762884710454,58.690553734596925,58.690553734596925,58.690553734596925,C — secondaire,0.0,0.0,Very robust
Gisuru — Nyabihanga,7,436.3325709432301,522.4242072613844,63.631562751701125,63.63156275170112,63.631562751701125,C — secondaire,0.0,0.0,Very robust
Gisuru — Nyabikere,7,321.19400965918817,392.3661007110806,67.23214156634239,67.23214156634239,67.23214156634239,C — secondaire,0.0,0.0,Very robust
Gisuru — Nyagasasa,7,798.3587772068977,944.2908708029564,71.77778243347949,71.77778243347949,71.77778243347949,B — prioritaire,0.0,0.0,Very robust
Gisuru — Rubaho,7,598.6227301055865,698.5836137595371,68.63405730830544,68.63405730830544,68.63405730830544,C — secondaire,0.0,0.0,Very robust
Gisuru — Rugombo,7,567.4851292306298,706.2225236702699,53.54739680631175,53.547396806311745,53.54739680631175,C — secondaire,0.0,0.0,Very robust
Gisuru — Ruhehe,7,757.725919499868,905.4296620078798,60.1294424179409,60.1294424179409,60.1294424179409,C — secondaire,0.0,0.0,Very robust
Gisuru — Rumonge,7,323.07068992314106,408.5991028242033,70.60902066858387,70.60902066858387,70.60902066858387,B — prioritaire,1.0,33.333333333333336,Very robust
Gisuru — Rusaka,7,562.5423790771716,673.5249276045022,67.4618506286852,67.4618506286852,67.4618506286852,C — secondaire,0.0,0.0,Very robust
Gisuru — Rutana,7,1304.1058436319988,1512.8691666994284,68.9495097116991,68.9495097116991,68.9495097116991,C — secondaire,0.0,0.0,Very robust
Gisuru — Ruyigi,7,951.7427360320572,1097.7087942994535,69.46032810648333,69.46032810648333,69.46032810648333,C — secondaire,0.0,0.0,Very robust
Gisuru — Rwibaga,7,502.045719457382,606.5655689103068,67.19277632810793,67.19277632810793,67.19277632810793,C — secondaire,0.0,0.0,Very robust
Gisuru — Twinkwavu,7,796.9418759919462,918.2509340917867,79.36256309365714,79.36256309365714,79.36256309365714,B — prioritaire,1.0,50.0,Very robust
Gisuru — Wimpfizi,7,472.80026755438337,565.6637469518786,67.63663600975175,67.63663600975175,67.63663600975175,C — secondaire,0.0,0.0,Very robust
Gitaza — Gitega,7,788.1466221852371,927.9973440793873,68.05757834021014,68.05757834021014,68.05757834021014,C — secondaire,0.0,0.0,Very robust
Gitaza — Gitega Centre,7,309.7210830932719,376.35815218283085,60.786397233522976,60.786397233522976,60.786397233522976,C — secondaire,0.0,0.0,Very robust
Gitaza — Giteranyi,7,130.2302836975549,199.97652831482512,53.22943687530926,53.22943687530926,53.22943687530926,C — secondaire,0.0,0.0,Very robust
Gitaza — Gitobe,7,527.3387269104666,645.0302132473425,70.61836018498843,70.61836018498843,70.61836018498843,B — prioritaire,0.0,0.0,Very robust
Gitaza — Jene,7,351.6171112800066,430.0834891200028,67.12924847541174,67.12924847541174,67.12924847541174,C — secondaire,0.0,0.0,Very robust
Gitaza — Kamenge,7,592.2886581763462,684.2194469327198,69.10860467901213,69.10860467901213,69.10860467901213,C — secondaire,0.0,0.0,Very robust
Gitaza — Kanyosha,7,846.9422737563096,973.0493338955612,90.6406987639665,90.6406987639665,90.6406987639665,A — stratégique,3.0,100.0,Very robust
Gitaza — Kayanza,7,99.90512909181456,141.76831218220624,61.96022927020318,61.96022927020318,61.96022927020318,C — secondaire,0.0,0.0,Very robust
Gitaza — Kayero,7,158.7096989225501,212.7960466810928,62.124856644929615,62.124856644929615,62.124856644929615,C — secondaire,0.0,0.0,Very robust
Gitaza — Kayogoro,7,446.0508554598259,540.0997446256396,63.21112722611604,63.21112722611604,63.21112722611604,C — secondaire,0.0,0.0,Very robust
Gitaza — Kayongozi,7,325.63266104818354,409.17555273493565,70.4902084334274,70.4902084334274,70.4902084334274,B — prioritaire,0.0,0.0,Very robust
Gitaza — Kigamba,7,1111.7179164593165,1318.03091019685,71.05535024976588,71.05535024976588,71.05535024976588,B — prioritaire,0.0,0.0,Very robust
Gitaza — Kinama,7,315.95414706541385,373.7179004566059,68.05342007164606,68.05342007164606,68.05342007164606,C — secondaire,0.0,0.0,Very robust
Gitaza — Kinyinya,7,324.4421762107278,407.24803837602633,66.4993600964004,66.4993600964004,66.4993600964004,C — secondaire,0.0,0.0,Very robust
Gitaza — Kirehe,7,488.723974833272,600.6454980714024,58.48238241899568,58.48238241899568,58.48238241899568,C — secondaire,0.0,0.0,Very robust
Gitaza — Kirundo,7,155.57621329782765,221.57409055621187,61.32593529090861,61.32593529090861,61.32593529090861,C — secondaire,0.0,0.0,Very robust
Gitaza — Kivyuka,7,233.86099205257423,285.90279087967457,63.31628774694253,63.31628774694253,63.31628774694253,C — secondaire,0.0,0.0,Very robust
Gitaza — Kobero,7,303.2376264670231,394.11515248586704,57.64478379256683,57.64478379256683,57.64478379256683,C — secondaire,0.0,0.0,Very robust
Gitaza — Mabanda,7,363.9825598701468,443.54228680149157,63.18502459795134,63.18502459795134,63.18502459795134,C — secondaire,0.0,0.0,Very robust
Gitaza — Mabayi,7,631.7114463894801,750.1549395954916,67.75197187666085,67.75197187666085,67.75197187666085,C — secondaire,0.0,0.0,Very robust
Gitaza — Makamba,7,632.5570933512201,750.1437497219514,67.82039807603786,67.82039807603786,67.82039807603786,C — secondaire,0.0,0.0,Very robust
Gitaza — Marangara,7,85.13811717113924,136.3648462162025,57.13234804273338,57.13234804273338,57.13234804273338,C — secondaire,0.0,0.0,Very robust
Gitaza — Masanganzira,7,599.5379971196596,722.1673230512826,59.044721495791684,59.044721495791684,59.044721495791684,C — secondaire,0.0,0.0,Very robust
Gitaza — Matana,7,240.01786146045524,292.94236519733795,63.34292879332288,63.34292879332288,63.34292879332288,C — secondaire,0.0,0.0,Very robust
Gitaza — Mihigo,7,681.3296656363884,809.8926992727378,67.62572731041163,67.62572731041163,67.62572731041163,C — secondaire,0.0,0.0,Very robust
Gitaza — Mishiha,7,125.41557891159285,195.91724210496824,60.60279545687112,60.602795456871114,60.60279545687112,C — secondaire,0.0,0.0,Very robust
Gitaza — Muhanga,7,326.29997570678245,399.5157761600496,71.1860907840022,71.1860907840022,71.1860907840022,B — prioritaire,0.0,0.0,Very robust
Gitaza — Mukenke,7,549.2973045653523,674.0358842422938,58.31860348376927,58.31860348376927,58.31860348376927,C — secondaire,0.0,0.0,Very robust
Gitaza — Muramvya,7,751.0599549800027,875.6556198485724,72.71534983769962,72.71534983769962,72.71534983769962,B — prioritaire,0.0,0.0,Very robust
Gitaza — Musenyi,7,640.9069964614438,744.9653404834761,68.84303666812144,68.84303666812144,68.84303666812144,C — secondaire,0.0,0.0,Very robust
Gitaza — Mutaho,7,782.0005892077191,919.7571959461654,72.1578417469961,72.1578417469961,72.1578417469961,B — prioritaire,0.0,0.0,Very robust
Gitaza — Muyange,7,350.97901389550896,425.62087566950373,63.35162801630182,63.351628016301824,63.35162801630182,C — secondaire,0.0,0.0,Very robust
Gitaza — Muyinga,7,223.2825599630386,297.82601112701656,61.71100252563242,61.71100252563242,61.71100252563242,C — secondaire,0.0,0.0,Very robust
Gitaza — Muzinda,7,247.45798840379237,292.73700045876825,67.96475172723991,67.96475172723991,67.96475172723991,C — secondaire,0.0,0.0,Very robust
Gitaza — Mwakiro,7,226.74550809358809,296.34789032582347,62.07950383175993,62.07950383175993,62.07950383175993,C — secondaire,0.0,0.0,Very robust
Gitaza — Mwaro,7,441.5643902165279,519.7746629499406,68.25153359488199,68.25153359488199,68.25153359488199,C — secondaire,0.0,0.0,Very robust
Gitaza — Ngozi,7,186.53655656803733,243.896347672016,62.31716053570035,62.31716053570035,62.31716053570035,C — secondaire,0.0,0.0,Very robust
Gitaza — Nyabihanga,7,135.61509154176093,173.31891894646898,62.79082148601317,62.79082148601317,62.79082148601317,C — secondaire,0.0,0.0,Very robust
Gitaza — Nyabikere,7,262.7266128641293,330.368987227484,58.66037704415189,58.66037704415189,58.66037704415189,C — secondaire,0.0,0.0,Very robust
Gitaza — Nyagasasa,7,563.6554650080897,655.5015270034671,72.80481128930643,72.80481128930643,72.80481128930643,B — prioritaire,0.0,0.0,Very robust
Gitaza — Rubaho,7,387.9942375663874,478.17110324273744,62.76870314577088,62.76870314577088,62.76870314577088,C — secondaire,0.0,0.0,Very robust
Gitaza — Rugombo,7,944.2178858678852,1102.4893450862367,72.69149206950533,72.69149206950533,72.69149206950533,B — prioritaire,1.0,16.666666666666668,Very robust
Gitaza — Ruhehe,7,512.2729825322767,633.9814350852614,70.16826076526198,70.16826076526198,70.16826076526198,B — prioritaire,0.0,0.0,Very robust
Gitaza — Rumonge,7,358.7784509200481,420.78589982287775,72.34187696322809,72.34187696322809,72.34187696322809,B — prioritaire,0.0,0.0,Very robust
Gitaza — Rusaka,7,459.8369745262958,540.225941939841,72.3501714721344,72.3501714721344,72.3501714721344,B — prioritaire,0.0,0.0,Very robust
Gitaza — Rutana,7,956.2596067433324,1122.5929751757137,68.09950840001412,68.09950840001412,68.09950840001412,C — secondaire,0.0,0.0,Very robust
Gitaza — Ruyigi,7,846.3840813470176,999.7770374344362,67.77498882351207,67.77498882351207,67.77498882351207,C — secondaire,0.0,0.0,Very robust
Gitaza — Rwibaga,7,301.47185626223586,356.7183221123869,64.00703171177821,64.00703171177821,64.00703171177821,C — secondaire,0.0,0.0,Very robust
Gitaza — Twinkwavu,7,482.9663979084224,598.826959389324,62.17165862227921,62.17165862227921,62.17165862227921,C — secondaire,0.0,0.0,Very robust
Gitaza — Wimpfizi,7,169.21182859788672,212.1160096848086,62.982383500682936,62.982383500682936,62.982383500682936,C — secondaire,0.0,0.0,Very robust
Gitega Centre — Giteranyi,7,110.32407460549932,157.53286197378537,51.18542898470608,51.185428984706085,51.18542898470608,C — secondaire,0.0,0.0,Very robust
Gitega Centre — Gitobe,5,-19.417857075757155,3.6062718246755616,41.0258501752636,41.0258501752636,41.0258501752636,D — surveillance,0.0,0.0,Robust
Gitega Centre — Jene,7,105.7952385711787,143.92033367336222,43.605639495772735,43.605639495772735,43.605639495772735,D — surveillance,0.0,0.0,Very robust
Gitega Centre — Kamenge,7,440.211242031704,524.1735114421588,61.247137264940044,61.247137264940044,61.247137264940044,C — secondaire,0.0,0.0,Very robust
Gitega Centre — Kanyosha,7,450.7700654965529,535.7507000699512,77.97243788298279,77.97243788298279,77.97243788298279,B — prioritaire,1.0,66.66666666666667,Very robust
Gitega Centre — Kayanza,7,231.3542944571988,284.25871591022803,52.60120541644453,52.60120541644453,52.60120541644453,C — secondaire,0.0,0.0,Very robust
Gitega Centre — Kayero,7,234.3708638957786,281.6889962410479,44.953688570762125,44.95368857076213,44.953688570762125,D — surveillance,0.0,0.0,Very robust
Gitega Centre — Kayogoro,7,72.61604775949674,104.2681024683557,51.43759476905285,51.43759476905285,51.43759476905285,C — secondaire,0.0,0.0,Very robust
Gitega Centre — Kayongozi,0,-55.97693036880832,-49.24581501520354,22.161786428426105,22.161786428426105,22.161786428426105,D — surveillance,0.0,0.0,Not robust
Gitega Centre — Kigamba,4,-20.97887495767569,1.2241710181390049,32.84870452505587,32.84870452505587,32.84870452505587,D — surveillance,0.0,0.0,Moderate
Gitega Centre — Kinama,7,63.80103675599953,89.4155577525712,43.53915084631966,43.53915084631966,43.53915084631966,D — surveillance,0.0,0.0,Very robust
Gitega Centre — Kinyinya,7,523.9975414983999,614.0614112135999,53.78454637779908,53.78454637779908,53.78454637779908,C — secondaire,0.0,0.0,Very robust
Gitega Centre — Kirehe,7,204.92575542426647,254.01740918182844,52.48026102562729,52.48026102562729,52.48026102562729,C — secondaire,0.0,0.0,Very robust
Gitega Centre — Kirundo,7,93.06189350418576,133.99455235893683,59.32453237250281,59.32453237250281,59.32453237250281,C — secondaire,0.0,0.0,Very robust
Gitega Centre — Kivyuka,7,507.32448953559407,605.9425098009689,61.056231044155076,61.056231044155076,61.056231044155076,C — secondaire,0.0,0.0,Very robust
Gitega Centre — Kobero,7,114.07728287311906,157.77649094562238,51.45804665305849,51.45804665305849,51.45804665305849,C — secondaire,0.0,0.0,Very robust
Gitega Centre — Mabanda,7,151.38032203066382,201.59469087028447,51.63453849113357,51.63453849113357,51.63453849113357,C — secondaire,0.0,0.0,Very robust
Gitega Centre — Mabayi,7,615.9146632697148,743.5982168298777,60.33728188865605,60.33728188865605,60.33728188865605,C — secondaire,0.0,0.0,Very robust
Gitega Centre — Makamba,7,16.543184592551242,43.52038396823629,42.358200320643164,42.358200320643164,42.358200320643164,D — surveillance,0.0,0.0,Very robust
Gitega Centre — Marangara,7,22.1697658922604,50.02846423954012,42.47347706181064,42.47347706181064,42.47347706181064,D — surveillance,0.0,0.0,Very robust
Gitega Centre — Masanganzira,7,17.174213133435686,40.049438771472424,50.5828318489505,50.5828318489505,50.5828318489505,C — secondaire,0.0,0.0,Very robust
Gitega Centre — Matana,7,221.9875121433249,267.1557563471392,52.970788806696646,52.970788806696646,52.970788806696646,C — secondaire,0.0,0.0,Very robust
Gitega Centre — Mihigo,6,-1.8355270179868768,17.753298706576928,41.9359370704673,41.9359370704673,41.9359370704673,D — surveillance,0.0,0.0,Robust
Gitega Centre — Mishiha,6,-5.374237563820287,24.537793901219803,49.633030187726014,49.633030187726014,49.633030187726014,D — surveillance,0.0,0.0,Robust
Gitega Centre — Muhanga,7,15.057955048120114,30.681370734908562,34.63792933602122,34.63792933602122,34.63792933602122,D — surveillance,0.0,0.0,Very robust
Gitega Centre — Mukenke,7,175.62673669687786,229.9554180129476,51.72990028239347,51.72990028239347,51.72990028239347,C — secondaire,0.0,0.0,Very robust
Gitega Centre — Muramvya,7,143.23917011015172,175.81465433292212,60.64899276784537,60.64899276784537,60.64899276784537,C — secondaire,0.0,0.0,Very robust
Gitega Centre — Musenyi,7,424.5553700068008,509.1683602886288,61.01366006314798,61.01366006314798,61.01366006314798,C — secondaire,0.0,0.0,Very robust
Gitega Centre — Mutaho,7,80.09157102023858,101.1251224372451,60.21268688486339,60.21268688486339,60.21268688486339,C — secondaire,0.0,0.0,Very robust
Gitega Centre — Muyange,7,367.35076010599136,451.5115194739962,60.34365971256158,60.34365971256158,60.34365971256158,C — secondaire,0.0,0.0,Very robust
Gitega Centre — Muyinga,7,156.60102534991086,200.79939057853315,52.08830444508273,52.08830444508273,52.08830444508273,C — secondaire,0.0,0.0,Very robust
Gitega Centre — Muzinda,7,337.47436042461703,407.0748758962645,60.9428114166269,60.9428114166269,60.9428114166269,C — secondaire,0.0,0.0,Very robust
Gitega Centre — Mwakiro,7,297.05048716005007,354.40917135430715,45.13538251474701,45.13538251474701,45.13538251474701,D — surveillance,0.0,0.0,Very robust
Gitega Centre — Mwaro,7,255.68188018910365,299.6491455096158,65.72835919073796,65.72835919073796,65.72835919073796,C — secondaire,1.0,16.666666666666668,Very robust
Gitega Centre — Ngozi,7,72.54490456859357,100.2527648151115,51.6526226812681,51.6526226812681,51.6526226812681,C — secondaire,0.0,0.0,Very robust
Gitega Centre — Nyabihanga,7,217.1738936389213,252.29157784525196,78.54603644212011,78.54603644212011,78.54603644212011,B — prioritaire,1.0,100.0,Very robust
Gitega Centre — Nyabikere,7,180.17799345512384,213.74044119505302,61.155342749455805,61.155342749455805,61.155342749455805,C — secondaire,0.0,0.0,Very robust
Gitega Centre — Nyagasasa,7,311.2557402830945,368.00696640704047,69.79301265878928,69.79301265878928,69.79301265878928,C — secondaire,2.0,33.333333333333336,Very robust
Gitega Centre — Rubaho,7,76.01780253961574,104.04965280269236,35.60229190782253,35.60229190782253,35.60229190782253,D — surveillance,0.0,0.0,Very robust
Gitega Centre — Rugombo,7,333.4795729355119,418.95557754379087,59.83462329674383,59.83462329674383,59.83462329674383,C — secondaire,0.0,0.0,Very robust
Gitega Centre — Ruhehe,7,68.83066273863469,111.05561117370063,50.77382243335748,50.77382243335747,50.77382243335748,C — secondaire,0.0,0.0,Very robust
Gitega Centre — Rumonge,7,307.2770735384332,376.9776649450428,60.55224050887993,60.55224050887993,60.55224050887993,C — secondaire,0.0,0.0,Very robust
Gitega Centre — Rusaka,7,324.1212297338984,381.377690457385,61.5919775893856,61.5919775893856,61.5919775893856,C — secondaire,0.0,0.0,Very robust
Gitega Centre — Rutana,7,142.64620460170826,178.05239740073208,52.41692821827533,52.41692821827534,52.41692821827533,C — secondaire,0.0,0.0,Very robust
Gitega Centre — Ruyigi,7,514.2062648716042,598.2398749449732,62.12814891863829,62.12814891863828,62.12814891863829,C — secondaire,0.0,0.0,Very robust
Gitega Centre — Rwibaga,7,357.27719951741204,421.5192700788908,65.71578900104288,65.71578900104288,65.71578900104288,C — secondaire,1.0,16.666666666666668,Very robust
Gitega Centre — Twinkwavu,7,377.8637814330091,456.8043111855753,52.773372975120765,52.773372975120765,52.773372975120765,C — secondaire,0.0,0.0,Very robust
Gitega Centre — Wimpfizi,7,143.49385210456632,171.29862975909973,60.94262911041981,60.94262911041981,60.94262911041981,C — secondaire,0.0,0.0,Very robust
Gitega — Gitega Centre,7,161.52869003063986,191.79436829884563,61.0767223312529,61.0767223312529,61.0767223312529,C — secondaire,0.0,0.0,Very robust
Gitega — Giteranyi,7,720.1794515666313,861.3774620999849,63.17315060563928,63.17315060563927,63.17315060563928,C — secondaire,0.0,0.0,Very robust
Gitega — Gitobe,7,473.3389846640716,573.7748311417452,59.07982147935561,59.07982147935561,59.07982147935561,C — secondaire,0.0,0.0,Very robust
Gitega — Jene,7,394.4424803110074,480.8207787047174,63.10294747723491,63.10294747723491,63.10294747723491,C — secondaire,0.0,0.0,Very robust
Gitega — Kamenge,7,508.88638112366914,607.5265319101438,80.03151733897397,80.03151733897396,80.03151733897397,B — prioritaire,1.0,33.333333333333336,Very robust
Gitega — Kanyosha,7,402.9428045885183,485.95812053793645,71.48300192238258,71.48300192238258,71.48300192238258,B — prioritaire,0.0,0.0,Very robust
Gitega — Kayanza,7,694.3892612271962,820.4752733830841,59.894662635060634,59.894662635060634,59.894662635060634,C — secondaire,0.0,0.0,Very robust
Gitega — Kayero,7,718.2032602618947,828.4176518265264,57.231314622497095,57.231314622497095,57.231314622497095,C — secondaire,0.0,0.0,Very robust
Gitega — Kayogoro,7,1109.5613384214914,1283.5138036092108,65.23127247906558,65.23127247906558,65.23127247906558,C — secondaire,0.0,0.0,Very robust
Gitega — Kayongozi,7,723.6476636982284,841.8603107278122,60.76859224865625,60.76859224865625,60.76859224865625,C — secondaire,0.0,0.0,Very robust
Gitega — Kigamba,7,363.4454170010583,439.12009500045343,55.38820218497012,55.38820218497012,55.38820218497012,C — secondaire,0.0,0.0,Very robust
Gitega — Kinama,7,611.1056522861584,721.7936992654966,55.97037743141388,55.97037743141387,55.97037743141388,C — secondaire,0.0,0.0,Very robust
Gitega — Kinyinya,7,908.803437431574,1048.788594042103,98.4224540680184,98.4224540680184,98.4224540680184,A — stratégique,1.0,100.0,Very robust
Gitega — Kirehe,7,391.3059323853984,473.89035216517067,63.31942973721571,63.31942973721571,63.31942973721571,C — secondaire,0.0,0.0,Very robust
Gitega — Kirundo,7,684.5611352440142,817.0115688188632,63.37046822309134,63.37046822309134,63.37046822309134,C — secondaire,0.0,0.0,Very robust
Gitega — Kivyuka,7,816.2370563055913,966.019181559539,63.66242484525989,63.662424845259885,63.66242484525989,C — secondaire,0.0,0.0,Very robust
Gitega — Kobero,7,342.02626135878336,425.1566354394785,54.62302684327078,54.62302684327078,54.62302684327078,C — secondaire,0.0,0.0,Very robust
Gitega — Mabanda,7,991.0192126926586,1155.347363439711,64.59723467605443,64.59723467605443,64.59723467605443,C — secondaire,0.0,0.0,Very robust
Gitega — Mabayi,7,501.2584300397122,619.5962600170195,66.24358420305887,66.24358420305887,66.24358420305887,C — secondaire,0.0,0.0,Very robust
Gitega — Makamba,7,1262.3994825094917,1461.693755742163,87.41872816876557,87.41872816876557,87.41872816876557,A — stratégique,1.0,83.33333333333333,Very robust
Gitega — Marangara,7,702.7876742987556,834.8953854613713,51.637401317891445,51.637401317891445,51.637401317891445,C — secondaire,0.0,0.0,Very robust
Gitega — Masanganzira,7,240.2038548732645,301.95834094568494,54.72139629343375,54.72139629343375,54.72139629343375,C — secondaire,0.0,0.0,Very robust
Gitega — Matana,7,1066.5327264406967,1231.9519546968065,71.27736575499284,71.27736575499284,71.27736575499284,B — prioritaire,0.0,0.0,Very robust
Gitega — Mihigo,7,419.9277147218421,506.7863151665039,55.33115381257668,55.33115381257668,55.33115381257668,C — secondaire,0.0,0.0,Very robust
Gitega — Mishiha,7,515.7218066334189,617.6442574143224,59.48069396562053,59.48069396562054,59.48069396562053,C — secondaire,0.0,0.0,Very robust
Gitega — Muhanga,7,713.7419967879489,836.1953014805495,56.339486906927746,56.339486906927746,56.339486906927746,C — secondaire,0.0,0.0,Very robust
Gitega — Mukenke,7,194.7077136580096,258.62927528200413,62.010614161299706,62.010614161299706,62.010614161299706,C — secondaire,0.0,0.0,Very robust
Gitega — Muramvya,7,376.3206257690381,449.22719910736544,60.763900308591374,60.763900308591374,60.763900308591374,C — secondaire,0.0,0.0,Very robust
Gitega — Musenyi,7,409.4242849014992,498.5735235292138,59.07422140972493,59.07422140972493,59.07422140972493,C — secondaire,0.0,0.0,Very robust
Gitega — Mutaho,7,385.9516127600672,457.6973388971716,68.00539948727307,68.00539948727307,68.00539948727307,C — secondaire,0.0,0.0,Very robust
Gitega — Muyange,7,543.4584507679863,646.9428206148514,71.77525438016808,71.77525438016808,71.77525438016808,B — prioritaire,0.0,0.0,Very robust
Gitega — Muyinga,7,518.2892023110427,621.0243335618753,59.455659270760485,59.455659270760485,59.455659270760485,C — secondaire,0.0,0.0,Very robust
Gitega — Muzinda,7,708.6088753193156,837.9264391368496,71.9092519133666,71.9092519133666,71.9092519133666,B — prioritaire,0.0,0.0,Very robust
Gitega — Mwakiro,7,863.1690656457145,1008.2688587053062,56.460397994979786,56.46039799497979,56.460397994979786,C — secondaire,0.0,0.0,Very robust
Gitega — Mwaro,7,550.5209671856529,641.4264787938511,60.639775431907815,60.639775431907815,60.639775431907815,C — secondaire,0.0,0.0,Very robust
Gitega — Ngozi,7,496.0089463084222,591.2295527036096,51.652974039037844,51.65297403903784,51.652974039037844,C — secondaire,0.0,0.0,Very robust
Gitega — Nyabihanga,7,848.6617641224668,979.4665171953429,69.3606672260516,69.3606672260516,69.3606672260516,C — secondaire,0.0,0.0,Very robust
Gitega — Nyabikere,7,860.7229704162559,998.3731556069669,73.04781022441037,73.04781022441037,73.04781022441037,B — prioritaire,0.0,0.0,Very robust
Gitega — Nyagasasa,7,612.5519967969572,716.7449309129815,60.45632926074709,60.45632926074709,60.45632926074709,C — secondaire,0.0,0.0,Very robust
Gitega — Rubaho,7,679.0989973811994,787.0626497347996,69.01419014102717,69.01419014102717,69.01419014102717,C — secondaire,0.0,0.0,Very robust
Gitega — Rugombo,7,203.5229483826253,275.5363310211251,49.53401159686379,49.534011596863785,49.53401159686379,D — surveillance,0.0,0.0,Very robust
Gitega — Ruhehe,7,185.2592378117965,251.1347228717223,49.78969651724084,49.78969651724084,49.78969651724084,D — surveillance,0.0,0.0,Very robust
Gitega — Rumonge,7,596.8376441058813,705.7055094739491,88.69639042110838,88.69639042110838,88.69639042110838,A — stratégique,1.0,66.66666666666667,Very robust
Gitega — Rusaka,7,701.0303134059302,817.0843354914305,74.47059603254007,74.47059603254009,74.47059603254007,B — prioritaire,1.0,33.333333333333336,Very robust
Gitega — Rutana,7,437.537095263703,509.2359271130155,89.47474828146653,89.47474828146653,89.47474828146653,A — stratégique,1.0,83.33333333333333,Very robust
Gitega — Ruyigi,7,1686.175788331924,1935.0311656025708,92.68028395164092,92.68028395164092,92.68028395164092,A — stratégique,1.0,100.0,Very robust
Gitega — Rwibaga,7,871.0963386093773,1013.608290546876,72.8276855407165,72.8276855407165,72.8276855407165,B — prioritaire,0.0,0.0,Very robust
Gitega — Twinkwavu,7,468.25816382174605,556.9808722093195,63.837726025044454,63.837726025044454,63.837726025044454,C — secondaire,0.0,0.0,Very robust
Gitega — Wimpfizi,7,844.8821866935153,975.1678582972207,69.3541776119526,69.3541776119526,69.3541776119526,C — secondaire,0.0,0.0,Very robust
Giteranyi — Gitobe,7,512.6579801025919,595.6264980439677,72.80704605188903,72.80704605188903,72.80704605188903,B — prioritaire,0.0,0.0,Very robust
Giteranyi — Jene,7,492.86732987003376,593.3940173728716,63.330512209640375,63.33051220964038,63.330512209640375,C — secondaire,0.0,0.0,Very robust
Giteranyi — Kamenge,7,540.9904938843586,662.2700553790108,62.62469953749711,62.62469953749711,62.62469953749711,C — secondaire,1.0,16.666666666666668,Very robust
Giteranyi — Kanyosha,7,720.0088507574096,869.115157181747,54.5767928156915,54.5767928156915,54.5767928156915,C — secondaire,0.0,0.0,Very robust
Giteranyi — Kayanza,7,292.14258980261747,363.4806113439789,62.82455062393522,62.82455062393522,62.82455062393522,C — secondaire,0.0,0.0,Very robust
Giteranyi — Kayero,6,-9.366373043697678,34.25723440984377,55.62125035574387,55.62125035574387,55.62125035574387,C — secondaire,0.0,0.0,Robust
Giteranyi — Kayogoro,7,243.61401082002047,330.81942635143736,45.04926348783134,45.04926348783134,45.04926348783134,D — surveillance,0.0,0.0,Very robust
Giteranyi — Kayongozi,7,335.4480875150598,410.8202915064542,63.10803585968716,63.10803585968716,63.10803585968716,C — secondaire,0.0,0.0,Very robust
Giteranyi — Kigamba,7,1143.5522208810864,1326.1182163776084,73.05403617919296,73.05403617919296,73.05403617919296,B — prioritaire,0.0,0.0,Very robust
Giteranyi — Kinama,7,317.78671440991866,401.6992881756793,62.458537527078946,62.458537527078946,62.458537527078946,C — secondaire,1.0,16.666666666666668,Very robust
Giteranyi — Kinyinya,7,460.2861273530556,564.0457641036907,64.17682309460841,64.17682309460841,64.17682309460841,C — secondaire,0.0,0.0,Very robust
Giteranyi — Kirehe,7,692.9896223965814,805.8714978842492,72.86055922444822,72.86055922444822,72.86055922444822,B — prioritaire,0.0,0.0,Very robust
Giteranyi — Kirundo,7,379.60740709579096,447.47744761248185,60.13610302737337,60.13610302737337,60.13610302737337,C — secondaire,0.0,0.0,Very robust
Giteranyi — Kivyuka,7,330.32543193411,416.35058082890436,58.30851141623758,58.30851141623758,58.30851141623758,C — secondaire,0.0,0.0,Very robust
Giteranyi — Kobero,7,556.5019917323805,640.0480281710203,98.28597921912407,98.28597921912407,98.28597921912407,A — stratégique,2.0,100.0,Very robust
Giteranyi — Mabanda,6,-4.884916433344756,54.13092752856662,46.962270581907674,46.962270581907674,46.962270581907674,D — surveillance,0.0,0.0,Robust
Giteranyi — Mabayi,7,680.2550812863602,826.4704588370114,66.40035936833121,66.40035936833121,66.40035936833121,C — secondaire,0.0,0.0,Very robust
Giteranyi — Makamba,7,125.08054029098906,198.816459553281,44.294333272128284,44.29433327212829,44.294333272128284,D — surveillance,0.0,0.0,Very robust
Giteranyi — Marangara,7,200.06325040157708,246.59222102924733,67.22527267148462,67.22527267148462,67.22527267148462,C — secondaire,0.0,0.0,Very robust
Giteranyi — Masanganzira,7,607.4124643556727,708.3465512952881,64.64456504414918,64.64456504414918,64.64456504414918,C — secondaire,0.0,0.0,Very robust
Giteranyi — Matana,7,252.3647230645579,333.21684074195343,53.631522152737354,53.631522152737354,53.631522152737354,C — secondaire,0.0,0.0,Very robust
Giteranyi — Mihigo,7,784.6584617425843,921.8127076039646,64.1792765876695,64.1792765876695,64.1792765876695,C — secondaire,0.0,0.0,Very robust
Giteranyi — Mishiha,7,307.55777316762726,377.8671559289831,67.11550941651156,67.11550941651156,67.11550941651156,C — secondaire,0.0,0.0,Very robust
Giteranyi — Muhanga,7,242.0169804954581,301.28832795837087,68.2713531847668,68.2713531847668,68.2713531847668,C — secondaire,1.0,33.333333333333336,Very robust
Giteranyi — Mukenke,7,745.5109682068834,857.2004511045373,96.41542712698137,96.41542712698137,96.41542712698137,A — stratégique,1.0,100.0,Very robust
Giteranyi — Muramvya,7,630.4072152800754,755.4829431200322,51.18251001870652,51.18251001870652,51.18251001870652,C — secondaire,0.0,0.0,Very robust
Giteranyi — Musenyi,7,647.9213294831703,785.1105346356445,58.60220331284419,58.60220331284419,58.60220331284419,C — secondaire,0.0,0.0,Very robust
Giteranyi — Mutaho,7,745.4414484252625,877.8703347536839,72.11255789018114,72.11255789018114,72.11255789018114,B — prioritaire,0.0,0.0,Very robust
Giteranyi — Muyange,7,306.21992164198264,412.77278470370675,52.61164211213131,52.6116421121313,52.61164211213131,C — secondaire,0.0,0.0,Very robust
Giteranyi — Muyinga,7,372.6993156761584,436.2007318612108,64.50853950184384,64.50853950184384,64.50853950184384,C — secondaire,1.0,16.666666666666668,Very robust
Giteranyi — Muzinda,7,311.4896396030688,399.39243640131525,57.94684178969111,57.94684178969111,57.94684178969111,C — secondaire,0.0,0.0,Very robust
Giteranyi — Mwakiro,7,173.6814953111957,217.60152341908386,62.984558629535535,62.984558629535535,62.984558629535535,C — secondaire,0.0,0.0,Very robust
Giteranyi — Mwaro,7,320.0414989491791,403.17465840679114,58.37217547907215,58.37217547907215,58.37217547907215,C — secondaire,0.0,0.0,Very robust
Giteranyi — Ngozi,7,326.7761880536923,396.44697716586813,67.40272309347972,67.40272309347972,67.40272309347972,C — secondaire,0.0,0.0,Very robust
Giteranyi — Nyabihanga,7,123.24352850714985,175.54405078877855,61.70295311262598,61.70295311262597,61.70295311262598,C — secondaire,0.0,0.0,Very robust
Giteranyi — Nyabikere,7,255.96153626764877,316.6843558289923,67.07422386061697,67.07422386061697,67.07422386061697,C — secondaire,0.0,0.0,Very robust
Giteranyi — Nyagasasa,7,543.5377590431699,663.4437935899301,58.581447454989046,58.58144745498904,58.581447454989046,C — secondaire,0.0,0.0,Very robust
Giteranyi — Rubaho,7,327.51224776855247,419.27167847223683,69.96552519453847,69.96552519453847,69.96552519453847,C — secondaire,0.0,0.0,Very robust
Giteranyi — Rugombo,7,812.0272396588456,979.8895238537909,58.34163695718184,58.34163695718184,58.34163695718184,C — secondaire,0.0,0.0,Very robust
Giteranyi — Ruhehe,7,659.2326174059648,771.0874454596991,68.51962597902529,68.51962597902529,68.51962597902529,C — secondaire,0.0,0.0,Very robust
Giteranyi — Rumonge,7,28.59909382304085,88.4602079241604,43.563228987418825,43.563228987418825,43.563228987418825,D — surveillance,0.0,0.0,Very robust
Giteranyi — Rusaka,7,415.1249646596839,512.9167508541502,66.6106807462252,66.6106807462252,66.6106807462252,C — secondaire,0.0,0.0,Very robust
Giteranyi — Rutana,7,974.2985661376996,1159.6373197732996,46.85594223556384,46.85594223556384,46.85594223556384,D — surveillance,0.0,0.0,Very robust
Giteranyi — Ruyigi,7,692.471144451872,825.6076456222311,67.43831406285466,67.43831406285466,67.43831406285466,C — secondaire,0.0,0.0,Very robust
Giteranyi — Rwibaga,7,262.1431772303505,340.836249384436,53.901013721224146,53.901013721224146,53.901013721224146,C — secondaire,0.0,0.0,Very robust
Giteranyi — Twinkwavu,7,824.6416802207473,969.3609322215905,70.03106862055758,70.03106862055758,70.03106862055758,B — prioritaire,0.0,0.0,Very robust
Giteranyi — Wimpfizi,7,44.22466455033191,89.19240137871371,56.759529974775745,56.75952997477574,56.759529974775745,C — secondaire,0.0,0.0,Very robust
Gitobe — Jene,7,302.03133336131225,366.01129115484815,67.46320656550262,67.46320656550262,67.46320656550262,C — secondaire,0.0,0.0,Very robust
Gitobe — Kamenge,7,469.8667608440254,572.201252933154,70.9847570383444,70.9847570383444,70.9847570383444,B — prioritaire,0.0,0.0,Very robust
Gitobe — Kanyosha,7,649.2195177170763,779.4285261644615,71.17108579763783,71.17108579763783,71.17108579763783,B — prioritaire,0.0,0.0,Very robust
Gitobe — Kayanza,7,642.9131205257421,755.1874482253179,60.25343342219801,60.25343342219801,60.25343342219801,C — secondaire,0.0,0.0,Very robust
Gitobe — Kayero,7,327.4603585292101,413.7028305125186,58.25813279739476,58.25813279739476,58.25813279739476,C — secondaire,0.0,0.0,Very robust
Gitobe — Kayogoro,7,716.375142392928,865.6186224541117,58.551275879491065,58.551275879491065,58.551275879491065,C — secondaire,0.0,0.0,Very robust
Gitobe — Kayongozi,7,286.06116385351146,354.26358593721915,62.95299851168167,62.95299851168166,62.95299851168167,C — secondaire,0.0,0.0,Very robust
Gitobe — Kigamba,7,797.0884972195381,930.0451679512306,68.63351368434667,68.63351368434667,68.63351368434667,C — secondaire,0.0,0.0,Very robust
Gitobe — Kinama,7,451.3861813695854,545.5998571583938,59.38068210266173,59.38068210266173,59.38068210266173,C — secondaire,1.0,16.666666666666668,Very robust
Gitobe — Kinyinya,7,562.2330703581736,680.4420490106456,62.93988891515992,62.93988891515992,62.93988891515992,C — secondaire,0.0,0.0,Very robust
Gitobe — Kirehe,7,395.2080394059015,464.8733568882438,72.28421473994203,72.28421473994203,72.28421473994203,B — prioritaire,0.0,0.0,Very robust
Gitobe — Kirundo,7,584.0181103014006,673.3787501291715,65.16242766693563,65.16242766693563,65.16242766693563,C — secondaire,0.0,0.0,Very robust
Gitobe — Kivyuka,7,761.9295626572343,900.4386748531002,84.66324485985083,84.66324485985083,84.66324485985083,B — prioritaire,2.0,83.33333333333333,Very robust
Gitobe — Kobero,7,323.7073289197465,378.2926889656055,72.38834045331612,72.38834045331612,72.38834045331612,B — prioritaire,0.0,0.0,Very robust
Gitobe — Mabanda,7,479.94181666409526,602.7193822846123,53.615666027703064,53.615666027703064,53.615666027703064,C — secondaire,0.0,0.0,Very robust
Gitobe — Mabayi,7,628.3584120094855,757.9862100040654,70.9719596371692,70.9719596371692,70.9719596371692,B — prioritaire,0.0,0.0,Very robust
Gitobe — Makamba,7,478.2350253375558,596.8406394303809,49.854209335595854,49.854209335595854,49.854209335595854,D — surveillance,0.0,0.0,Very robust
Gitobe — Marangara,7,451.65167029898487,524.3901801281363,72.76771599230423,72.76771599230423,72.76771599230423,B — prioritaire,0.0,0.0,Very robust
Gitobe — Masanganzira,7,392.34730756858494,453.7732647992348,70.67544891120536,70.67544891120536,70.67544891120536,B — prioritaire,0.0,0.0,Very robust
Gitobe — Matana,7,587.5031491963717,710.2293936555877,58.899074335053086,58.89907433505308,58.899074335053086,C — secondaire,0.0,0.0,Very robust
Gitobe — Mihigo,7,474.9920667583952,558.6238114678837,72.31290972664931,72.31290972664931,72.31290972664931,B — prioritaire,0.0,0.0,Very robust
Gitobe — Mishiha,7,320.078049506079,392.0615360740339,67.16408605705811,67.16408605705811,67.16408605705811,C — secondaire,0.0,0.0,Very robust
Gitobe — Muhanga,7,351.78320301068027,417.9509032902914,67.95172680215991,67.95172680215991,67.95172680215991,C — secondaire,0.0,0.0,Very robust
Gitobe — Mukenke,7,360.6652341179312,416.73258662197065,89.7110925809597,89.71109258095969,89.7110925809597,A — stratégique,1.0,100.0,Very robust
Gitobe — Muramvya,7,355.2335740511347,432.8911083076292,55.1533905801063,55.1533905801063,55.1533905801063,C — secondaire,0.0,0.0,Very robust
Gitobe — Musenyi,7,572.9142602062952,690.2144000884125,63.12602742446185,63.126027424461846,63.12602742446185,C — secondaire,0.0,0.0,Very robust
Gitobe — Mutaho,7,315.82140872085444,378.7683300232235,67.70888628996826,67.70888628996826,67.70888628996826,C — secondaire,0.0,0.0,Very robust
Gitobe — Muyange,7,235.0466547394228,325.93266803118115,60.79532505939844,60.79532505939843,60.79532505939844,C — secondaire,0.0,0.0,Very robust
Gitobe — Muyinga,7,481.0675948580893,559.283442082038,97.75217232042787,97.75217232042787,97.75217232042787,A — stratégique,1.0,100.0,Very robust
Gitobe — Muzinda,7,608.1435050382026,729.640889587801,71.2964651154289,71.2964651154289,71.2964651154289,B — prioritaire,0.0,0.0,Very robust
Gitobe — Mwakiro,7,629.9950925439891,737.1853356617095,68.50282282598198,68.50282282598198,68.50282282598198,C — secondaire,0.0,0.0,Very robust
Gitobe — Mwaro,7,300.9105196845911,374.19641872196746,62.80827934803037,62.80827934803036,62.80827934803037,C — secondaire,0.0,0.0,Very robust
Gitobe — Ngozi,7,413.31005501335886,486.55828900572516,68.24140146670109,68.24140146670109,68.24140146670109,C — secondaire,0.0,0.0,Very robust
Gitobe — Nyabihanga,7,501.80064237632325,601.5399053041384,67.51473989387686,67.51473989387686,67.51473989387686,C — secondaire,0.0,0.0,Very robust
Gitobe — Nyabikere,7,549.370884337495,647.1476992874977,72.2333712849279,72.2333712849279,72.2333712849279,B — prioritaire,0.0,0.0,Very robust
Gitobe — Nyagasasa,7,403.13317825405,495.86715239459306,58.756275578988486,58.756275578988486,58.756275578988486,C — secondaire,0.0,0.0,Very robust
Gitobe — Rubaho,7,145.79340774621025,209.2343118912328,57.321230890090995,57.321230890090995,57.321230890090995,C — secondaire,0.0,0.0,Very robust
Gitobe — Rugombo,7,666.8521703819704,804.8013893065588,71.12432952709972,71.12432952709972,71.12432952709972,B — prioritaire,2.0,33.333333333333336,Very robust
Gitobe — Ruhehe,7,349.74597870041595,409.8268371573212,68.33111113065091,68.33111113065091,68.33111113065091,C — secondaire,0.0,0.0,Very robust
Gitobe — Rumonge,7,160.54651303392055,232.14299530025147,57.015102847714004,57.015102847714004,57.015102847714004,C — secondaire,0.0,0.0,Very robust
Gitobe — Rusaka,7,282.96694009802445,353.89376518486745,62.73320249803428,62.73320249803428,62.73320249803428,C — secondaire,0.0,0.0,Very robust
Gitobe — Rutana,7,801.9012992351401,957.1126316722031,63.12707602249627,63.12707602249627,63.12707602249627,C — secondaire,0.0,0.0,Very robust
Gitobe — Ruyigi,7,1118.4394207903233,1312.3140257672815,63.9436030675547,63.9436030675547,63.9436030675547,C — secondaire,0.0,0.0,Very robust
Gitobe — Rwibaga,7,574.7979511441584,690.1707479189248,67.30457030346648,67.30457030346648,67.30457030346648,C — secondaire,0.0,0.0,Very robust
Gitobe — Twinkwavu,7,530.3337787814212,632.8945377634666,67.65918640342237,67.65918640342237,67.65918640342237,C — secondaire,0.0,0.0,Very robust
Gitobe — Wimpfizi,7,523.557647991039,630.7596837104451,63.23862366631258,63.23862366631257,63.23862366631258,C — secondaire,0.0,0.0,Very robust
Jene — Kamenge,7,319.7852786047595,386.7307362591828,67.49467141687852,67.49467141687852,67.49467141687852,C — secondaire,0.0,0.0,Very robust
Jene — Kanyosha,7,553.9299020866158,656.4040877514068,63.91667177102982,63.91667177102982,63.91667177102982,C — secondaire,0.0,0.0,Very robust
Jene — Kayanza,7,495.9003506585311,570.0433508536562,73.20544763114293,73.20544763114292,73.20544763114293,B — prioritaire,0.0,0.0,Very robust
Jene — Kayero,7,352.4534541761464,439.4797495040629,62.54230856013039,62.54230856013039,62.54230856013039,C — secondaire,0.0,0.0,Very robust
Jene — Kayogoro,7,557.6546380398643,681.437141445656,50.43101300939888,50.43101300939888,50.43101300939888,C — secondaire,0.0,0.0,Very robust
Jene — Kayongozi,7,376.8129420694983,466.51932460121367,62.66326664285455,62.66326664285456,62.66326664285455,C — secondaire,0.0,0.0,Very robust
Jene — Kigamba,7,816.7251479964232,965.6675914270385,59.700862117016925,59.700862117016925,59.700862117016925,C — secondaire,0.0,0.0,Very robust
Jene — Kinama,7,423.8775050923913,502.69087961102497,67.99610840424593,67.99610840424593,67.99610840424593,C — secondaire,0.0,0.0,Very robust
Jene — Kinyinya,7,447.31274794342505,549.077460547182,54.65424047108122,54.65424047108122,54.65424047108122,C — secondaire,0.0,0.0,Very robust
Jene — Kirehe,7,250.3824971009424,311.1181787575468,54.92406559541075,54.92406559541075,54.92406559541075,C — secondaire,0.0,0.0,Very robust
Jene — Kirundo,7,502.30256717077606,595.2893705017613,67.97924399304279,67.97924399304279,67.97924399304279,C — secondaire,0.0,0.0,Very robust
Jene — Kivyuka,7,593.5104218259238,688.5204116396815,93.91268187765488,93.91268187765488,93.91268187765488,A — stratégique,3.0,100.0,Very robust
Jene — Kobero,7,215.66990321202215,273.321357376581,58.679314169515706,58.679314169515706,58.679314169515706,C — secondaire,0.0,0.0,Very robust
Jene — Mabanda,7,424.08894519354976,533.6636262258071,41.772526284791255,41.772526284791255,41.772526284791255,D — surveillance,0.0,0.0,Very robust
Jene — Mabayi,7,589.3856711781744,694.0066896477891,72.23344515074677,72.23344515074677,72.23344515074677,B — prioritaire,0.0,0.0,Very robust
Jene — Makamba,7,738.6994553307532,888.9927582846085,54.70602918822862,54.70602918822862,54.70602918822862,C — secondaire,0.0,0.0,Very robust
Jene — Marangara,7,394.9642768178787,466.7335654933766,76.59016695112129,76.59016695112129,76.59016695112129,B — prioritaire,1.0,50.0,Very robust
Jene — Masanganzira,7,281.4012860096305,337.9273277184129,76.1604238251056,76.1604238251056,76.1604238251056,B — prioritaire,1.0,50.0,Very robust
Jene — Matana,7,449.1848157054313,545.2496884451849,59.08738660697851,59.08738660697851,59.08738660697851,C — secondaire,0.0,0.0,Very robust
Jene — Mihigo,7,316.15126812744927,366.372624054621,64.52888142544055,64.52888142544055,64.52888142544055,C — secondaire,0.0,0.0,Very robust
Jene — Mishiha,7,115.06190028296388,170.93790240698453,53.30624354912557,53.30624354912557,53.30624354912557,C — secondaire,0.0,0.0,Very robust
Jene — Muhanga,7,464.9278857873674,541.0789887660146,64.64777968546147,64.64777968546147,64.64777968546147,C — secondaire,0.0,0.0,Very robust
Jene — Mukenke,7,350.59177448458576,425.91900020767963,67.32604239765897,67.32604239765897,67.32604239765897,C — secondaire,0.0,0.0,Very robust
Jene — Muramvya,7,278.9391961749841,334.26841693213595,59.68151899767116,59.68151899767116,59.68151899767116,C — secondaire,0.0,0.0,Very robust
Jene — Musenyi,7,400.11911937498417,473.29499401785046,72.10932276517136,72.10932276517136,72.10932276517136,B — prioritaire,0.0,0.0,Very robust
Jene — Mutaho,7,327.7036675509402,387.9380683789744,72.06564978764476,72.06564978764476,72.06564978764476,B — prioritaire,0.0,0.0,Very robust
Jene — Muyange,7,103.02738326887729,169.82959768666177,60.49709279745391,60.49709279745391,60.49709279745391,C — secondaire,0.0,0.0,Very robust
Jene — Muyinga,7,324.3142724973271,394.35851507028303,59.296669391102576,59.296669391102576,59.296669391102576,C — secondaire,0.0,0.0,Very robust
Jene — Muzinda,7,476.5204106624304,563.1577417124702,64.07775238924182,64.07775238924182,64.07775238924182,C — secondaire,0.0,0.0,Very robust
Jene — Mwakiro,7,592.4296789220662,701.5171338237426,63.91361639327104,63.91361639327105,63.91361639327104,C — secondaire,0.0,0.0,Very robust
Jene — Mwaro,7,208.2876331103104,261.1752293329901,66.93392983337026,66.93392983337026,66.93392983337026,C — secondaire,0.0,0.0,Very robust
Jene — Ngozi,7,302.34685301661386,353.1963095785487,72.35785105947463,72.35785105947463,72.35785105947463,B — prioritaire,0.0,0.0,Very robust
Jene — Nyabihanga,7,378.1589478453769,455.5174859337329,63.50802128277749,63.5080212827775,63.50802128277749,C — secondaire,0.0,0.0,Very robust
Jene — Nyabikere,7,571.0805737584512,675.0440858964791,72.06533952204398,72.06533952204398,72.06533952204398,B — prioritaire,0.0,0.0,Very robust
Jene — Nyagasasa,7,161.64218837756823,210.39481901895775,58.478440045752684,58.478440045752684,58.478440045752684,C — secondaire,0.0,0.0,Very robust
Jene — Rubaho,7,205.81621504220556,275.2299171768182,63.26147674468015,63.261476744680145,63.26147674468015,C — secondaire,0.0,0.0,Very robust
Jene — Rugombo,7,826.0506295506597,967.3032403788541,95.28617363837353,95.28617363837353,95.28617363837353,A — stratégique,3.0,100.0,Very robust
Jene — Ruhehe,7,276.8017007022442,342.3663111581046,63.006284685050936,63.006284685050936,63.006284685050936,C — secondaire,0.0,0.0,Very robust
Jene — Rumonge,7,213.39556067552223,282.8693874323667,61.90782700408064,61.90782700408064,61.90782700408064,C — secondaire,0.0,0.0,Very robust
Jene — Rusaka,7,116.09455271158046,153.8816585906773,54.42155446603795,54.42155446603795,54.42155446603795,C — secondaire,0.0,0.0,Very robust
Jene — Rutana,7,542.2287948820758,657.5574363780324,54.85345892181448,54.85345892181448,54.85345892181448,C — secondaire,0.0,0.0,Very robust
Jene — Ruyigi,7,1169.200428110183,1368.5890403329358,68.13848647210433,68.13848647210433,68.13848647210433,C — secondaire,0.0,0.0,Very robust
Jene — Rwibaga,7,467.6500788910622,557.8532875247408,63.730234625053725,63.73023462505372,63.730234625053725,C — secondaire,0.0,0.0,Very robust
Jene — Twinkwavu,7,242.7800295583058,317.44221838213116,61.96227122274059,61.96227122274059,61.96227122274059,C — secondaire,0.0,0.0,Very robust
Jene — Wimpfizi,7,360.1678010924286,438.8832561824694,55.14411017715397,55.14411017715397,55.14411017715397,C — secondaire,0.0,0.0,Very robust
Kamenge — Kanyosha,7,250.22544898295504,288.3960455641234,68.46235908993029,68.46235908993029,68.46235908993029,C — secondaire,0.0,0.0,Very robust
Kamenge — Kayanza,7,466.9323615008405,554.0812932146459,71.97834882039236,71.97834882039236,71.97834882039236,B — prioritaire,0.0,0.0,Very robust
Kamenge — Kayero,7,467.05555002113584,565.0414040090584,59.171036775254564,59.171036775254564,59.171036775254564,C — secondaire,0.0,0.0,Very robust
Kamenge — Kayogoro,7,929.0334804749666,1095.7950419178428,71.79369726028226,71.79369726028226,71.79369726028226,B — prioritaire,0.0,0.0,Very robust
Kamenge — Kayongozi,7,579.3764964710086,697.8428784875753,71.17127732631434,71.17127732631434,71.17127732631434,B — prioritaire,0.0,0.0,Very robust
Kamenge — Kigamba,7,833.0715467446689,995.6846391762865,66.98927112678368,66.98927112678368,66.98927112678368,C — secondaire,0.0,0.0,Very robust
Kamenge — Kinama,7,668.37017947444,769.3323672033317,69.3711367005794,69.3711367005794,69.3711367005794,C — secondaire,0.0,0.0,Very robust
Kamenge — Kinyinya,7,402.9051336246273,495.6037389819831,58.75588451067769,58.75588451067769,58.75588451067769,C — secondaire,0.0,0.0,Very robust
Kamenge — Kirehe,7,282.5614387044976,359.2387234447847,58.32325203036221,58.32325203036221,58.32325203036221,C — secondaire,0.0,0.0,Very robust
Kamenge — Kirundo,7,468.8834457068536,572.492785874366,62.836606667673685,62.836606667673685,62.836606667673685,C — secondaire,0.0,0.0,Very robust
Kamenge — Kivyuka,7,522.0356743545618,608.2622638662408,72.69704807821455,72.69704807821455,72.69704807821455,B — prioritaire,0.0,0.0,Very robust
Kamenge — Kobero,7,194.65526040058148,262.87430645739215,61.732957275800324,61.732957275800324,61.732957275800324,C — secondaire,0.0,0.0,Very robust
Kamenge — Mabanda,7,671.101618046493,801.853619448497,63.3337686473613,63.3337686473613,63.3337686473613,C — secondaire,0.0,0.0,Very robust
Kamenge — Mabayi,7,336.16434825024754,406.1726109643917,67.49913774827763,67.49913774827763,67.49913774827763,C — secondaire,0.0,0.0,Very robust
Kamenge — Makamba,7,1011.5435381996252,1188.9623706569823,71.96531128028123,71.96531128028123,71.96531128028123,B — prioritaire,0.0,0.0,Very robust
Kamenge — Marangara,7,551.5557511046977,662.2668573305848,63.32727586473632,63.32727586473633,63.32727586473632,C — secondaire,0.0,0.0,Very robust
Kamenge — Masanganzira,7,407.6228310532177,495.6889913085216,67.17523938813119,67.17523938813119,67.17523938813119,C — secondaire,0.0,0.0,Very robust
Kamenge — Matana,7,483.8480985743035,573.0126722461303,63.994065243441845,63.994065243441845,63.994065243441845,C — secondaire,0.0,0.0,Very robust
Kamenge — Mihigo,7,376.41449956994654,454.27151038711975,71.50305410025713,71.50305410025713,71.50305410025713,B — prioritaire,0.0,0.0,Very robust
Kamenge — Mishiha,7,377.7426990312104,482.4799787276619,69.71402127099321,69.71402127099321,69.71402127099321,C — secondaire,0.0,0.0,Very robust
Kamenge — Muhanga,7,709.7176096403409,830.560644417289,72.5043978342367,72.5043978342367,72.5043978342367,B — prioritaire,0.0,0.0,Very robust
Kamenge — Mukenke,7,245.7149384989104,319.93789535667577,49.95478099367378,49.95478099367377,49.95478099367378,D — surveillance,0.0,0.0,Very robust
Kamenge — Muramvya,7,418.3191889135609,488.23374524866887,72.55177323195161,72.55177323195161,72.55177323195161,B — prioritaire,0.0,0.0,Very robust
Kamenge — Musenyi,7,180.4549585675162,211.6034293860784,71.93523216629268,71.93523216629268,71.93523216629268,B — prioritaire,0.0,0.0,Very robust
Kamenge — Mutaho,7,537.085423141277,632.7074356319757,72.23582675216988,72.23582675216988,72.23582675216988,B — prioritaire,0.0,0.0,Very robust
Kamenge — Muyange,7,176.09967207185542,233.07689403079544,50.118314825350154,50.11831482535016,50.118314825350154,C — secondaire,0.0,0.0,Very robust
Kamenge — Muyinga,7,292.22208546882814,369.84388605806936,62.409875819650466,62.40987581965047,62.409875819650466,C — secondaire,0.0,0.0,Very robust
Kamenge — Muzinda,7,536.9947489853325,616.5051449937139,69.30526209989608,69.30526209989608,69.30526209989608,C — secondaire,0.0,0.0,Very robust
Kamenge — Mwakiro,7,620.7242468366226,742.3200375014097,67.40963951786429,67.40963951786429,67.40963951786429,C — secondaire,0.0,0.0,Very robust
Kamenge — Mwaro,7,307.63854915496006,365.40030792355435,71.97120596377879,71.97120596377879,71.97120596377879,B — prioritaire,0.0,0.0,Very robust
Kamenge — Ngozi,7,484.9541889770634,577.7983572758844,71.80782373085961,71.80782373085961,71.80782373085961,B — prioritaire,0.0,0.0,Very robust
Kamenge — Nyabihanga,7,717.3532504801933,836.8462782057971,68.65902756914113,68.65902756914113,68.65902756914113,C — secondaire,0.0,0.0,Very robust
Kamenge — Nyabikere,7,692.5738139694562,818.6683697011956,67.92340394139097,67.92340394139097,67.92340394139097,C — secondaire,0.0,0.0,Very robust
Kamenge — Nyagasasa,7,248.93468168428348,297.0578495789786,71.82547392377134,71.82547392377134,71.82547392377134,B — prioritaire,0.0,0.0,Very robust
Kamenge — Rubaho,7,375.39608714044056,463.62331620304604,66.77014945623881,66.77014945623881,66.77014945623881,C — secondaire,0.0,0.0,Very robust
Kamenge — Rugombo,7,610.0035892531848,714.3159322513649,60.41866183052938,60.41866183052938,60.41866183052938,C — secondaire,0.0,0.0,Very robust
Kamenge — Ruhehe,7,303.3578149413023,388.0745304034152,62.081065739072464,62.081065739072464,62.081065739072464,C — secondaire,0.0,0.0,Very robust
Kamenge — Rumonge,7,372.5663090963941,443.8615753270261,67.86949252788142,67.86949252788142,67.86949252788142,C — secondaire,0.0,0.0,Very robust
Kamenge — Rusaka,7,399.88135697450434,467.3775221319305,72.48730797004976,72.48730797004976,72.48730797004976,B — prioritaire,0.0,0.0,Very robust
Kamenge — Rutana,7,729.9326524477988,864.5027241919136,63.739719913703816,63.739719913703816,63.739719913703816,C — secondaire,0.0,0.0,Very robust
Kamenge — Ruyigi,7,895.4566402854496,1054.5437109794782,63.902626235938385,63.902626235938385,63.902626235938385,C — secondaire,0.0,0.0,Very robust
Kamenge — Rwibaga,7,390.04565055632855,453.74312138128374,64.5699046933369,64.5699046933369,64.5699046933369,C — secondaire,0.0,0.0,Very robust
Kamenge — Twinkwavu,6,-15.72104315314553,27.58220436293766,55.45618297942522,55.45618297942523,55.45618297942522,C — secondaire,0.0,0.0,Robust
Kamenge — Wimpfizi,7,760.3836556630271,886.9672167127259,72.6839203413453,72.6839203413453,72.6839203413453,B — prioritaire,0.0,0.0,Very robust
Kanyosha — Kayanza,7,696.2851198984235,818.4514250993242,68.2355521702826,68.2355521702826,68.2355521702826,C — secondaire,0.0,0.0,Very robust
Kanyosha — Kayero,7,689.4463734859847,818.7123069225648,63.644894878087506,63.644894878087506,63.644894878087506,C — secondaire,0.0,0.0,Very robust
Kanyosha — Kayogoro,7,1176.4243039398154,1378.037373402778,72.08731846577683,72.08731846577683,72.08731846577683,B — prioritaire,0.0,0.0,Very robust
Kanyosha — Kayongozi,7,731.7056419269322,871.4526705401138,67.42841828949268,67.42841828949268,67.42841828949268,C — secondaire,0.0,0.0,Very robust
Kanyosha — Kigamba,7,660.1796973380649,800.180942287742,66.59899860777067,66.59899860777067,66.59899860777067,C — secondaire,0.0,0.0,Very robust
Kanyosha — Kinama,7,895.7229363474909,1031.4167832917817,73.57354296524062,73.5735429652406,73.57354296524062,B — prioritaire,0.0,0.0,Very robust
Kanyosha — Kinyinya,7,539.710357089476,651.4625276097752,63.11791372072675,63.11791372072675,63.11791372072675,C — secondaire,0.0,0.0,Very robust
Kanyosha — Kirehe,7,294.00059710208086,374.5647410437488,58.212682640027325,58.212682640027325,58.212682640027325,C — secondaire,0.0,0.0,Very robust
Kanyosha — Kirundo,7,697.901804104437,836.480746330473,67.12583636342754,67.12583636342754,67.12583636342754,C — secondaire,0.0,0.0,Very robust
Kanyosha — Kivyuka,7,750.4633828591834,871.4115037967928,72.95963751915264,72.95963751915264,72.95963751915264,B — prioritaire,0.0,0.0,Very robust
Kanyosha — Kobero,7,341.3408172736324,432.7676368315567,58.084927517017775,58.084927517017775,58.084927517017775,C — secondaire,0.0,0.0,Very robust
Kanyosha — Mabanda,7,895.4240336264565,1056.01927783991,59.772905057496615,59.77290505749662,59.772905057496615,C — secondaire,0.0,0.0,Very robust
Kanyosha — Mabayi,7,413.3138356715568,495.66365100209566,67.62936720016668,67.62936720016668,67.62936720016668,C — secondaire,0.0,0.0,Very robust
Kanyosha — Makamba,7,1209.4993671075297,1414.6216550460838,68.17763433249814,68.17763433249814,68.17763433249814,C — secondaire,0.0,0.0,Very robust
Kanyosha — Marangara,7,775.2125079777487,920.1272734190352,63.53794478877606,63.537944788776066,63.53794478877606,C — secondaire,0.0,0.0,Very robust
Kanyosha — Masanganzira,7,383.64118792626914,470.5340931112582,66.9610190262733,66.9610190262733,66.9610190262733,C — secondaire,0.0,0.0,Very robust
Kanyosha — Matana,7,702.2373220391523,822.1103180167795,64.43590292295328,64.43590292295328,64.43590292295328,C — secondaire,0.0,0.0,Very robust
Kanyosha — Mihigo,7,459.1000564429979,551.0219836184277,71.56153584646341,71.56153584646341,71.56153584646341,B — prioritaire,0.0,0.0,Very robust
Kanyosha — Mishiha,7,621.8789613148741,761.4976757063747,66.1875885511211,66.1875885511211,66.1875885511211,C — secondaire,0.0,0.0,Very robust
Kanyosha — Muhanga,7,889.0703665133916,1037.7879176485962,68.57393442975723,68.57393442975723,68.57393442975723,C — secondaire,0.0,0.0,Very robust
Kanyosha — Mukenke,7,298.40049537196154,382.4026543022692,54.0156312176968,54.0156312176968,54.0156312176968,C — secondaire,0.0,0.0,Very robust
Kanyosha — Muramvya,7,401.439945786612,471.1958756228337,72.35501720904085,72.35501720904085,72.35501720904085,B — prioritaire,0.0,0.0,Very robust
Kanyosha — Musenyi,7,263.90938726805257,309.21691054345087,72.21088847700184,72.21088847700184,72.21088847700184,B — prioritaire,0.0,0.0,Very robust
Kanyosha — Mutaho,7,589.7709800143282,695.1721945775691,72.18462730466874,72.18462730466874,72.18462730466874,B — prioritaire,0.0,0.0,Very robust
Kanyosha — Muyange,7,373.665287651819,456.6633524222082,55.024574824975396,55.024574824975396,55.024574824975396,C — secondaire,0.0,0.0,Very robust
Kanyosha — Muyinga,7,471.5748423418789,577.0711592893765,62.7406081365284,62.7406081365284,62.7406081365284,C — secondaire,0.0,0.0,Very robust
Kanyosha — Muzinda,7,692.7835776858689,796.7865118653723,73.46755695573333,73.46755695573333,73.46755695573333,B — prioritaire,0.0,0.0,Very robust
Kanyosha — Mwakiro,7,797.3740068243563,946.1086632104385,67.54835233038011,67.54835233038011,67.54835233038011,C — secondaire,0.0,0.0,Very robust
Kanyosha — Mwaro,7,555.0293726198088,647.6426394084893,72.6514239055085,72.6514239055085,72.6514239055085,B — prioritaire,0.0,0.0,Very robust
Kanyosha — Ngozi,7,714.3069458501141,842.1684876500486,72.07407845687865,72.07407845687865,72.07407845687865,B — prioritaire,0.0,0.0,Very robust
Kanyosha — Nyabihanga,7,964.7440724205096,1119.0886081802184,73.04897373719177,73.04897373719177,73.04897373719177,B — prioritaire,0.0,0.0,Very robust
Kanyosha — Nyabikere,7,874.3359115948974,1026.9649601120987,72.16441107676839,72.16441107676839,72.16441107676839,B — prioritaire,0.0,0.0,Very robust
Kanyosha — Nyagasasa,7,494.9927051491322,577.7769810639136,72.60932661105822,72.60932661105822,72.60932661105822,B — prioritaire,0.0,0.0,Very robust
Kanyosha — Rubaho,7,594.7869106052894,713.8656476879811,71.30777911554576,71.30777911554576,71.30777911554576,B — prioritaire,0.0,0.0,Very robust
Kanyosha — Rugombo,7,408.8202766744944,485.7123437176406,63.91654217529447,63.91654217529447,63.91654217529447,C — secondaire,0.0,0.0,Very robust
Kanyosha — Ruhehe,7,436.0433733388858,541.9678622880939,66.31277845007713,66.31277845007713,66.31277845007713,C — secondaire,0.0,0.0,Very robust
Kanyosha — Rumonge,7,591.8327246763579,692.2489480041534,64.49905540793199,64.49905540793199,64.49905540793199,C — secondaire,0.0,0.0,Very robust
Kanyosha — Rusaka,7,650.1049510002841,753.3133458572645,73.03218931182613,73.03218931182613,73.03218931182613,B — prioritaire,0.0,0.0,Very robust
Kanyosha — Rutana,7,623.9890759126481,742.9343128197064,67.62875907915281,67.62875907915281,67.62875907915281,C — secondaire,0.0,0.0,Very robust
Kanyosha — Ruyigi,7,1005.180263750298,1179.4520996072702,64.06363110153538,64.06363110153538,64.06363110153538,C — secondaire,0.0,0.0,Very robust
Kanyosha — Rwibaga,7,629.3011965419628,726.9112176608411,69.15030014519488,69.15030014519488,69.15030014519488,C — secondaire,0.0,0.0,Very robust
Kanyosha — Twinkwavu,7,62.10338031170304,116.03436441930103,44.50579412075089,44.505794120750885,44.50579412075089,D — surveillance,0.0,0.0,Very robust
Kanyosha — Wimpfizi,7,1007.7744791278758,1169.2095481976608,73.03256195726668,73.03256195726668,73.03256195726668,B — prioritaire,0.0,0.0,Very robust
Kayanza — Kayero,7,78.51223509233506,123.26224418242938,49.350502129268435,49.350502129268435,49.350502129268435,D — surveillance,0.0,0.0,Very robust
Kayanza — Kayogoro,7,284.71501895605303,366.36432183830846,53.99702262499455,53.99702262499455,53.99702262499455,C — secondaire,0.0,0.0,Very robust
Kayanza — Kayongozi,7,381.9473911922026,469.6059156538011,66.88881480791949,66.88881480791949,66.88881480791949,C — secondaire,0.0,0.0,Very robust
Kayanza — Kigamba,7,1143.29180528883,1337.8469154094985,60.142450514300876,60.142450514300876,60.142450514300876,C — secondaire,0.0,0.0,Very robust
Kayanza — Kinama,7,204.4587153597338,248.63067839226673,60.3935829025367,60.3935829025367,60.3935829025367,C — secondaire,0.0,0.0,Very robust
Kayanza — Kinyinya,7,327.26291117042393,408.9192290730389,58.56142074503732,58.56142074503732,58.56142074503732,C — secondaire,0.0,0.0,Very robust
Kayanza — Kirehe,7,643.4355543933494,759.2819598828639,80.70634056447525,80.70634056447525,80.70634056447525,B — prioritaire,1.0,66.66666666666667,Very robust
Kayanza — Kirundo,7,211.34879877965076,262.3677497944536,60.052197391535735,60.052197391535735,60.052197391535735,C — secondaire,0.0,0.0,Very robust
Kayanza — Kivyuka,7,140.68881720611475,170.7749948026205,63.33449759889269,63.33449759889269,63.33449759889269,C — secondaire,0.0,0.0,Very robust
Kayanza — Kobero,7,442.7562651380794,532.186050202034,67.50868177256558,67.50868177256558,67.50868177256558,C — secondaire,0.0,0.0,Very robust
Kayanza — Mabanda,7,216.03602212755925,292.59298691181124,49.40768957150628,49.40768957150628,49.40768957150628,D — surveillance,0.0,0.0,Very robust
Kayanza — Mabayi,7,863.2568680828977,1006.7673314640989,97.67120776145856,97.67120776145855,97.67120776145856,A — stratégique,3.0,100.0,Very robust
Kayanza — Makamba,7,539.0513322647627,657.5276046848983,50.57667611772184,50.57667611772184,50.57667611772184,C — secondaire,0.0,0.0,Very robust
Kayanza — Marangara,7,276.77566245777643,331.25783533904706,67.75847967820368,67.75847967820368,67.75847967820368,C — secondaire,0.0,0.0,Very robust
Kayanza — Masanganzira,7,735.6629254469444,856.2001171915474,72.82016613546196,72.82016613546196,72.82016613546196,B — prioritaire,0.0,0.0,Very robust
Kayanza — Matana,7,208.26869263944087,266.6211062740461,59.537609193257246,59.537609193257246,59.537609193257246,C — secondaire,0.0,0.0,Very robust
Kayanza — Mihigo,7,661.2220868334521,760.6113646429079,73.42171961746354,73.42171961746354,73.42171961746354,B — prioritaire,0.0,0.0,Very robust
Kayanza — Mishiha,7,155.40935757537085,216.00956924658746,61.66560089104479,61.66560089104479,61.66560089104479,C — secondaire,0.0,0.0,Very robust
Kayanza — Muhanga,7,414.2210015767387,480.3469131519356,70.63089078645541,70.63089078645541,70.63089078645541,B — prioritaire,0.0,0.0,Very robust
Kayanza — Mukenke,7,695.199832892637,819.2430783825587,72.11924370089923,72.11924370089923,72.11924370089923,B — prioritaire,0.0,0.0,Very robust
Kayanza — Muramvya,7,607.7822731089938,706.7932061895688,68.80527849503495,68.80527849503495,68.80527849503495,C — secondaire,0.0,0.0,Very robust
Kayanza — Musenyi,7,543.4351147551752,636.8496914665038,64.41071722450886,64.41071722450886,64.41071722450886,C — secondaire,0.0,0.0,Very robust
Kayanza — Mutaho,7,756.0029166736449,874.6415737172764,73.18129588375697,73.18129588375697,73.18129588375697,B — prioritaire,0.0,0.0,Very robust
Kayanza — Muyange,7,298.69606020288654,390.1550726583799,61.57376468713435,61.57376468713435,61.57376468713435,C — secondaire,0.0,0.0,Very robust
Kayanza — Muyinga,7,241.54652978973417,298.7270961956004,79.47050244846625,79.47050244846625,79.47050244846625,B — prioritaire,1.0,33.333333333333336,Very robust
Kayanza — Muzinda,7,188.1308060426216,233.33461058969507,67.13881850150209,67.13881850150209,67.13881850150209,C — secondaire,0.0,0.0,Very robust
Kayanza — Mwakiro,7,356.22858415959075,429.50734663982456,63.50826406720498,63.50826406720498,63.50826406720498,C — secondaire,0.0,0.0,Very robust
Kayanza — Mwaro,7,179.91471156885257,225.45316295807976,42.848667457606176,42.848667457606176,42.848667457606176,D — surveillance,0.0,0.0,Very robust
Kayanza — Ngozi,7,308.80311183355343,359.53517792866575,72.44975668555477,72.44975668555477,72.44975668555477,B — prioritaire,0.0,0.0,Very robust
Kayanza — Nyabihanga,7,136.3428263039189,175.86033384453665,58.6665324481112,58.6665324481112,58.6665324481112,C — secondaire,0.0,0.0,Very robust
Kayanza — Nyabikere,7,375.1796405153751,448.65137936373213,67.75636655554021,67.75636655554021,67.75636655554021,C — secondaire,0.0,0.0,Very robust
Kayanza — Nyagasasa,7,348.99726531157813,421.2190368478194,63.48824092884053,63.48824092884053,63.48824092884053,C — secondaire,0.0,0.0,Very robust
Kayanza — Rubaho,7,301.85437221163977,381.8459849478456,62.375771811621895,62.375771811621895,62.375771811621895,C — secondaire,0.0,0.0,Very robust
Kayanza — Rugombo,7,1002.0290249308508,1168.1863949703647,64.59175944242827,64.59175944242827,64.59175944242827,C — secondaire,0.0,0.0,Very robust
Kayanza — Ruhehe,7,579.181086342142,687.5397238609179,59.78459142592805,59.78459142592805,59.78459142592805,C — secondaire,0.0,0.0,Very robust
Kayanza — Rumonge,7,257.9481159517886,332.51060655076657,54.11814990504441,54.11814990504441,54.11814990504441,C — secondaire,0.0,0.0,Very robust
Kayanza — Rusaka,7,343.2080311701225,410.14404935862393,67.79249599046639,67.79249599046639,67.79249599046639,C — secondaire,0.0,0.0,Very robust
Kayanza — Rutana,7,876.9547742737323,1036.9595866887423,59.60847280628259,59.60847280628259,59.60847280628259,C — secondaire,0.0,0.0,Very robust
Kayanza — Ruyigi,7,734.7764787574195,869.3231757531797,55.74614585487583,55.74614585487583,55.74614585487583,C — secondaire,0.0,0.0,Very robust
Kayanza — Rwibaga,7,218.777955825072,270.1321339250309,71.20329590485349,71.20329590485349,71.20329590485349,B — prioritaire,0.0,0.0,Very robust
Kayanza — Twinkwavu,7,421.46828685071273,520.6176566503055,54.520626614148696,54.520626614148696,54.520626614148696,C — secondaire,0.0,0.0,Very robust
Kayanza — Wimpfizi,7,169.98367955097058,218.23410409327312,62.65765472012823,62.65765472012823,62.65765472012823,C — secondaire,0.0,0.0,Very robust
Kayero — Kayogoro,7,546.5986218431729,636.6951539327883,60.64873247127037,60.64873247127037,60.64873247127037,C — secondaire,0.0,0.0,Very robust
Kayero — Kayongozi,7,302.825547719949,365.15153530854957,55.507693658288254,55.507693658288254,55.507693658288254,C — secondaire,0.0,0.0,Very robust
Kayero — Kigamba,7,985.4685862949382,1153.691419269259,56.21598503821829,56.2159850382183,56.21598503821829,C — secondaire,0.0,0.0,Very robust
Kayero — Kinama,7,289.0536749756536,359.3668563863912,59.83296975485597,59.83296975485597,59.83296975485597,C — secondaire,0.0,0.0,Very robust
Kayero — Kinyinya,7,393.8934642880821,459.53770898060674,72.53732904987888,72.53732904987888,72.53732904987888,B — prioritaire,0.0,0.0,Very robust
Kayero — Kirehe,7,475.25450625053736,576.4780086788018,55.02418808027863,55.02418808027863,55.02418808027863,C — secondaire,0.0,0.0,Very robust
Kayero — Kirundo,7,155.57050910915316,219.09728247535145,57.457641755583936,57.457641755583936,57.457641755583936,C — secondaire,0.0,0.0,Very robust
Kayero — Kivyuka,7,141.88803017073002,201.98100950174126,57.474651100154894,57.474651100154894,57.474651100154894,C — secondaire,0.0,0.0,Very robust
Kayero — Kobero,7,196.12843522392228,265.06269195310966,57.68207261814477,57.68207261814477,57.68207261814477,C — secondaire,0.0,0.0,Very robust
Kayero — Mabanda,7,292.6516945898076,353.7803693956319,55.45483568713365,55.45483568713365,55.45483568713365,C — secondaire,0.0,0.0,Very robust
Kayero — Mabayi,7,524.3536778016872,652.3373690578661,57.80663358728641,57.80663358728641,57.80663358728641,C — secondaire,0.0,0.0,Very robust
Kayero — Makamba,7,543.269366176332,636.4914480755707,60.39687051730425,60.39687051730425,60.39687051730425,C — secondaire,0.0,0.0,Very robust
Kayero — Marangara,6,-15.904196280549826,20.179676895637442,38.811879387288684,38.811879387288684,38.811879387288684,D — surveillance,0.0,0.0,Robust
Kayero — Masanganzira,7,443.1476287384031,540.5405117450298,54.90013809040711,54.90013809040711,54.90013809040711,C — secondaire,0.0,0.0,Very robust
Kayero — Matana,7,436.4403814959936,513.4880417839973,80.62610051779144,80.62610051779144,80.62610051779144,B — prioritaire,1.0,33.333333333333336,Very robust
Kayero — Mihigo,7,630.3306901115131,753.8932874763628,59.33533488806447,59.33533488806447,59.33533488806447,C — secondaire,0.0,0.0,Very robust
Kayero — Mishiha,7,163.02970336073304,218.12804372602844,66.14907968956805,66.14907968956805,66.14907968956805,C — secondaire,0.0,0.0,Very robust
Kayero — Muhanga,7,111.75297065308764,154.85427227989476,58.05647662440765,58.05647662440765,58.05647662440765,C — secondaire,0.0,0.0,Very robust
Kayero — Mukenke,7,392.60668904768096,491.4459618775776,66.26705772918771,66.26705772918771,66.26705772918771,C — secondaire,0.0,0.0,Very robust
Kayero — Muramvya,7,640.2275122698205,757.4814984013517,67.93135852771215,67.93135852771215,67.93135852771215,C — secondaire,0.0,0.0,Very robust
Kayero — Musenyi,7,538.5479535599721,651.7759900971312,63.003706539304446,63.003706539304446,63.003706539304446,C — secondaire,0.0,0.0,Very robust
Kayero — Mutaho,7,639.6281881497385,754.2598540641737,72.12915605719189,72.12915605719189,72.12915605719189,B — prioritaire,0.0,0.0,Very robust
Kayero — Muyange,7,430.8685326651351,514.8359408564863,67.73373376244732,67.73373376244732,67.73373376244732,C — secondaire,0.0,0.0,Very robust
Kayero — Muyinga,7,75.07777770071402,121.14342015744894,57.26414372590588,57.264143725905875,57.26414372590588,C — secondaire,0.0,0.0,Very robust
Kayero — Muzinda,7,263.2893439777881,334.6223914190522,70.50032799087232,70.50032799087232,70.50032799087232,B — prioritaire,0.0,0.0,Very robust
Kayero — Mwakiro,7,113.12243951085308,157.71914379036554,53.96342750347489,53.96342750347488,53.96342750347489,C — secondaire,0.0,0.0,Very robust
Kayero — Mwaro,7,252.3055673912029,305.98524059623,51.38484102834276,51.38484102834276,51.38484102834276,C — secondaire,0.0,0.0,Very robust
Kayero — Ngozi,7,143.02952017356097,194.47092350295472,62.057851518015205,62.057851518015205,62.057851518015205,C — secondaire,0.0,0.0,Very robust
Kayero — Nyabihanga,7,143.32160700397566,179.6071427159895,54.94873978550591,54.94873978550591,54.94873978550591,C — secondaire,0.0,0.0,Very robust
Kayero — Nyabikere,7,223.0683442813944,276.27144069202615,71.14327790434265,71.14327790434265,71.14327790434265,B — prioritaire,0.0,0.0,Very robust
Kayero — Nyagasasa,7,595.7657044615507,701.2786884835219,68.22157503301334,68.22157503301334,68.22157503301334,C — secondaire,0.0,0.0,Very robust
Kayero — Rubaho,7,505.0957218262553,580.6420922112524,98.2202749919914,98.22027499199142,98.2202749919914,A — stratégique,1.0,100.0,Very robust
Kayero — Rugombo,7,686.6921172800919,833.0512031200394,50.36355472872009,50.36355472872009,50.36355472872009,C — secondaire,0.0,0.0,Very robust
Kayero — Ruhehe,7,341.6016783436021,436.458227004401,53.8336303128524,53.8336303128524,53.8336303128524,C — secondaire,0.0,0.0,Very robust
Kayero — Rumonge,7,246.83235162044335,306.41831812304724,67.0265982064522,67.0265982064522,67.0265982064522,C — secondaire,0.0,0.0,Very robust
Kayero — Rusaka,7,386.0343376199581,462.7214941228393,67.67528435476663,67.67528435476663,67.67528435476663,C — secondaire,0.0,0.0,Very robust
Kayero — Rutana,7,1121.1093877013632,1287.6626215862984,94.89676857375376,94.89676857375376,94.89676857375376,A — stratégique,1.0,100.0,Very robust
Kayero — Ruyigi,7,874.8262689814272,1011.856228611088,66.65092840242917,66.65092840242917,66.65092840242917,C — secondaire,0.0,0.0,Very robust
Kayero — Rwibaga,7,324.825507506844,394.62030550293326,71.39472724148592,71.39472724148592,71.39472724148592,B — prioritaire,0.0,0.0,Very robust
Kayero — Twinkwavu,7,500.58084993063807,595.5033599702737,55.752421643709624,55.752421643709624,55.752421643709624,C — secondaire,0.0,0.0,Very robust
Kayero — Wimpfizi,7,245.4414943581086,293.81087301061785,63.712040783163516,63.712040783163516,63.712040783163516,C — secondaire,0.0,0.0,Very robust
Kayogoro — Kayongozi,7,682.3340789026238,809.5736569582672,67.72807994782127,67.72807994782127,67.72807994782127,C — secondaire,0.0,0.0,Very robust
Kayogoro — Kigamba,7,1425.63141985408,1667.6023273660342,59.89335194553945,59.89335194553945,59.89335194553945,C — secondaire,0.0,0.0,Very robust
Kayogoro — Kinama,7,404.32130581993965,494.75663449425974,54.90053034618159,54.90053034618159,54.90053034618159,C — secondaire,0.0,0.0,Very robust
Kayogoro — Kinyinya,7,879.0534650932441,1023.8195027542478,72.76060035285053,72.76060035285053,72.76060035285053,B — prioritaire,0.0,0.0,Very robust
Kayogoro — Kirehe,7,924.7404901142552,1097.6180291918238,63.27256333548265,63.27256333548265,63.27256333548265,C — secondaire,0.0,0.0,Very robust
Kayogoro — Kirundo,7,358.70929297287114,458.69764584551615,53.70058202302789,53.70058202302789,53.70058202302789,C — secondaire,0.0,0.0,Very robust
Kayogoro — Kivyuka,7,398.8819686899535,501.3367605814087,54.02456348594297,54.02456348594297,54.02456348594297,C — secondaire,0.0,0.0,Very robust
Kayogoro — Kobero,7,663.3728190876403,806.4980267518458,54.34577316101074,54.34577316101074,54.34577316101074,C — secondaire,0.0,0.0,Very robust
Kayogoro — Mabanda,7,283.1411316620637,331.4377884265986,89.22272637658901,89.22272637658901,89.22272637658901,A — stratégique,3.0,100.0,Very robust
Kayogoro — Mabayi,7,1084.664408255518,1295.4713498237936,70.44758061294851,70.44758061294851,70.44758061294851,B — prioritaire,0.0,0.0,Very robust
Kayogoro — Makamba,7,327.239157056658,378.88759588142483,85.55295567159285,85.55295567159285,85.55295567159285,A — stratégique,1.0,100.0,Very robust
Kayogoro — Marangara,7,334.53876536094594,428.12767201183397,57.85578548723921,57.85578548723921,57.85578548723921,C — secondaire,0.0,0.0,Very robust
Kayogoro — Masanganzira,7,827.7264126021208,987.5008751151945,55.050752497726464,55.050752497726464,55.050752497726464,C — secondaire,0.0,0.0,Very robust
Kayogoro — Matana,7,706.4056436779799,821.5466341477057,68.83346601947193,68.83346601947193,68.83346601947193,C — secondaire,0.0,0.0,Very robust
Kayogoro — Mihigo,7,770.464673975231,921.4881651322418,59.038317552538906,59.038317552538906,59.038317552538906,C — secondaire,0.0,0.0,Very robust
Kayogoro — Mishiha,7,376.1845064627813,472.31437562690616,54.17403301798625,54.17403301798625,54.17403301798625,C — secondaire,0.0,0.0,Very robust
Kayogoro — Muhanga,7,431.88695451680576,528.1634356500597,62.89023030708499,62.89023030708499,62.89023030708499,C — secondaire,0.0,0.0,Very robust
Kayogoro — Mukenke,7,847.3006729113988,1018.5379823905995,66.55165061585828,66.55165061585828,66.55165061585828,C — secondaire,0.0,0.0,Very robust
Kayogoro — Muramvya,7,854.0784902373592,1007.9145095302969,55.75521216964471,55.75521216964471,55.75521216964471,C — secondaire,0.0,0.0,Very robust
Kayogoro — Musenyi,7,941.0084529029082,1114.6290118155323,63.40100205570761,63.4010020557076,63.40100205570761,C — secondaire,0.0,0.0,Very robust
Kayogoro — Mutaho,7,966.7404831245678,1135.5442301327514,65.47184675485981,65.47184675485981,65.47184675485981,C — secondaire,0.0,0.0,Very robust
Kayogoro — Muyange,7,1003.578769737391,1157.888559887453,94.31368555849141,94.31368555849141,94.31368555849141,A — stratégique,3.0,83.33333333333333,Very robust
Kayogoro — Muyinga,7,461.7237600398995,570.466296302814,54.35331819039967,54.35331819039967,54.35331819039967,C — secondaire,0.0,0.0,Very robust
Kayogoro — Muzinda,7,503.9706433207242,612.5848988517391,62.912095787025045,62.912095787025045,62.912095787025045,C — secondaire,0.0,0.0,Very robust
Kayogoro — Mwakiro,7,491.0388233745713,597.0653357319591,62.935325237476064,62.93532523747607,62.935325237476064,C — secondaire,0.0,0.0,Very robust
Kayogoro — Mwaro,7,612.7128884393239,723.0765776168531,56.011140446260335,56.011140446260335,56.011140446260335,C — secondaire,0.0,0.0,Very robust
Kayogoro — Ngozi,7,404.1107040372791,500.29117258740536,54.51094298048904,54.51094298048904,54.51094298048904,C — secondaire,0.0,0.0,Very robust
Kayogoro — Nyabihanga,7,380.6612438562336,457.71626622410014,63.55928820797964,63.55928820797964,63.55928820797964,C — secondaire,0.0,0.0,Very robust
Kayogoro — Nyabikere,7,511.20072814511263,613.007346919334,67.48526654689573,67.48526654689573,67.48526654689573,C — secondaire,0.0,0.0,Very robust
Kayogoro — Nyagasasa,7,827.098800315216,966.7371938493786,68.50934662547833,68.50934662547833,68.50934662547833,C — secondaire,0.0,0.0,Very robust
Kayogoro — Rubaho,7,786.7043908255389,911.286008925231,73.11888858412894,73.11888858412894,73.11888858412894,B — prioritaire,0.0,0.0,Very robust
Kayogoro — Rugombo,7,1273.670047733923,1506.6619838859672,62.906435579120114,62.906435579120114,62.906435579120114,C — secondaire,0.0,0.0,Very robust
Kayogoro — Ruhehe,7,724.73886220732,881.7710475174229,58.10929001773221,58.109290017732214,58.10929001773221,C — secondaire,0.0,0.0,Very robust
Kayogoro — Rumonge,7,781.9380060643105,913.2173891704188,89.27028149933899,89.27028149933899,89.27028149933899,A — stratégique,2.0,66.66666666666667,Very robust
Kayogoro — Rusaka,7,676.8739208478555,800.0722795062237,63.9182995145013,63.9182995145013,63.9182995145013,C — secondaire,0.0,0.0,Very robust
Kayogoro — Rutana,7,1964.3822780558803,2251.384355860683,81.68896762845594,81.68896762845596,81.68896762845594,B — prioritaire,2.0,100.0,Very robust
Kayogoro — Ruyigi,7,655.8905590918748,772.4912038965176,68.15591041356808,68.15591041356808,68.15591041356808,C — secondaire,0.0,0.0,Very robust
Kayogoro — Rwibaga,7,661.187437960675,781.8128005545751,67.94055492741346,67.94055492741346,67.94055492741346,C — secondaire,0.0,0.0,Very robust
Kayogoro — Twinkwavu,7,948.089496332716,1117.4172767140215,63.7767204251996,63.7767204251996,63.7767204251996,C — secondaire,0.0,0.0,Very robust
Kayogoro — Wimpfizi,7,325.8540283529933,390.9506795798543,63.669657021649954,63.66965702164995,63.669657021649954,C — secondaire,0.0,0.0,Very robust
Kayongozi — Kigamba,7,995.3256543984788,1148.3010175993481,65.43177643812949,65.43177643812949,65.43177643812949,C — secondaire,0.0,0.0,Very robust
Kayongozi — Kinama,7,195.8223359850984,254.41448885075647,58.34366865234409,58.34366865234409,58.34366865234409,C — secondaire,0.0,0.0,Very robust
Kayongozi — Kinyinya,7,328.25520357088715,389.36801838752297,67.98947223943706,67.98947223943706,67.98947223943706,C — secondaire,0.0,0.0,Very robust
Kayongozi — Kirehe,7,540.1346482987593,633.2263255566113,89.39388233153888,89.39388233153888,89.39388233153888,A — stratégique,2.0,100.0,Very robust
Kayongozi — Kirundo,7,347.7475708789009,428.8840518052431,70.92760638590508,70.92760638590508,70.92760638590508,B — prioritaire,0.0,0.0,Very robust
Kayongozi — Kivyuka,7,540.6953887646926,658.1981266134395,70.7872685014191,70.7872685014191,70.7872685014191,B — prioritaire,0.0,0.0,Very robust
Kayongozi — Kobero,7,216.5514312972977,270.92321912741335,71.26139606369176,71.26139606369176,71.26139606369176,B — prioritaire,1.0,33.333333333333336,Very robust
Kayongozi — Mabanda,7,469.5711516492586,573.7263009925394,66.8327694409409,66.8327694409409,66.8327694409409,C — secondaire,0.0,0.0,Very robust
Kayongozi — Mabayi,7,552.878251054304,685.1415175947019,61.87112112555033,61.87112112555034,61.87112112555033,C — secondaire,0.0,0.0,Very robust
Kayongozi — Makamba,7,515.8492881327581,622.8131123426105,63.164232570551604,63.16423257055161,63.164232570551604,C — secondaire,0.0,0.0,Very robust
Kayongozi — Marangara,7,145.38578002361186,196.43402229583367,54.067767151860664,54.067767151860664,54.067767151860664,C — secondaire,0.0,0.0,Very robust
Kayongozi — Masanganzira,7,384.7937254924087,464.77418978246095,51.339136310056276,51.339136310056276,51.339136310056276,C — secondaire,0.0,0.0,Very robust
Kayongozi — Matana,7,302.9369552623979,373.68647539817044,67.0271849530555,67.0271849530555,67.0271849530555,C — secondaire,0.0,0.0,Very robust
Kayongozi — Mihigo,7,562.1116306927839,674.9693582969074,55.25384322335644,55.25384322335644,55.25384322335644,C — secondaire,0.0,0.0,Very robust
Kayongozi — Mishiha,7,220.25720057383887,268.1304942459309,63.397836657846526,63.397836657846526,63.397836657846526,C — secondaire,0.0,0.0,Very robust
Kayongozi — Muhanga,7,136.2676585464393,182.07121880561675,54.25434958471241,54.25434958471241,54.25434958471241,C — secondaire,0.0,0.0,Very robust
Kayongozi — Mukenke,7,604.9028922883572,717.727566409296,71.85252164052025,71.85252164052025,71.85252164052025,B — prioritaire,0.0,0.0,Very robust
Kayongozi — Muramvya,7,624.8156693392507,740.3052425739645,67.87493242164594,67.87493242164594,67.87493242164594,C — secondaire,0.0,0.0,Very robust
Kayongozi — Musenyi,7,575.8814692359,696.229919958243,71.00212788083417,71.00212788083417,71.00212788083417,B — prioritaire,0.0,0.0,Very robust
Kayongozi — Mutaho,7,540.7076745185578,640.407999079382,67.9757494075966,67.9757494075966,67.9757494075966,C — secondaire,0.0,0.0,Very robust
Kayongozi — Muyange,7,314.82158972458615,399.9631295962512,62.19767917209439,62.19767917209439,62.19767917209439,C — secondaire,0.0,0.0,Very robust
Kayongozi — Muyinga,7,195.67226882913076,241.54789178391326,63.46269463786747,63.46269463786747,63.46269463786747,C — secondaire,1.0,33.333333333333336,Very robust
Kayongozi — Muzinda,7,319.74605965371563,400.9314069944494,70.57312700073795,70.57312700073795,70.57312700073795,B — prioritaire,0.0,0.0,Very robust
Kayongozi — Mwakiro,7,402.05398881552753,480.4168877780833,59.709817157229,59.709817157229,59.709817157229,C — secondaire,0.0,0.0,Very robust
Kayongozi — Mwaro,7,391.62865814401584,469.64963177600697,67.65474072242304,67.65474072242304,67.65474072242304,C — secondaire,0.0,0.0,Very robust
Kayongozi — Ngozi,7,102.4036307343097,146.5534551718471,49.79054792552306,49.79054792552306,49.79054792552306,D — surveillance,0.0,0.0,Very robust
Kayongozi — Nyabihanga,7,408.2494715938331,485.29640696878556,67.92414525343565,67.92414525343565,67.92414525343565,C — secondaire,0.0,0.0,Very robust
Kayongozi — Nyabikere,7,247.4626959414529,301.6668999749084,71.41051580704786,71.41051580704786,71.41051580704786,B — prioritaire,0.0,0.0,Very robust
Kayongozi — Nyagasasa,7,610.9041182380066,725.0949955305744,67.80339218403836,67.80339218403836,67.80339218403836,C — secondaire,0.0,0.0,Very robust
Kayongozi — Rubaho,7,230.6782324274289,282.1910827546125,55.25696220733723,55.25696220733723,55.25696220733723,C — secondaire,0.0,0.0,Very robust
Kayongozi — Rugombo,7,642.3432721646109,786.0601086419764,54.065382845660636,54.065382845660636,54.065382845660636,C — secondaire,0.0,0.0,Very robust
Kayongozi — Ruhehe,7,398.0491401133502,491.12545347715013,58.67135766839328,58.67135766839328,58.67135766839328,C — secondaire,0.0,0.0,Very robust
Kayongozi — Rumonge,7,183.0211038656844,247.5753773710077,61.80710710011461,61.80710710011461,61.80710710011461,C — secondaire,0.0,0.0,Very robust
Kayongozi — Rusaka,7,409.4359410210368,493.25484358044434,67.62488820767231,67.62488820767231,67.62488820767231,C — secondaire,1.0,16.666666666666668,Very robust
Kayongozi — Rutana,7,1028.570634220303,1199.022407522987,68.61099883225322,68.61099883225322,68.61099883225322,C — secondaire,0.0,0.0,Very robust
Kayongozi — Ruyigi,7,976.1834559241576,1122.7130142532103,98.71690376307171,98.71690376307171,98.71690376307171,A — stratégique,3.0,100.0,Very robust
Kayongozi — Rwibaga,7,417.22077594779125,504.65895483476754,71.35923390021671,71.35923390021671,71.35923390021671,B — prioritaire,0.0,0.0,Very robust
Kayongozi — Twinkwavu,7,636.7352775063633,738.7042206455845,93.93795211845642,93.93795211845642,93.93795211845642,A — stratégique,1.0,100.0,Very robust
Kayongozi — Wimpfizi,7,327.98143005947816,396.77431602549046,55.40133408530422,55.40133408530422,55.40133408530422,C — secondaire,0.0,0.0,Very robust
Kigamba — Kinama,7,951.6997672702296,1125.7790148300983,51.41234023717647,51.41234023717647,51.41234023717647,C — secondaire,0.0,0.0,Very robust
Kigamba — Kinyinya,7,1188.1884205969452,1377.2179596844046,65.0410099328152,65.0410099328152,65.0410099328152,C — secondaire,0.0,0.0,Very robust
Kigamba — Kirehe,7,661.9555816647858,764.2005932849081,98.23451500711565,98.23451500711565,98.23451500711565,A — stratégique,2.0,100.0,Very robust
Kigamba — Kirundo,7,1178.1813042449276,1369.7015195335402,72.8087526661034,72.8087526661034,72.8087526661034,B — prioritaire,0.0,0.0,Very robust
Kigamba — Kivyuka,7,1270.6714474203222,1492.6560848944234,63.64123479727502,63.64123479727501,63.64123479727502,C — secondaire,0.0,0.0,Very robust
Kigamba — Kobero,7,762.1995631387919,886.2714282023392,64.82738906211307,64.82738906211307,64.82738906211307,C — secondaire,0.0,0.0,Very robust
Kigamba — Mabanda,7,1228.308494125247,1449.4006871965344,63.24455127338156,63.24455127338156,63.24455127338156,C — secondaire,0.0,0.0,Very robust
Kigamba — Mabayi,7,879.0730982971052,1055.3153929844734,66.55851601094338,66.55851601094338,66.55851601094338,C — secondaire,0.0,0.0,Very robust
Kigamba — Makamba,7,1162.8598414355884,1371.173239472395,51.34843180920093,51.34843180920093,51.34843180920093,C — secondaire,0.0,0.0,Very robust
Kigamba — Marangara,7,1049.6547133896383,1221.6345757384163,64.71161876813912,64.71161876813912,64.71161876813912,C — secondaire,0.0,0.0,Very robust
Kigamba — Masanganzira,7,568.7730588584352,666.7866289393294,72.44428816079096,72.44428816079096,72.44428816079096,B — prioritaire,0.0,0.0,Very robust
Kigamba — Matana,7,1254.4947070406954,1470.1005438745835,71.96057244642074,71.96057244642074,71.96057244642074,B — prioritaire,0.0,0.0,Very robust
Kigamba — Mihigo,7,828.243582058102,974.1542560249009,56.01412138980454,56.01412138980454,56.01412138980454,C — secondaire,0.0,0.0,Very robust
Kigamba — Mishiha,7,1088.866844521486,1252.675631080637,69.73421810037674,69.73421810037674,69.73421810037674,C — secondaire,0.0,0.0,Very robust
Kigamba — Muhanga,7,995.5517106046444,1162.4487416877046,60.44408238504538,60.44408238504538,60.44408238504538,C — secondaire,0.0,0.0,Very robust
Kigamba — Mukenke,7,712.0646241298514,831.9484611985075,72.59701953561279,72.59701953561279,72.59701953561279,B — prioritaire,0.0,0.0,Very robust
Kigamba — Muramvya,7,688.9534889336726,821.1630675430025,63.43700774989495,63.43700774989495,63.43700774989495,C — secondaire,0.0,0.0,Very robust
Kigamba — Musenyi,7,809.9474422827665,970.7305561211854,70.88239684983174,70.88239684983174,70.88239684983174,B — prioritaire,0.0,0.0,Very robust
Kigamba — Mutaho,7,722.5810311066706,850.87775133143,64.08804949482735,64.08804949482735,64.08804949482735,C — secondaire,0.0,0.0,Very robust
Kigamba — Muyange,7,844.4133322005744,1013.7568300859604,62.62545684099757,62.62545684099757,62.62545684099757,C — secondaire,0.0,0.0,Very robust
Kigamba — Muyinga,7,970.0532021951572,1118.3050166550672,73.52977704747741,73.52977704747741,73.52977704747741,B — prioritaire,0.0,0.0,Very robust
Kigamba — Muzinda,7,1105.7914909388464,1306.7736472595054,67.33634326092785,67.33634326092785,67.33634326092785,C — secondaire,0.0,0.0,Very robust
Kigamba — Mwakiro,7,1064.7485221815543,1229.5324126492376,65.37688497586086,65.37688497586086,65.37688497586086,C — secondaire,0.0,0.0,Very robust
Kigamba — Mwaro,7,857.5235120306156,1012.5731020131208,51.684741522755786,51.68474152275579,51.684741522755786,C — secondaire,0.0,0.0,Very robust
Kigamba — Ngozi,7,936.695005064437,1095.1213970276156,60.38079038254607,60.38079038254607,60.38079038254607,C — secondaire,0.0,0.0,Very robust
Kigamba — Nyabihanga,7,1120.2259270049658,1309.4559930021283,52.21101903920079,52.21101903920079,52.21101903920079,C — secondaire,0.0,0.0,Very robust
Kigamba — Nyabikere,7,1061.292835642296,1231.8175241324127,72.99040185465552,72.99040185465552,72.99040185465552,B — prioritaire,0.0,0.0,Very robust
Kigamba — Nyagasasa,7,932.7861721246064,1103.4324086248312,59.4911495458352,59.4911495458352,59.4911495458352,C — secondaire,0.0,0.0,Very robust
Kigamba — Rubaho,7,836.1014743457756,981.8003692910466,64.16664886624642,64.16664886624642,64.16664886624642,C — secondaire,0.0,0.0,Very robust
Kigamba — Rugombo,7,202.84525514505805,285.30588506216765,56.89605180015079,56.896051800150794,56.89605180015079,C — secondaire,0.0,0.0,Very robust
Kigamba — Ruhehe,7,591.7660734793767,704.2665783483042,55.62264500170702,55.62264500170702,55.62264500170702,C — secondaire,0.0,0.0,Very robust
Kigamba — Rumonge,7,749.6572571685144,904.0790473579347,58.56996002850456,58.56996002850456,58.56996002850456,C — secondaire,0.0,0.0,Very robust
Kigamba — Rusaka,7,923.969196432169,1091.7650581852151,59.590991141824546,59.590991141824546,59.590991141824546,C — secondaire,0.0,0.0,Very robust
Kigamba — Rutana,7,210.36838752313344,272.8536203670574,58.294243869142605,58.2942438691426,58.294243869142605,C — secondaire,0.0,0.0,Very robust
Kigamba — Ruyigi,7,1777.9440051896308,2047.7539602241275,73.78882926612025,73.78882926612025,73.78882926612025,B — prioritaire,0.0,0.0,Very robust
Kigamba — Rwibaga,7,1145.971631358924,1347.989283725253,63.67757816120322,63.67757816120322,63.67757816120322,C — secondaire,0.0,0.0,Very robust
Kigamba — Twinkwavu,7,983.618729020192,1132.3328484372248,98.64776936651367,98.64776936651367,98.64776936651367,A — stratégique,3.0,100.0,Very robust
Kigamba — Wimpfizi,7,1097.2050998009615,1286.2608793432694,51.971561434892564,51.971561434892564,51.971561434892564,C — secondaire,0.0,0.0,Very robust
Kinama — Kinyinya,7,365.903253469225,449.7258994868108,66.9484135388459,66.9484135388459,66.9484135388459,C — secondaire,0.0,0.0,Very robust
Kinama — Kirehe,7,623.9496592300582,743.9159562414536,63.533369471196956,63.533369471196956,63.533369471196956,C — secondaire,0.0,0.0,Very robust
Kinama — Kirundo,7,191.62366623241363,250.14373295674864,66.33950978394795,66.33950978394795,66.33950978394795,C — secondaire,0.0,0.0,Very robust
Kinama — Kivyuka,7,383.7966490378466,452.3677513019341,72.21623659254045,72.21623659254045,72.21623659254045,B — prioritaire,0.0,0.0,Very robust
Kinama — Kobero,7,275.26267940160926,349.51633774354684,58.388947299631326,58.38894729963132,58.388947299631326,C — secondaire,0.0,0.0,Very robust
Kinama — Mabanda,7,522.0612089629507,632.4123803809472,55.51496867263772,55.51496867263772,55.51496867263772,C — secondaire,0.0,0.0,Very robust
Kinama — Mabayi,7,836.1744967011077,981.7797857290464,72.22393024770102,72.22393024770102,72.22393024770102,B — prioritaire,0.0,0.0,Very robust
Kinama — Makamba,7,628.7881635445983,750.1603060905419,55.44270941459917,55.44270941459917,55.44270941459917,C — secondaire,0.0,0.0,Very robust
Kinama — Marangara,7,247.41757163025773,309.1996329843961,58.84118427301155,58.84118427301155,58.84118427301155,C — secondaire,0.0,0.0,Very robust
Kinama — Masanganzira,7,586.7502500542461,694.9253083089626,67.93506062699788,67.93506062699788,67.93506062699788,C — secondaire,0.0,0.0,Very robust
Kinama — Matana,7,377.9247239192765,450.59003625111836,71.86939021292088,71.86939021292088,71.86939021292088,B — prioritaire,0.0,0.0,Very robust
Kinama — Mihigo,7,563.7083200955071,662.840857469503,68.28381100796591,68.28381100796591,68.28381100796591,C — secondaire,0.0,0.0,Very robust
Kinama — Mishiha,7,53.53731955677031,106.47881152433014,52.46139652769052,52.46139652769052,52.46139652769052,C — secondaire,0.0,0.0,Very robust
Kinama — Muhanga,7,308.68023016590087,366.7514772139574,63.91424935683383,63.91424935683383,63.91424935683383,C — secondaire,0.0,0.0,Very robust
Kinama — Mukenke,7,545.6759574999385,657.2697552142594,63.19842556135154,63.19842556135154,63.19842556135154,C — secondaire,0.0,0.0,Very robust
Kinama — Muramvya,7,699.238607914589,803.8037765348239,69.47780667567119,69.47780667567119,69.47780667567119,C — secondaire,0.0,0.0,Very robust
Kinama — Musenyi,7,699.1727332508017,806.5166882503437,90.11966755873443,90.11966755873443,90.11966755873443,A — stratégique,1.0,83.33333333333333,Very robust
Kinama — Mutaho,7,618.9888436668377,720.8306112857878,72.76659788379705,72.76659788379705,72.76659788379705,B — prioritaire,0.0,0.0,Very robust
Kinama — Muyange,7,387.510760960923,479.99889041182405,66.63238802391632,66.63238802391632,66.63238802391632,C — secondaire,0.0,0.0,Very robust
Kinama — Muyinga,7,153.15572669207825,205.43017131247805,50.19303639284773,50.19303639284773,50.19303639284773,C — secondaire,0.0,0.0,Very robust
Kinama — Muzinda,7,265.20212519314964,307.97794822563543,97.39296468696529,97.39296468696527,97.39296468696529,A — stratégique,3.0,100.0,Very robust
Kinama — Mwakiro,7,425.2228673621824,513.4091560123637,59.33084436344056,59.33084436344056,59.33084436344056,C — secondaire,0.0,0.0,Very robust
Kinama — Mwaro,7,343.33814646334264,403.9264207700042,68.21621030388947,68.21621030388947,68.21621030388947,C — secondaire,0.0,0.0,Very robust
Kinama — Ngozi,7,191.54720950262367,236.9953615011246,67.17246675662196,67.17246675662196,67.17246675662196,C — secondaire,0.0,0.0,Very robust
Kinama — Nyabihanga,7,279.89697121102296,334.24169480472403,71.83369046184532,71.83369046184532,71.83369046184532,B — prioritaire,0.0,0.0,Very robust
Kinama — Nyabikere,7,350.3700344950163,422.09760249786405,67.56341484314211,67.56341484314211,67.56341484314211,C — secondaire,0.0,0.0,Very robust
Kinama — Nyagasasa,7,521.7345070292571,607.4617278696817,68.70239877954197,68.70239877954197,68.70239877954197,C — secondaire,0.0,0.0,Very robust
Kinama — Rubaho,7,275.9026580639354,347.6727065988295,62.585991880489324,62.585991880489324,62.585991880489324,C — secondaire,0.0,0.0,Very robust
Kinama — Rugombo,7,1025.1801361795124,1192.97041979122,68.75837997081354,68.75837997081354,68.75837997081354,C — secondaire,0.0,0.0,Very robust
Kinama — Ruhehe,7,372.3188354668629,461.4063917715128,58.62456374508644,58.62456374508644,58.62456374508644,C — secondaire,0.0,0.0,Very robust
Kinama — Rumonge,7,346.5645964609297,419.4546559118271,67.43815848033518,67.43815848033518,67.43815848033518,C — secondaire,0.0,0.0,Very robust
Kinama — Rusaka,7,488.8013833246725,566.1105574248596,72.90616992725931,72.90616992725931,72.90616992725931,B — prioritaire,0.0,0.0,Very robust
Kinama — Rutana,7,865.6072233712938,1017.3155431591258,52.005820778532005,52.005820778532005,52.005820778532005,C — secondaire,0.0,0.0,Very robust
Kinama — Ruyigi,7,920.6839783669612,1079.1295075858404,68.25202053028303,68.25202053028303,68.25202053028303,C — secondaire,0.0,0.0,Very robust
Kinama — Rwibaga,7,442.01821406043575,512.112863168758,72.82896349121006,72.82896349121006,72.82896349121006,B — prioritaire,0.0,0.0,Very robust
Kinama — Twinkwavu,7,465.2102949283667,572.9725723978717,62.51125822485618,62.51125822485618,62.51125822485618,C — secondaire,0.0,0.0,Very robust
Kinama — Wimpfizi,7,279.4278265865216,335.05957853708054,67.71812103480556,67.71812103480556,67.71812103480556,C — secondaire,0.0,0.0,Very robust
Kinyinya — Kirehe,7,583.1881548034212,692.9837600586089,63.7579943008662,63.7579943008662,63.7579943008662,C — secondaire,0.0,0.0,Very robust
Kinyinya — Kirundo,7,459.2428057562733,566.5370173241173,62.47201477749392,62.47201477749392,62.47201477749392,C — secondaire,0.0,0.0,Very robust
Kinyinya — Kivyuka,7,267.1923077733516,346.55639590286495,57.947300999070066,57.947300999070066,57.947300999070066,C — secondaire,0.0,0.0,Very robust
Kinyinya — Kobero,7,255.5409362774273,326.03608069032583,58.37868541000128,58.37868541000129,58.37868541000128,C — secondaire,0.0,0.0,Very robust
Kinyinya — Mabanda,7,532.2217378398789,634.7506610742341,63.800195971229634,63.800195971229634,63.800195971229634,C — secondaire,1.0,16.666666666666668,Very robust
Kinyinya — Mabayi,7,353.6584799829397,458.9275299926884,61.333960108463955,61.333960108463955,61.333960108463955,C — secondaire,0.0,0.0,Very robust
Kinyinya — Makamba,7,814.884188899526,954.6093546712254,72.53312003413686,72.53312003413686,72.53312003413686,B — prioritaire,1.0,16.666666666666668,Very robust
Kinyinya — Marangara,7,308.0015950433981,390.894284732885,58.236125386687206,58.236125386687206,58.236125386687206,C — secondaire,0.0,0.0,Very robust
Kinyinya — Masanganzira,7,602.6327166192921,723.1659156939821,59.223890486410575,59.223890486410575,59.223890486410575,C — secondaire,0.0,0.0,Very robust
Kinyinya — Matana,7,352.8922301039754,426.41916718741817,63.449973879566635,63.449973879566635,63.449973879566635,C — secondaire,0.0,0.0,Very robust
Kinyinya — Mihigo,7,799.0319321536726,947.7598583515737,63.542410899762665,63.542410899762665,63.542410899762665,C — secondaire,0.0,0.0,Very robust
Kinyinya — Mishiha,7,400.7161925424661,481.232777946771,67.59871946738184,67.59871946738184,67.59871946738184,C — secondaire,0.0,0.0,Very robust
Kinyinya — Muhanga,7,388.7098644203669,472.56352618015734,59.17733073494594,59.17733073494594,59.17733073494594,C — secondaire,0.0,0.0,Very robust
Kinyinya — Mukenke,7,648.4443972684869,778.0427136864944,63.1541185971513,63.1541185971513,63.1541185971513,C — secondaire,0.0,0.0,Very robust
Kinyinya — Muramvya,7,790.3429883479092,930.4125404348181,68.06717617252079,68.06717617252079,68.06717617252079,C — secondaire,0.0,0.0,Very robust
Kinyinya — Musenyi,7,399.2711882445585,495.3228178190965,62.51085075350323,62.51085075350323,62.51085075350323,C — secondaire,0.0,0.0,Very robust
Kinyinya — Mutaho,7,825.1418803924852,967.4625921682081,68.30226037147645,68.30226037147645,68.30226037147645,C — secondaire,0.0,0.0,Very robust
Kinyinya — Muyange,7,250.6497759152058,316.04760396365947,71.00631147853542,71.00631147853542,71.00631147853542,B — prioritaire,1.0,33.333333333333336,Very robust
Kinyinya — Muyinga,7,199.32097533379283,256.271269143054,62.52292851160812,62.52292851160812,62.52292851160812,C — secondaire,0.0,0.0,Very robust
Kinyinya — Muzinda,7,187.49417866237465,250.71961914101772,61.95492940024268,61.95492940024268,61.95492940024268,C — secondaire,0.0,0.0,Very robust
Kinyinya — Mwakiro,7,331.19389263180074,406.4843031279147,67.0848911997542,67.0848911997542,67.0848911997542,C — secondaire,0.0,0.0,Very robust
Kinyinya — Mwaro,7,405.35977330655936,484.77537455995395,67.72956973966092,67.72956973966092,67.72956973966092,C — secondaire,0.0,0.0,Very robust
Kinyinya — Ngozi,7,310.5687321951985,386.48086951222786,66.78239319995032,66.78239319995032,66.78239319995032,C — secondaire,0.0,0.0,Very robust
Kinyinya — Nyabihanga,7,520.8019441207163,613.4298517660214,64.19754196936998,64.19754196936998,64.19754196936998,C — secondaire,0.0,0.0,Very robust
Kinyinya — Nyabikere,7,423.6293974023421,505.0247143152896,67.81921205358225,67.81921205358225,67.81921205358225,C — secondaire,0.0,0.0,Very robust
Kinyinya — Nyagasasa,7,644.3017503843835,762.6949153075929,67.90006977569718,67.90006977569718,67.90006977569718,C — secondaire,0.0,0.0,Very robust
Kinyinya — Rubaho,7,509.4658744350006,589.3668621864288,72.97717769414794,72.97717769414794,72.97717769414794,B — prioritaire,0.0,0.0,Very robust
Kinyinya — Rugombo,7,495.4281024081156,618.3408538891923,53.78865371250481,53.78865371250481,53.78865371250481,C — secondaire,0.0,0.0,Very robust
Kinyinya — Ruhehe,7,574.1635749907218,702.6289332817379,62.377276025962765,62.377276025962765,62.377276025962765,C — secondaire,0.0,0.0,Very robust
Kinyinya — Rumonge,7,257.72635768367377,328.11163472157443,62.439632372284194,62.43963237228419,62.439632372284194,C — secondaire,0.0,0.0,Very robust
Kinyinya — Rusaka,7,397.819750730125,479.7397134557678,59.418935980889174,59.418935980889174,59.418935980889174,C — secondaire,0.0,0.0,Very robust
Kinyinya — Rutana,7,1174.6749053959663,1357.6789745982712,69.3380200752236,69.3380200752236,69.3380200752236,C — secondaire,0.0,0.0,Very robust
Kinyinya — Ruyigi,7,719.0741027085435,830.3640731608047,73.26733662087628,73.26733662087629,73.26733662087628,B — prioritaire,0.0,0.0,Very robust
Kinyinya — Rwibaga,7,383.6206911103355,465.6918976187153,63.25943114505736,63.25943114505736,63.25943114505736,C — secondaire,0.0,0.0,Very robust
Kinyinya — Twinkwavu,7,418.513358665646,493.0695949836897,78.14491774326964,78.14491774326964,78.14491774326964,B — prioritaire,1.0,50.0,Very robust
Kinyinya — Wimpfizi,7,549.5147693252718,647.637305710831,64.16150805521018,64.16150805521018,64.16150805521018,C — secondaire,0.0,0.0,Very robust
Kirehe — Kirundo,7,818.1026533494473,950.8823925783346,72.90680072937772,72.90680072937772,72.90680072937772,B — prioritaire,0.0,0.0,Very robust
Kirehe — Kivyuka,7,733.2215965248415,871.1270150820746,63.5473467391958,63.5473467391958,63.5473467391958,C — secondaire,0.0,0.0,Very robust
Kirehe — Kobero,7,366.8241661788192,429.09579693377964,68.40035566221314,68.40035566221314,68.40035566221314,C — secondaire,0.0,0.0,Very robust
Kirehe — Mabanda,7,583.4031643854223,714.8285033080382,54.23153491364906,54.23153491364906,54.23153491364906,C — secondaire,0.0,0.0,Very robust
Kirehe — Mabayi,7,330.2904458770925,420.8345502330397,62.03137346480959,62.03137346480959,62.03137346480959,C — secondaire,0.0,0.0,Very robust
Kirehe — Makamba,7,707.3718211097562,852.6605496184669,54.696623060913815,54.696623060913815,54.696623060913815,C — secondaire,0.0,0.0,Very robust
Kirehe — Marangara,7,542.116862494158,634.2906487832106,60.45466036839855,60.45466036839855,60.45466036839855,C — secondaire,0.0,0.0,Very robust
Kirehe — Masanganzira,7,173.58240643842197,207.83950047360923,71.63818814017452,71.63818814017452,71.63818814017452,B — prioritaire,0.0,0.0,Very robust
Kirehe — Matana,7,646.739203883325,772.2988736642822,55.36163986782733,55.36163986782733,55.36163986782733,C — secondaire,0.0,0.0,Very robust
Kirehe — Mihigo,7,421.6625296380891,502.18952755918116,63.82876450162975,63.82876450162975,63.82876450162975,C — secondaire,0.0,0.0,Very robust
Kirehe — Mishiha,7,582.292333951327,680.3280471219974,72.6005111544727,72.6005111544727,72.6005111544727,B — prioritaire,0.0,0.0,Very robust
Kirehe — Muhanga,7,602.0282597091638,705.4069861610702,72.46506104068821,72.46506104068821,72.46506104068821,B — prioritaire,0.0,0.0,Very robust
Kirehe — Mukenke,7,436.9199012365814,511.6254505934556,70.3313990859767,70.3313990859767,70.3313990859767,B — prioritaire,0.0,0.0,Very robust
Kirehe — Muramvya,7,249.52018241803316,311.6620676077284,54.82075042964043,54.82075042964043,54.82075042964043,C — secondaire,0.0,0.0,Very robust
Kirehe — Musenyi,7,259.49758986275367,334.34434194118006,62.1697196158685,62.169719615868495,62.1697196158685,C — secondaire,0.0,0.0,Very robust
Kirehe — Mutaho,7,403.4849564644355,478.8958546117422,69.87564905665616,69.87564905665616,69.87564905665616,C — secondaire,0.0,0.0,Very robust
Kirehe — Muyange,7,241.26160246075,326.90304619746433,53.171498106481565,53.171498106481565,53.171498106481565,C — secondaire,0.0,0.0,Very robust
Kirehe — Muyinga,7,562.078577753878,646.2353113230905,69.2849765648408,69.2849765648408,69.2849765648408,C — secondaire,0.0,0.0,Very robust
Kirehe — Muzinda,7,649.5421844232078,778.0543616099461,63.24119917438053,63.24119917438053,63.24119917438053,C — secondaire,0.0,0.0,Very robust
Kirehe — Mwakiro,7,619.9826136434929,714.4417944186398,81.7578266405626,81.7578266405626,81.7578266405626,B — prioritaire,1.0,50.0,Very robust
Kirehe — Mwaro,7,392.9679719291037,476.26014854104443,59.26727910403598,59.26727910403598,59.26727910403598,C — secondaire,0.0,0.0,Very robust
Kirehe — Ngozi,7,465.04035264442433,548.7868399904676,68.16080140167035,68.16080140167035,68.16080140167035,C — secondaire,0.0,0.0,Very robust
Kirehe — Nyabihanga,7,606.3119853789215,716.7334380195379,55.93318941160992,55.93318941160992,55.93318941160992,C — secondaire,0.0,0.0,Very robust
Kirehe — Nyabikere,7,648.1468566019433,752.7487839722614,72.91420770203229,72.91420770203229,72.91420770203229,B — prioritaire,0.0,0.0,Very robust
Kirehe — Nyagasasa,7,398.0514320230944,486.9146551527546,58.95493129107005,58.95493129107005,58.95493129107005,C — secondaire,0.0,0.0,Very robust
Kirehe — Rubaho,7,270.16040702771943,342.2052538690226,62.49320463141798,62.49320463141798,62.49320463141798,C — secondaire,0.0,0.0,Very robust
Kirehe — Rugombo,7,191.56180424957756,265.1098438212475,45.24629187721388,45.24629187721388,45.24629187721388,D — surveillance,0.0,0.0,Very robust
Kirehe — Ruhehe,7,343.90982258389613,413.7016228216698,63.586233085032156,63.586233085032156,63.586233085032156,C — secondaire,0.0,0.0,Very robust
Kirehe — Rumonge,7,199.1991668029656,273.1726694869852,53.373113147396964,53.373113147396964,53.373113147396964,C — secondaire,0.0,0.0,Very robust
Kirehe — Rusaka,7,295.5060136042275,366.9830412589546,50.783647253247324,50.78364725324733,50.783647253247324,C — secondaire,0.0,0.0,Very robust
Kirehe — Rutana,7,588.0922469564669,706.6270098384858,55.167546466759035,55.16754646675903,55.167546466759035,C — secondaire,0.0,0.0,Very robust
Kirehe — Ruyigi,7,1250.5897052355715,1451.9359653866738,68.88660915086379,68.88660915086379,68.88660915086379,C — secondaire,0.0,0.0,Very robust
Kirehe — Rwibaga,7,563.1770246503614,675.6485954215833,55.29260558239732,55.29260558239732,55.29260558239732,C — secondaire,0.0,0.0,Very robust
Kirehe — Twinkwavu,7,371.01206322666826,439.40562024000053,68.04408863258399,68.04408863258399,68.04408863258399,C — secondaire,0.0,0.0,Very robust
Kirehe — Wimpfizi,7,602.0183438445665,715.0392327905284,55.70574489283108,55.70574489283108,55.70574489283108,C — secondaire,0.0,0.0,Very robust
Kirundo — Kivyuka,7,233.9223964666985,297.3985827714422,58.833205133152866,58.833205133152866,58.833205133152866,C — secondaire,2.0,33.333333333333336,Very robust
Kirundo — Kobero,7,613.0471861956581,712.9176423695678,72.8325771829737,72.8325771829737,72.8325771829737,B — prioritaire,0.0,0.0,Very robust
Kirundo — Mabanda,7,269.8295672440383,364.43109139030224,52.948529718621344,52.948529718621344,52.948529718621344,C — secondaire,0.0,0.0,Very robust
Kirundo — Mabayi,7,866.9624458189492,1031.0732036366924,67.26332208174604,67.26332208174604,67.26332208174604,C — secondaire,0.0,0.0,Very robust
Kirundo — Makamba,7,437.4987759174988,552.1249199646422,53.66593857701588,53.66593857701588,53.66593857701588,C — secondaire,0.0,0.0,Very robust
Kirundo — Marangara,7,339.60082056586,395.0881022425114,72.53224037658167,72.53224037658167,72.53224037658167,B — prioritaire,0.0,0.0,Very robust
Kirundo — Masanganzira,7,733.8979207690682,845.9928471867433,73.38065023949088,73.38065023949086,73.38065023949088,B — prioritaire,0.0,0.0,Very robust
Kirundo — Matana,7,100.5029886652038,155.49777577715085,40.2728754862063,40.2728754862063,40.2728754862063,D — surveillance,0.0,0.0,Very robust
Kirundo — Mihigo,7,567.708100567859,664.981662243368,72.48230454910637,72.48230454910637,72.48230454910637,B — prioritaire,0.0,0.0,Very robust
Kirundo — Mishiha,7,235.85085653146848,299.9236019420578,62.56194568214349,62.561945682143495,62.56194568214349,C — secondaire,0.0,0.0,Very robust
Kirundo — Muhanga,7,290.2161545401753,349.0038838505513,69.55224430738483,69.55224430738483,69.55224430738483,C — secondaire,0.0,0.0,Very robust
Kirundo — Mukenke,7,687.8610611111299,794.57942190477,69.1999267797195,69.1999267797195,69.1999267797195,C — secondaire,0.0,0.0,Very robust
Kirundo — Muramvya,7,455.0837573150067,548.4622988492886,55.314846880046005,55.314846880046005,55.314846880046005,C — secondaire,0.0,0.0,Very robust
Kirundo — Musenyi,7,519.230294015759,629.2579651496111,50.920428621476304,50.92042862147631,50.920428621476304,C — secondaire,0.0,0.0,Very robust
Kirundo — Mutaho,7,594.2637540949743,698.5414077549891,72.3135485979844,72.3135485979844,72.3135485979844,B — prioritaire,0.0,0.0,Very robust
Kirundo — Muyange,7,381.3792053193656,495.00986285115647,53.058893278580754,53.058893278580754,53.058893278580754,C — secondaire,0.0,0.0,Very robust
Kirundo — Muyinga,7,390.2100301445061,460.0352843476455,72.21172350331827,72.21172350331827,72.21172350331827,B — prioritaire,0.0,0.0,Very robust
Kirundo — Muzinda,7,242.60339142556376,313.29608118238457,66.24485387742311,66.24485387742311,66.24485387742311,C — secondaire,0.0,0.0,Very robust
Kirundo — Mwakiro,7,474.25061491594016,561.7620141068315,72.04142850746388,72.04142850746388,72.04142850746388,B — prioritaire,0.0,0.0,Very robust
Kirundo — Mwaro,7,222.35346874000183,286.2569263171437,62.39083706928569,62.39083706928569,62.39083706928569,C — secondaire,0.0,0.0,Very robust
Kirundo — Ngozi,7,327.9490448654293,389.91799322804115,68.07047096550566,68.07047096550566,68.07047096550566,C — secondaire,1.0,16.666666666666668,Very robust
Kirundo — Nyabihanga,7,225.46759295626637,287.5707001241142,58.52491432298737,58.52491432298738,58.52491432298737,C — secondaire,0.0,0.0,Very robust
Kirundo — Nyabikere,7,426.2143662827685,508.5316798354722,67.7885057433657,67.7885057433657,67.7885057433657,C — secondaire,0.0,0.0,Very robust
Kirundo — Nyagasasa,7,378.8017288339928,469.899775785997,62.594210143324624,62.594210143324624,62.594210143324624,C — secondaire,0.0,0.0,Very robust
Kirundo — Rubaho,7,295.8022477529902,382.6977104655672,61.84049059804699,61.84049059804699,61.84049059804699,C — secondaire,0.0,0.0,Very robust
Kirundo — Rugombo,7,1037.2354041914343,1228.4931829391862,80.04520814278202,80.04520814278202,80.04520814278202,B — prioritaire,2.0,83.33333333333333,Very robust
Kirundo — Ruhehe,7,623.0150054372681,716.8357814731149,98.36160938286316,98.36160938286316,98.36160938286316,A — stratégique,2.0,100.0,Very robust
Kirundo — Rumonge,7,258.2678636138636,345.6645329773701,61.3267453347509,61.3267453347509,61.3267453347509,C — secondaire,0.0,0.0,Very robust
Kirundo — Rusaka,7,351.1868854721447,433.4126714880621,62.84766817039633,62.84766817039633,62.84766817039633,C — secondaire,0.0,0.0,Very robust
Kirundo — Rutana,7,890.9026498150827,1060.6684550636069,51.038053467531526,51.038053467531526,51.038053467531526,C — secondaire,0.0,0.0,Very robust
Kirundo — Ruyigi,7,776.279591860601,923.3243487974005,67.42806540444923,67.42806540444923,67.42806540444923,C — secondaire,0.0,0.0,Very robust
Kirundo — Rwibaga,7,160.69949651827878,218.46862565069105,57.896402315823714,57.896402315823714,57.896402315823714,C — secondaire,0.0,0.0,Very robust
Kirundo — Twinkwavu,7,672.1353858068106,799.075232202919,67.63232865883708,67.63232865883708,67.63232865883708,C — secondaire,0.0,0.0,Very robust
Kirundo — Wimpfizi,7,263.475798570982,335.3632785304208,66.44131779835514,66.44131779835514,66.44131779835514,C — secondaire,0.0,0.0,Very robust
Kivyuka — Kobero,7,532.3023057450395,643.7568181764454,67.07652457300128,67.07652457300128,67.07652457300128,C — secondaire,0.0,0.0,Very robust
Kivyuka — Mabanda,7,316.7011519227213,408.1394776811664,57.77671767267576,57.77671767267576,57.77671767267576,C — secondaire,0.0,0.0,Very robust
Kivyuka — Mabayi,7,798.5032317705673,929.9193139016716,76.94731897853846,76.94731897853846,76.94731897853846,B — prioritaire,1.0,16.666666666666668,Very robust
Kivyuka — Makamba,7,656.3920264146122,794.5040893205484,54.61054739764885,54.61054739764885,54.61054739764885,C — secondaire,0.0,0.0,Very robust
Kivyuka — Marangara,7,334.1553045892686,406.06700482397207,67.3471230083722,67.3471230083722,67.3471230083722,C — secondaire,0.0,0.0,Very robust
Kivyuka — Masanganzira,7,839.7353675784367,984.3724866764726,68.30561513294234,68.30561513294234,68.30561513294234,C — secondaire,0.0,0.0,Very robust
Kivyuka — Matana,7,243.6709852647577,309.953703684896,54.47235088996688,54.47235088996688,54.47235088996688,C — secondaire,0.0,0.0,Very robust
Kivyuka — Mihigo,7,748.3505289649441,869.4191626992615,72.92741612951242,72.92741612951242,72.92741612951242,B — prioritaire,0.0,0.0,Very robust
Kivyuka — Mishiha,7,285.092999706863,373.4518815886554,69.65717042815626,69.65717042815626,69.65717042815626,C — secondaire,0.0,0.0,Very robust
Kivyuka — Muhanga,7,492.9563454199225,580.3159323228239,72.27494373407927,72.27494373407927,72.27494373407927,B — prioritaire,0.0,0.0,Very robust
Kivyuka — Mukenke,7,714.7170750241295,850.7809335817698,63.46457466051877,63.46457466051877,63.46457466051877,C — secondaire,0.0,0.0,Very robust
Kivyuka — Muramvya,7,711.1650048533039,829.3265140799871,56.60514351050159,56.60514351050159,56.60514351050159,C — secondaire,0.0,0.0,Very robust
Kivyuka — Musenyi,7,592.2846001475519,683.3104100632366,73.1953087214189,73.1953087214189,73.1953087214189,B — prioritaire,0.0,0.0,Very robust
Kivyuka — Mutaho,7,880.7321271834954,1027.1750119357837,72.66337653181257,72.66337653181257,72.66337653181257,B — prioritaire,0.0,0.0,Very robust
Kivyuka — Muyange,7,346.68640594808335,439.3481236920356,58.06857527684284,58.06857527684284,58.06857527684284,C — secondaire,0.0,0.0,Very robust
Kivyuka — Muyinga,7,337.0925719212264,417.1550085376684,79.34106996630715,79.34106996630715,79.34106996630715,B — prioritaire,1.0,50.0,Very robust
Kivyuka — Muzinda,7,293.36469580424193,344.2046630589608,64.19084727476275,64.19084727476275,64.19084727476275,C — secondaire,0.0,0.0,Very robust
Kivyuka — Mwakiro,7,359.9865931449092,443.7879833478184,62.851574608978346,62.851574608978346,62.851574608978346,C — secondaire,0.0,0.0,Very robust
Kivyuka — Mwaro,7,318.46629486572925,389.05513665674107,59.18617522520844,59.18617522520844,59.18617522520844,C — secondaire,0.0,0.0,Very robust
Kivyuka — Ngozi,7,453.96035244051336,534.6616030459343,72.25826224176478,72.25826224176478,72.25826224176478,B — prioritaire,0.0,0.0,Very robust
Kivyuka — Nyabihanga,7,214.2759580298738,271.10114372708887,58.713449116954045,58.713449116954045,58.713449116954045,C — secondaire,0.0,0.0,Very robust
Kivyuka — Nyabikere,7,470.40879618058926,567.212961505967,71.36610341410884,71.36610341410884,71.36610341410884,B — prioritaire,0.0,0.0,Very robust
Kivyuka — Nyagasasa,7,427.07276837473785,512.073395303459,59.568064749291615,59.568064749291615,59.568064749291615,C — secondaire,0.0,0.0,Very robust
Kivyuka — Rubaho,7,406.145367290035,507.3249788385864,62.24850859884296,62.24850859884297,62.24850859884296,C — secondaire,0.0,0.0,Very robust
Kivyuka — Rugombo,7,1038.3763299441357,1202.8542371189153,57.05835424122632,57.05835424122632,57.05835424122632,C — secondaire,0.0,0.0,Very robust
Kivyuka — Ruhehe,7,674.5607284736344,805.7774647744147,63.341297122718615,63.341297122718615,63.341297122718615,C — secondaire,0.0,0.0,Very robust
Kivyuka — Rumonge,7,447.3050414480899,540.5922320491812,63.27769329394844,63.27769329394844,63.27769329394844,C — secondaire,0.0,0.0,Very robust
Kivyuka — Rusaka,7,402.5967317270592,481.1446447401681,63.72903981689145,63.72903981689145,63.72903981689145,C — secondaire,0.0,0.0,Very robust
Kivyuka — Rutana,7,1015.8569693521276,1201.9942377223404,59.33269626976644,59.33269626976644,59.33269626976644,C — secondaire,0.0,0.0,Very robust
Kivyuka — Ruyigi,7,683.4450311465561,817.642288205667,63.237731415705724,63.23773141570572,63.237731415705724,C — secondaire,0.0,0.0,Very robust
Kivyuka — Rwibaga,7,300.942137246783,363.33969567719276,67.55363204067828,67.55363204067828,67.55363204067828,C — secondaire,0.0,0.0,Very robust
Kivyuka — Twinkwavu,7,361.12472898220506,460.88602613523074,53.745482685156475,53.74548268515647,53.745482685156475,C — secondaire,0.0,0.0,Very robust
Kivyuka — Wimpfizi,7,288.8471749889088,359.378237280961,62.835359741004886,62.835359741004886,62.835359741004886,C — secondaire,0.0,0.0,Very robust
Kobero — Mabanda,7,428.48349183427496,545.3633565004036,57.43064847032262,57.43064847032262,57.43064847032262,C — secondaire,0.0,0.0,Very robust
Kobero — Mabayi,7,345.2047566218223,440.13132626649525,61.923558499149394,61.923558499149394,61.923558499149394,C — secondaire,0.0,0.0,Very robust
Kobero — Makamba,7,539.245750083141,668.1023757499175,53.89552075089781,53.89552075089781,53.89552075089781,C — secondaire,0.0,0.0,Very robust
Kobero — Marangara,7,383.1147227519178,452.8300560365362,68.10619990917328,68.10619990917328,68.10619990917328,C — secondaire,0.0,0.0,Very robust
Kobero — Masanganzira,7,279.42470670754244,330.0849805889466,59.993792650634695,59.993792650634695,59.993792650634695,C — secondaire,0.0,0.0,Very robust
Kobero — Matana,7,396.4003313321776,493.7832125709333,62.38627913503769,62.38627913503769,62.38627913503769,C — secondaire,0.0,0.0,Very robust
Kobero — Mihigo,7,480.10743508457256,570.4787904648167,63.8676772576802,63.8676772576802,63.8676772576802,C — secondaire,0.0,0.0,Very robust
Kobero — Mishiha,7,262.18751694986514,322.0002549785136,55.14140220857098,55.14140220857098,55.14140220857098,C — secondaire,0.0,0.0,Very robust
Kobero — Muhanga,7,360.38290256723656,432.979613957387,63.6057019360371,63.6057019360371,63.6057019360371,C — secondaire,0.0,0.0,Very robust
Kobero — Mukenke,7,486.3205250845283,559.6346776076549,73.14675129755625,73.14675129755626,73.14675129755625,B — prioritaire,0.0,0.0,Very robust
Kobero — Muramvya,7,390.724493738082,477.69239731632075,58.99281175168806,58.99281175168806,58.99281175168806,C — secondaire,0.0,0.0,Very robust
Kobero — Musenyi,7,261.3366048186321,339.87494492227097,61.95071934489669,61.95071934489669,61.95071934489669,C — secondaire,0.0,0.0,Very robust
Kobero — Mutaho,7,443.4483284078016,528.8679047462007,67.78785780375233,67.78785780375233,67.78785780375233,C — secondaire,0.0,0.0,Very robust
Kobero — Muyange,6,-36.41167009039765,17.148070818400928,42.3914895095851,42.3914895095851,42.3914895095851,D — surveillance,0.0,0.0,Robust
Kobero — Muyinga,7,226.88105945839615,265.5361166250269,93.1071465379957,93.1071465379957,93.1071465379957,A — stratégique,2.0,100.0,Very robust
Kobero — Muzinda,7,276.26320459475903,355.54960025489663,54.04466902563825,54.04466902563825,54.04466902563825,C — secondaire,0.0,0.0,Very robust
Kobero — Mwakiro,7,463.2840390934337,544.5606796114716,68.30666949806681,68.30666949806681,68.30666949806681,C — secondaire,0.0,0.0,Very robust
Kobero — Mwaro,7,153.97950721679857,209.3437730929136,61.974994712847085,61.974994712847085,61.974994712847085,C — secondaire,0.0,0.0,Very robust
Kobero — Ngozi,7,234.47786338915435,287.53870173820906,59.2337190146828,59.2337190146828,59.2337190146828,C — secondaire,0.0,0.0,Very robust
Kobero — Nyabihanga,7,450.2935382993021,545.2697384139866,63.19932946816574,63.19932946816574,63.19932946816574,C — secondaire,0.0,0.0,Very robust
Kobero — Nyabikere,7,326.677146059801,393.45644345420044,63.56847424773237,63.56847424773237,63.56847424773237,C — secondaire,0.0,0.0,Very robust
Kobero — Nyagasasa,7,266.97976731078967,343.33176541891,62.16812595699633,62.16812595699633,62.16812595699633,C — secondaire,0.0,0.0,Very robust
Kobero — Rubaho,7,57.47639002625789,106.64409029696765,56.77286725214879,56.77286725214879,56.77286725214879,C — secondaire,0.0,0.0,Very robust
Kobero — Rugombo,7,393.9769149943076,498.6932484261319,53.81263481048887,53.81263481048887,53.81263481048887,C — secondaire,0.0,0.0,Very robust
Kobero — Ruhehe,7,310.00519650583215,370.6222687882138,59.738206393093606,59.738206393093606,59.738206393093606,C — secondaire,0.0,0.0,Very robust
Kobero — Rumonge,6,-21.365297909339404,27.312294038854606,55.08668356908879,55.08668356908879,55.08668356908879,C — secondaire,0.0,0.0,Robust
Kobero — Rusaka,7,195.15897445183603,257.48129562221544,58.09476994736098,58.09476994736098,58.09476994736098,C — secondaire,0.0,0.0,Very robust
Kobero — Rutana,7,660.6813744053195,797.1719201737085,58.79582966559288,58.79582966559288,58.79582966559288,C — secondaire,0.0,0.0,Very robust
Kobero — Ruyigi,7,923.0976867095774,1085.1656574469619,68.02798065075527,68.02798065075527,68.02798065075527,C — secondaire,0.0,0.0,Very robust
Kobero — Rwibaga,7,388.7275854979701,481.458392641987,66.6309321284183,66.6309321284183,66.6309321284183,C — secondaire,0.0,0.0,Very robust
Kobero — Twinkwavu,7,290.13604470067474,354.4821694431465,67.2851220414075,67.2851220414075,67.2851220414075,C — secondaire,0.0,0.0,Very robust
Kobero — Wimpfizi,7,365.1002728179516,451.8616303505506,50.6415830235617,50.6415830235617,50.6415830235617,C — secondaire,0.0,0.0,Very robust
Mabanda — Mabayi,7,814.5260047350946,986.6480820293265,66.12519716653986,66.12519716653986,66.12519716653986,C — secondaire,0.0,0.0,Very robust
Mabanda — Makamba,7,343.5172143069309,396.8460747029702,68.70032494948725,68.70032494948725,68.70032494948725,C — secondaire,0.0,0.0,Very robust
Mabanda — Marangara,7,61.16303963211314,123.0085461280486,44.02570533724635,44.02570533724635,44.02570533724635,D — surveillance,0.0,0.0,Very robust
Mabanda — Masanganzira,7,597.4738853487559,731.6654048637525,58.229329803777915,58.22932980377792,58.229329803777915,C — secondaire,0.0,0.0,Very robust
Mabanda — Matana,7,555.7070082581746,652.3962263963606,68.35671787555239,68.35671787555239,68.35671787555239,C — secondaire,0.0,0.0,Very robust
Mabanda — Mihigo,7,744.3440676243432,898.4679129818614,58.530673011387904,58.53067301138791,58.530673011387904,C — secondaire,0.0,0.0,Very robust
Mabanda — Mishiha,7,232.64398073394847,315.57833545740647,45.186298417851766,45.186298417851766,45.186298417851766,D — surveillance,0.0,0.0,Very robust
Mabanda — Muhanga,7,260.62313989908404,339.7436367504012,54.411424647336325,54.411424647336325,54.411424647336325,C — secondaire,0.0,0.0,Very robust
Mabanda — Mukenke,7,664.6433456580336,817.0970264248716,57.7441016355465,57.7441016355465,57.7441016355465,C — secondaire,0.0,0.0,Very robust
Mabanda — Muramvya,7,738.8100378248141,879.2749919249203,59.409276126538,59.40927612653801,59.409276126538,C — secondaire,0.0,0.0,Very robust
Mabanda — Musenyi,7,741.5871563315906,887.5905987135391,59.059150397188915,59.05915039718892,59.059150397188915,C — secondaire,0.0,0.0,Very robust
Mabanda — Mutaho,7,745.8872447600912,890.4508043257536,67.25685643942482,67.25685643942482,67.25685643942482,C — secondaire,0.0,0.0,Very robust
Mabanda — Muyange,7,864.1012625710176,990.8915731018645,94.8106545765767,94.8106545765767,94.8106545765767,A — stratégique,4.0,100.0,Very robust
Mabanda — Muyinga,7,267.55923431106675,355.8742561333144,57.36076299489886,57.360762994898856,57.36076299489886,C — secondaire,0.0,0.0,Very robust
Mabanda — Muzinda,7,486.99574674940686,594.0566571783174,66.84222744196148,66.84222744196148,66.84222744196148,C — secondaire,0.0,0.0,Very robust
Mabanda — Mwakiro,7,220.2070976457384,294.85363841960225,65.6881132390971,65.6881132390971,65.6881132390971,C — secondaire,0.0,0.0,Very robust
Mabanda — Mwaro,7,465.5450520518039,558.0181148793448,59.526385924571066,59.526385924571066,59.526385924571066,C — secondaire,0.0,0.0,Very robust
Mabanda — Ngozi,7,282.14777830844616,368.21524670361987,53.671516050598,53.671516050597994,53.671516050598,C — secondaire,0.0,0.0,Very robust
Mabanda — Nyabihanga,7,331.6990409024628,406.7657292439127,59.056153345162244,59.05615334516225,59.056153345162244,C — secondaire,0.0,0.0,Very robust
Mabanda — Nyabikere,7,301.9930024162797,381.2230781784056,66.45306866854827,66.45306866854827,66.45306866854827,C — secondaire,0.0,0.0,Very robust
Mabanda — Nyagasasa,7,724.4095463781385,852.4739033049167,68.1497716429522,68.1497716429522,68.1497716429522,C — secondaire,0.0,0.0,Very robust
Mabanda — Rubaho,7,535.4966650967058,631.5017401843025,68.16607285693894,68.16607285693894,68.16607285693894,C — secondaire,0.0,0.0,Very robust
Mabanda — Rugombo,7,963.531645738032,1152.1244318877282,58.586645366468076,58.586645366468076,58.586645366468076,C — secondaire,0.0,0.0,Very robust
Mabanda — Ruhehe,7,647.4159364784871,800.7122644907802,57.490245990620146,57.490245990620146,57.490245990620146,C — secondaire,0.0,0.0,Very robust
Mabanda — Rumonge,7,541.8137089500988,636.0245012643281,89.33746509700049,89.33746509700049,89.33746509700049,A — stratégique,2.0,100.0,Very robust
Mabanda — Rusaka,7,456.4262684353109,551.2279619008476,59.25962967902108,59.25962967902108,59.25962967902108,C — secondaire,0.0,0.0,Very robust
Mabanda — Rutana,7,1297.6559222310868,1496.72165295618,65.53056105445222,65.53056105445222,65.53056105445222,C — secondaire,0.0,0.0,Very robust
Mabanda — Ruyigi,7,480.94363183850953,579.8621336450755,63.298168155764465,63.298168155764465,63.298168155764465,C — secondaire,0.0,0.0,Very robust
Mabanda — Rwibaga,7,429.70938554813006,520.3623115206274,63.243700330693315,63.24370033069332,63.243700330693315,C — secondaire,0.0,0.0,Very robust
Mabanda — Twinkwavu,7,627.6337690793506,758.4924350340077,50.75426072060833,50.75426072060833,50.75426072060833,C — secondaire,0.0,0.0,Very robust
Mabanda — Wimpfizi,7,310.65151758919603,377.7256055382271,67.36938853206819,67.36938853206819,67.36938853206819,C — secondaire,0.0,0.0,Very robust
Mabayi — Makamba,7,1057.1744659801766,1262.9243928486471,70.4985942255847,70.4985942255847,70.4985942255847,B — prioritaire,0.0,0.0,Very robust
Mabayi — Marangara,7,753.6417554660519,895.6803700568795,63.493274380056064,63.493274380056064,63.493274380056064,C — secondaire,0.0,0.0,Very robust
Mabayi — Masanganzira,7,491.8874184552197,597.0322519093797,63.00525913039352,63.00525913039352,63.00525913039352,C — secondaire,0.0,0.0,Very robust
Mabayi — Matana,7,665.6438263548548,802.5916087235092,66.87101330610412,66.87101330610412,66.87101330610412,C — secondaire,0.0,0.0,Very robust
Mabayi — Mihigo,7,757.0017783171949,889.506583564512,72.23794506291547,72.23794506291547,72.23794506291547,B — prioritaire,0.0,0.0,Very robust
Mabayi — Mishiha,7,580.4114505836465,721.158961107277,69.6588861737006,69.6588861737006,69.6588861737006,C — secondaire,0.0,0.0,Very robust
Mabayi — Muhanga,7,939.9419947721732,1101.3569531880742,72.28476844786016,72.28476844786016,72.28476844786016,B — prioritaire,0.0,0.0,Very robust
Mabayi — Mukenke,7,303.31232437637993,390.80435444702,57.87097856494505,57.87097856494505,57.87097856494505,C — secondaire,0.0,0.0,Very robust
Mabayi — Muramvya,7,612.6147046156963,730.9568194067269,71.56401621068667,71.56401621068667,71.56401621068667,B — prioritaire,0.0,0.0,Very robust
Mabayi — Musenyi,7,302.99085218005627,365.0677783628813,63.57627436794254,63.57627436794254,63.57627436794254,C — secondaire,0.0,0.0,Very robust
Mabayi — Mutaho,7,681.050576535746,809.1678042296054,71.67816736916483,71.67816736916483,71.67816736916483,B — prioritaire,0.0,0.0,Very robust
Mabayi — Muyange,7,64.70166028498943,126.64575812213842,52.12934381782198,52.12934381782198,52.12934381782198,C — secondaire,0.0,0.0,Very robust
Mabayi — Muyinga,7,558.6622212734771,680.5777436886331,66.67024410289156,66.67024410289156,66.67024410289156,C — secondaire,0.0,0.0,Very robust
Mabayi — Muzinda,7,643.3505434675025,756.5972689146438,72.26683862173661,72.26683862173661,72.26683862173661,B — prioritaire,0.0,0.0,Very robust
Mabayi — Mwakiro,7,702.5914440216922,845.5366628664395,62.85370906934369,62.85370906934369,62.85370906934369,C — secondaire,0.0,0.0,Very robust
Mabayi — Mwaro,7,545.4918769355111,659.0450729723618,71.11264525536731,71.11264525536731,71.11264525536731,B — prioritaire,0.0,0.0,Very robust
Mabayi — Ngozi,7,707.6948033172964,834.8441111359842,72.0479358872826,72.0479358872826,72.0479358872826,B — prioritaire,0.0,0.0,Very robust
Mabayi — Nyabihanga,7,761.3169767362119,908.9029274583764,67.22243651845997,67.22243651845997,67.22243651845997,C — secondaire,0.0,0.0,Very robust
Mabayi — Nyabikere,7,839.7841003774764,999.8139527332042,71.26768838334273,71.26768838334273,71.26768838334273,B — prioritaire,0.0,0.0,Very robust
Mabayi — Nyagasasa,7,566.8984094648346,682.257357484929,71.23875299169748,71.23875299169748,71.23875299169748,B — prioritaire,0.0,0.0,Very robust
Mabayi — Rubaho,7,528.4718149209917,660.3793955375678,69.66185757063406,69.66185757063406,69.66185757063406,C — secondaire,0.0,0.0,Very robust
Mabayi — Rugombo,7,622.4409787036317,717.9842525872707,65.18721326776529,65.18721326776529,65.18721326776529,C — secondaire,0.0,0.0,Very robust
Mabayi — Ruhehe,7,443.99011115921815,552.4684665920458,68.13490880341021,68.13490880341021,68.13490880341021,C — secondaire,0.0,0.0,Very robust
Mabayi — Rumonge,7,402.32349578499577,498.7506664792839,66.54762403573147,66.54762403573147,66.54762403573147,C — secondaire,0.0,0.0,Very robust
Mabayi — Rusaka,7,535.8450832305231,644.5770285273671,71.3285297795347,71.3285297795347,71.3285297795347,B — prioritaire,0.0,0.0,Very robust
Mabayi — Rutana,7,788.8963802283502,953.7022320978642,66.34406699549854,66.34406699549854,66.34406699549854,C — secondaire,0.0,0.0,Very robust
Mabayi — Ruyigi,7,1130.7137386195209,1342.0089491226518,70.91592630028705,70.91592630028705,70.91592630028705,B — prioritaire,0.0,0.0,Very robust
Mabayi — Rwibaga,7,700.1837783368799,829.9990864300914,63.729293463613445,63.729293463613445,63.729293463613445,C — secondaire,0.0,0.0,Very robust
Mabayi — Twinkwavu,7,39.99997985898773,104.08659136813733,51.57971098118202,51.57971098118202,51.57971098118202,C — secondaire,0.0,0.0,Very robust
Mabayi — Wimpfizi,7,811.1457834435782,966.793467475819,67.22544269947858,67.22544269947858,67.22544269947858,C — secondaire,0.0,0.0,Very robust
Makamba — Marangara,7,300.8553594166848,393.0145016865157,49.59054150856942,49.59054150856942,49.59054150856942,D — surveillance,0.0,0.0,Very robust
Makamba — Masanganzira,7,693.9302955467488,837.9731778057493,54.629984876386764,54.629984876386764,54.629984876386764,C — secondaire,0.0,0.0,Very robust
Makamba — Matana,7,835.3319183953781,967.7418155980192,73.12554961395533,73.12554961395533,73.12554961395533,B — prioritaire,0.0,0.0,Very robust
Makamba — Mihigo,7,979.8025777615468,1163.337616469234,59.11666774576987,59.11666774576987,59.11666774576987,C — secondaire,0.0,0.0,Very robust
Makamba — Mishiha,7,464.5848302690633,577.4694846867412,58.13126580566844,58.13126580566844,58.13126580566844,C — secondaire,0.0,0.0,Very robust
Makamba — Muhanga,7,402.7883158983512,498.1467236707218,66.62528575865676,66.62528575865676,66.62528575865676,C — secondaire,0.0,0.0,Very robust
Makamba — Mukenke,7,752.9416023823676,914.1629013067292,54.113077492113945,54.11307749211395,54.113077492113945,C — secondaire,0.0,0.0,Very robust
Makamba — Muramvya,7,1008.9357479620176,1183.7643525551503,60.04133582461991,60.04133582461991,60.04133582461991,C — secondaire,0.0,0.0,Very robust
Makamba — Musenyi,7,1082.2513106275665,1274.9195405546714,63.63196790789535,63.63196790789535,63.63196790789535,C — secondaire,0.0,0.0,Very robust
Makamba — Mutaho,7,969.4494752042824,1141.9028859446923,71.84597635532083,71.84597635532083,71.84597635532083,B — prioritaire,0.0,0.0,Very robust
Makamba — Muyange,7,1067.9548523822584,1227.8682747352534,98.80018914976384,98.80018914976384,98.80018914976384,A — stratégique,4.0,100.0,Very robust
Makamba — Muyinga,7,512.5230910354005,631.9865310151716,62.27414038159283,62.27414038159283,62.27414038159283,C — secondaire,0.0,0.0,Very robust
Makamba — Muzinda,7,728.9927010453828,868.6230847337355,63.38076957000869,63.38076957000869,63.38076957000869,C — secondaire,0.0,0.0,Very robust
Makamba — Mwakiro,7,354.44615437007224,444.4232847300309,66.3944218430706,66.3944218430706,66.3944218430706,C — secondaire,0.0,0.0,Very robust
Makamba — Mwaro,7,791.6131621890071,926.4416469381459,56.36786845345585,56.36786845345585,56.36786845345585,C — secondaire,0.0,0.0,Very robust
Makamba — Ngozi,7,503.4169869819068,617.1662181351029,50.481252923462065,50.481252923462065,50.481252923462065,C — secondaire,0.0,0.0,Very robust
Makamba — Nyabihanga,7,564.3255495151337,668.3988597922,59.90407254930765,59.90407254930765,59.90407254930765,C — secondaire,0.0,0.0,Very robust
Makamba — Nyabikere,7,396.28965914061337,485.144267345977,58.93400458125677,58.93400458125677,58.93400458125677,C — secondaire,0.0,0.0,Very robust
Makamba — Nyagasasa,7,1025.200856515342,1192.0096639351466,81.46837031799257,81.46837031799257,81.46837031799257,B — prioritaire,1.0,66.66666666666667,Very robust
Makamba — Rubaho,7,686.6023146318206,801.0098036993516,72.682875038789,72.682875038789,72.682875038789,B — prioritaire,0.0,0.0,Very robust
Makamba — Rugombo,7,1090.3465054585813,1296.0194840536776,54.76655801835862,54.76655801835862,54.76655801835862,C — secondaire,0.0,0.0,Very robust
Makamba — Ruhehe,7,652.8611451519479,803.0072359222634,45.693693043730384,45.693693043730384,45.693693043730384,D — surveillance,0.0,0.0,Very robust
Makamba — Rumonge,7,699.9450424311724,816.4051641847882,89.3608867134415,89.3608867134415,89.3608867134415,A — stratégique,2.0,66.66666666666667,Very robust
Makamba — Rusaka,7,823.7167785725142,966.762808245363,60.18622777444203,60.18622777444203,60.18622777444203,C — secondaire,0.0,0.0,Very robust
Makamba — Rutana,7,1571.3839922930792,1805.844615839891,61.98192815362223,61.98192815362223,61.98192815362223,C — secondaire,0.0,0.0,Very robust
Makamba — Ruyigi,7,737.6411460997871,869.4282338840356,65.47128829025792,65.47128829025792,65.47128829025792,C — secondaire,0.0,0.0,Very robust
Makamba — Rwibaga,7,750.0014956853333,882.1847007222858,68.15601639077676,68.15601639077676,68.15601639077676,C — secondaire,0.0,0.0,Very robust
Makamba — Twinkwavu,7,977.8146201389976,1155.515014345285,55.47442030184892,55.47442030184892,55.47442030184892,C — secondaire,0.0,0.0,Very robust
Makamba — Wimpfizi,7,494.2844277263992,583.3660518827425,68.14898708675221,68.14898708675221,68.14898708675221,C — secondaire,0.0,0.0,Very robust
Marangara — Masanganzira,7,526.1349192066688,606.658340802858,86.0578845151847,86.0578845151847,86.0578845151847,A — stratégique,1.0,100.0,Very robust
Marangara — Matana,7,170.7708461537899,232.57175835162428,61.81016447072444,61.81016447072444,61.81016447072444,C — secondaire,0.0,0.0,Very robust
Marangara — Mihigo,7,666.5746086904294,772.0884842958983,94.03855931630133,94.03855931630133,94.03855931630133,A — stratégique,1.0,100.0,Very robust
Marangara — Mishiha,7,93.73066567617929,136.32111528979098,61.813277687464925,61.813277687464925,61.813277687464925,C — secondaire,0.0,0.0,Very robust
Marangara — Muhanga,7,89.61703317759392,115.20424393325455,66.74543776932151,66.74543776932151,66.74543776932151,C — secondaire,0.0,0.0,Very robust
Marangara — Mukenke,7,657.4433044169158,764.1243667501067,72.87869300225081,72.87869300225081,72.87869300225081,B — prioritaire,0.0,0.0,Very robust
Marangara — Muramvya,7,547.1304627128509,648.9499703055073,67.906702864233,67.906702864233,67.906702864233,C — secondaire,0.0,0.0,Very robust
Marangara — Musenyi,7,668.9400021383292,794.4713014878554,63.66754101448579,63.66754101448579,63.66754101448579,C — secondaire,0.0,0.0,Very robust
Marangara — Mutaho,7,581.6917814628928,680.6084740555254,72.53339338917411,72.53339338917411,72.53339338917411,B — prioritaire,0.0,0.0,Very robust
Marangara — Muyange,7,329.6902777074404,432.9902890174743,53.120731780277495,53.120731780277495,53.120731780277495,C — secondaire,0.0,0.0,Very robust
Marangara — Muyinga,7,301.34359842941035,357.48360904117584,67.971503122216,67.971503122216,67.971503122216,C — secondaire,0.0,0.0,Very robust
Marangara — Muzinda,7,318.1364952988755,394.91106541380395,70.84615658241535,70.84615658241535,70.84615658241535,B — prioritaire,0.0,0.0,Very robust
Marangara — Mwakiro,7,300.19364864415104,361.18290713320766,63.61188387392147,63.61188387392148,63.61188387392147,C — secondaire,0.0,0.0,Very robust
Marangara — Mwaro,7,298.4992650832016,369.78370074994365,58.884848466284105,58.884848466284105,58.884848466284105,C — secondaire,0.0,0.0,Very robust
Marangara — Ngozi,7,233.72656620250464,276.3783555153592,63.92073787527547,63.92073787527547,63.92073787527547,C — secondaire,0.0,0.0,Very robust
Marangara — Nyabihanga,7,156.6918392614673,205.73582825491457,66.43684939204695,66.43684939204695,66.43684939204695,C — secondaire,0.0,0.0,Very robust
Marangara — Nyabikere,7,182.0418741890502,227.62158665245008,71.05195612397412,71.05195612397412,71.05195612397412,B — prioritaire,0.0,0.0,Very robust
Marangara — Nyagasasa,7,464.2796139868507,563.6870782800789,59.041597030627635,59.041597030627635,59.041597030627635,C — secondaire,0.0,0.0,Very robust
Marangara — Rubaho,7,90.05412014106508,144.61047948902788,48.964284976959995,48.964284976959995,48.964284976959995,D — surveillance,0.0,0.0,Very robust
Marangara — Rugombo,7,865.7467123140045,1026.622633563145,63.73184528573686,63.73184528573686,63.73184528573686,C — secondaire,2.0,33.333333333333336,Very robust
Marangara — Ruhehe,7,622.8247525727958,723.5648128169124,68.86131918512922,68.86131918512922,68.86131918512922,C — secondaire,0.0,0.0,Very robust
Marangara — Rumonge,7,113.44405843253082,176.6546201853703,56.853594446301734,56.853594446301734,56.853594446301734,C — secondaire,0.0,0.0,Very robust
Marangara — Rusaka,7,253.30449345421036,317.55199262323305,46.68345018035856,46.683450180358555,46.68345018035856,D — surveillance,0.0,0.0,Very robust
Marangara — Rutana,7,930.8473222031575,1103.372995515639,59.33950382591218,59.33950382591218,59.33950382591218,C — secondaire,0.0,0.0,Very robust
Marangara — Ruyigi,7,945.7406018454158,1114.1984400924798,65.26380876930737,65.26380876930737,65.26380876930737,C — secondaire,0.0,0.0,Very robust
Marangara — Rwibaga,7,245.47630450034453,311.3613182144335,66.59737078501661,66.59737078501661,66.59737078501661,C — secondaire,0.0,0.0,Very robust
Marangara — Twinkwavu,7,570.2743949515215,681.4832598363664,55.46139818681308,55.46139818681308,55.46139818681308,C — secondaire,0.0,0.0,Very robust
Marangara — Wimpfizi,7,108.6140709590568,155.43193326816717,53.75653829929696,53.75653829929696,53.75653829929696,C — secondaire,0.0,0.0,Very robust
Masanganzira — Matana,7,671.3696178810321,800.7004448061564,63.43441798484384,63.43441798484384,63.43441798484384,C — secondaire,0.0,0.0,Very robust
Masanganzira — Mihigo,7,324.5252178821814,382.15493223522066,68.17245912553699,68.17245912553699,68.17245912553699,C — secondaire,0.0,0.0,Very robust
Masanganzira — Mishiha,7,365.44421114497607,441.581968490704,59.407098623347444,59.407098623347444,59.407098623347444,C — secondaire,0.0,0.0,Very robust
Masanganzira — Muhanga,7,491.8704732198733,572.674298808517,76.87290828984176,76.87290828984176,76.87290828984176,B — prioritaire,1.0,16.666666666666668,Very robust
Masanganzira — Mukenke,7,271.0921074456924,319.1060469052967,68.10590083538722,68.10590083538722,68.10590083538722,C — secondaire,0.0,0.0,Very robust
Masanganzira — Muramvya,7,168.8040442603276,214.45244668299753,62.80409381628801,62.80409381628801,62.80409381628801,C — secondaire,0.0,0.0,Very robust
Masanganzira — Musenyi,7,390.0208651274968,476.20626905464127,67.08677665840762,67.08677665840762,67.08677665840762,C — secondaire,0.0,0.0,Very robust
Masanganzira — Mutaho,7,223.2878774055145,267.63938117379183,67.69138255521776,67.69138255521776,67.69138255521776,C — secondaire,0.0,0.0,Very robust
Masanganzira — Muyange,7,337.91152342408327,438.116176324607,57.45478246921825,57.45478246921825,57.45478246921825,C — secondaire,0.0,0.0,Very robust
Masanganzira — Muyinga,7,521.1998105648734,603.4789384325646,66.35796789902928,66.35796789902928,66.35796789902928,C — secondaire,0.0,0.0,Very robust
Masanganzira — Muzinda,7,689.2307752473955,816.935713677455,67.77469213223057,67.77469213223057,67.77469213223057,C — secondaire,0.0,0.0,Very robust
Masanganzira — Mwakiro,7,672.6860979784224,781.5333297050381,68.880118208331,68.880118208331,68.880118208331,C — secondaire,0.0,0.0,Very robust
Masanganzira — Mwaro,7,381.8441883692516,461.31569844396483,63.4119144648627,63.4119144648627,63.4119144648627,C — secondaire,0.0,0.0,Very robust
Masanganzira — Ngozi,7,445.5093236980192,517.9811115848653,64.66122485157484,64.66122485157484,64.66122485157484,C — secondaire,0.0,0.0,Very robust
Masanganzira — Nyabihanga,7,614.8207125855162,725.3293579652211,60.05057519709171,60.05057519709171,60.05057519709171,C — secondaire,0.0,0.0,Very robust
Masanganzira — Nyabikere,7,581.8239235233215,679.1601235099948,72.64278469717631,72.64278469717631,72.64278469717631,B — prioritaire,0.0,0.0,Very robust
Masanganzira — Nyagasasa,7,445.1116484632423,538.4662050556751,71.29678788201886,71.29678788201886,71.29678788201886,B — prioritaire,0.0,0.0,Very robust
Masanganzira — Rubaho,7,187.04289774293883,251.1787204612594,49.8151881276945,49.8151881276945,49.8151881276945,D — surveillance,0.0,0.0,Very robust
Masanganzira — Rugombo,7,420.1587753031728,517.8789725585027,62.79298863691797,62.79298863691797,62.79298863691797,C — secondaire,1.0,16.666666666666668,Very robust
Masanganzira — Ruhehe,7,289.7050900035172,343.097791715793,68.00019099519382,68.00019099519382,68.00019099519382,C — secondaire,0.0,0.0,Very robust
Masanganzira — Rumonge,7,276.0785832431136,358.8033051041915,69.91501198733428,69.91501198733428,69.91501198733428,C — secondaire,0.0,0.0,Very robust
Masanganzira — Rusaka,7,352.4990103072173,427.9826464173787,59.28944926292089,59.28944926292089,59.28944926292089,C — secondaire,0.0,0.0,Very robust
Masanganzira — Rutana,7,530.3677679198005,641.4122542513433,59.031806132429566,59.031806132429566,59.031806132429566,C — secondaire,0.0,0.0,Very robust
Masanganzira — Ruyigi,7,1237.269501199088,1442.9246742281807,64.41699586705917,64.41699586705917,64.41699586705917,C — secondaire,0.0,0.0,Very robust
Masanganzira — Rwibaga,7,646.9972213533513,767.3078577228646,67.7995474516549,67.7995474516549,67.7995474516549,C — secondaire,0.0,0.0,Very robust
Masanganzira — Twinkwavu,7,383.4247404203174,462.67188446585,71.63811577713295,71.63811577713295,71.63811577713295,B — prioritaire,1.0,16.666666666666668,Very robust
Masanganzira — Wimpfizi,7,585.9601182002317,696.700450657242,55.67562355428834,55.67562355428834,55.67562355428834,C — secondaire,0.0,0.0,Very robust
Matana — Mihigo,7,593.6063366116924,709.1012879764395,71.5392269830877,71.5392269830877,71.5392269830877,B — prioritaire,0.0,0.0,Very robust
Matana — Mishiha,7,255.77269819758823,333.19796494182344,61.95146455010785,61.95146455010785,61.95146455010785,C — secondaire,0.0,0.0,Very robust
Matana — Muhanga,7,380.369320717474,459.65581891066347,69.33112232519838,69.33112232519838,69.33112232519838,C — secondaire,0.0,0.0,Very robust
Matana — Mukenke,7,669.6144503142447,807.7549135632478,58.784327630537,58.784327630537,58.784327630537,C — secondaire,0.0,0.0,Very robust
Matana — Muramvya,7,666.9552416700293,780.0602922395362,65.95022269398163,65.95022269398163,65.95022269398163,C — secondaire,0.0,0.0,Very robust
Matana — Musenyi,7,422.3558694777124,507.8841263475911,51.42528173542493,51.425281735424925,51.42528173542493,C — secondaire,0.0,0.0,Very robust
Matana — Mutaho,7,760.050264690897,890.2160842960988,72.43346106267865,72.43346106267865,72.43346106267865,B — prioritaire,0.0,0.0,Very robust
Matana — Muyange,7,449.5654448089695,534.1850534895582,59.86564496978201,59.86564496978201,59.86564496978201,C — secondaire,0.0,0.0,Very robust
Matana — Muyinga,7,284.4760738089695,360.2941122038441,62.429704228158954,62.42970422815896,62.429704228158954,C — secondaire,0.0,0.0,Very robust
Matana — Muzinda,7,240.2956614200609,297.2429863228832,67.11045318070529,67.11045318070529,67.11045318070529,C — secondaire,0.0,0.0,Very robust
Matana — Mwakiro,7,464.0935356191087,558.6673215510466,67.41679183016421,67.41679183016421,67.41679183016421,C — secondaire,0.0,0.0,Very robust
Matana — Mwaro,7,464.7481210391529,540.012404159637,72.7555113608736,72.7555113608736,72.7555113608736,B — prioritaire,0.0,0.0,Very robust
Matana — Ngozi,7,273.07849533303465,341.17611085701486,58.76603941212874,58.76603941212874,58.76603941212874,C — secondaire,0.0,0.0,Very robust
Matana — Nyabihanga,7,446.9418229940675,522.165603568886,72.54306824591953,72.54306824591953,72.54306824591953,B — prioritaire,0.0,0.0,Very robust
Matana — Nyabikere,7,423.2426403896499,504.8804184527071,71.82317830612067,71.82317830612067,71.82317830612067,B — prioritaire,0.0,0.0,Very robust
Matana — Nyagasasa,7,559.9118168900201,647.3815655242945,93.89230994243614,93.89230994243614,93.89230994243614,A — stratégique,2.0,83.33333333333333,Very robust
Matana — Rubaho,7,466.0049186152983,550.6116682636992,68.11420206173949,68.11420206173949,68.11420206173949,C — secondaire,0.0,0.0,Very robust
Matana — Rugombo,7,901.9854658332596,1067.8805284999685,55.4539423433529,55.4539423433529,55.4539423433529,C — secondaire,0.0,0.0,Very robust
Matana — Ruhehe,7,629.3116690107639,764.6044472903275,58.51943591481466,58.51943591481466,58.51943591481466,C — secondaire,0.0,0.0,Very robust
Matana — Rumonge,7,448.9234580327928,526.367228871197,60.34231316634225,60.34231316634225,60.34231316634225,C — secondaire,0.0,0.0,Very robust
Matana — Rusaka,7,533.7912929782158,622.5502003874893,66.06664842201036,66.06664842201036,66.06664842201036,C — secondaire,0.0,0.0,Very robust
Matana — Rutana,7,1145.750007060194,1320.7440173115117,73.60448918213336,73.60448918213335,73.60448918213336,B — prioritaire,0.0,0.0,Very robust
Matana — Ruyigi,7,701.5846354516491,822.4225366221353,68.38717719048796,68.38717719048796,68.38717719048796,C — secondaire,0.0,0.0,Very robust
Matana — Rwibaga,7,249.9428560600117,297.81991659714805,63.805123337195425,63.805123337195425,63.805123337195425,C — secondaire,0.0,0.0,Very robust
Matana — Twinkwavu,7,502.7149564941478,609.3177310689206,63.0340733756323,63.0340733756323,63.0340733756323,C — secondaire,0.0,0.0,Very robust
Matana — Wimpfizi,7,470.6399012053327,544.2633099451425,72.93734263884505,72.93734263884505,72.93734263884505,B — prioritaire,0.0,0.0,Very robust
Mihigo — Mishiha,7,352.52273434464286,437.64445271913263,54.620611220687984,54.620611220687984,54.620611220687984,C — secondaire,0.0,0.0,Very robust
Mihigo — Muhanga,7,581.1525697408888,670.7102227460952,53.04051359028376,53.04051359028376,53.04051359028376,C — secondaire,0.0,0.0,Very robust
Mihigo — Mukenke,7,394.1077063571366,470.59460472448717,67.78818235790621,67.78818235790621,67.78818235790621,C — secondaire,0.0,0.0,Very robust
Mihigo — Muramvya,7,123.71721117810029,157.21519479061448,58.82863062006201,58.82863062006201,58.82863062006201,C — secondaire,0.0,0.0,Very robust
Mihigo — Musenyi,7,359.4024265140044,430.70025936314454,67.70518187445894,67.70518187445894,67.70518187445894,C — secondaire,0.0,0.0,Very robust
Mihigo — Mutaho,7,212.41290196177488,253.01674769790358,67.77854039236121,67.77854039236121,67.77854039236121,C — secondaire,0.0,0.0,Very robust
Mihigo — Muyange,7,459.4489056996708,575.9669130141447,65.87372890908588,65.87372890908588,65.87372890908588,C — secondaire,0.0,0.0,Very robust
Mihigo — Muyinga,7,549.775106559006,647.3507796681453,60.1768115418482,60.1768115418482,60.1768115418482,C — secondaire,0.0,0.0,Very robust
Mihigo — Muzinda,7,662.8741178014508,780.072035629193,68.19497756007021,68.19497756007021,68.19497756007021,C — secondaire,0.0,0.0,Very robust
Mihigo — Mwakiro,7,897.7476579609038,1046.1258348403874,64.66895079776256,64.66895079776256,64.66895079776256,C — secondaire,0.0,0.0,Very robust
Mihigo — Mwaro,7,357.64355554110386,430.666144660473,63.54304987469372,63.54304987469372,63.54304987469372,C — secondaire,0.0,0.0,Very robust
Mihigo — Ngozi,7,568.8785783892312,653.3894075953847,73.36570245825914,73.36570245825912,73.36570245825914,B — prioritaire,0.0,0.0,Very robust
Mihigo — Nyabihanga,7,661.507359760349,777.1091304687209,64.2637910477809,64.2637910477809,64.2637910477809,C — secondaire,0.0,0.0,Very robust
Mihigo — Nyabikere,7,807.232152797289,940.6054726274095,72.74379148223818,72.74379148223818,72.74379148223818,B — prioritaire,0.0,0.0,Very robust
Mihigo — Nyagasasa,7,209.4013841869636,265.2952163658413,62.73108856094992,62.73108856094992,62.73108856094992,C — secondaire,0.0,0.0,Very robust
Mihigo — Rubaho,7,360.05842723081764,448.34628538463596,54.50199466547294,54.50199466547294,54.50199466547294,C — secondaire,0.0,0.0,Very robust
Mihigo — Rugombo,7,869.1067366896806,1020.4488485812918,84.83680377536892,84.83680377536892,84.83680377536892,B — prioritaire,3.0,66.66666666666667,Very robust
Mihigo — Ruhehe,7,313.48563257479486,379.23391567491205,63.46848314222904,63.46848314222904,63.46848314222904,C — secondaire,0.0,0.0,Very robust
Mihigo — Rumonge,7,540.8907504149659,658.4540941778424,70.78541390385172,70.78541390385172,70.78541390385172,B — prioritaire,0.0,0.0,Very robust
Mihigo — Rusaka,7,351.0959067727068,422.33071890258856,63.58037836299555,63.58037836299555,63.58037836299555,C — secondaire,0.0,0.0,Very robust
Mihigo — Rutana,7,611.7732292929105,733.8763442683903,59.22182813008487,59.22182813008487,59.22182813008487,C — secondaire,0.0,0.0,Very robust
Mihigo — Ruyigi,7,1179.7935182580006,1377.3755326820003,64.3545042973777,64.3545042973777,64.3545042973777,C — secondaire,0.0,0.0,Very robust
Mihigo — Rwibaga,7,545.7420747004577,647.4197420144817,71.92510165725747,71.92510165725747,71.92510165725747,B — prioritaire,0.0,0.0,Very robust
Mihigo — Twinkwavu,7,370.0248636199842,458.18762583713584,62.683365904329946,62.683365904329946,62.683365904329946,C — secondaire,0.0,0.0,Very robust
Mihigo — Wimpfizi,7,622.9971494396577,737.7469531884245,59.854633048891465,59.854633048891465,59.854633048891465,C — secondaire,0.0,0.0,Very robust
Mishiha — Muhanga,7,73.88846289118504,116.29048123907917,57.45467767791551,57.45467767791551,57.45467767791551,C — secondaire,0.0,0.0,Very robust
Mishiha — Mukenke,7,483.4029779409249,577.7920308318251,80.15960965796916,80.15960965796914,80.15960965796916,B — prioritaire,1.0,50.0,Very robust
Mishiha — Muramvya,7,299.0646427447457,382.7469800334625,54.04530553355639,54.04530553355638,54.04530553355639,C — secondaire,0.0,0.0,Very robust
Mishiha — Musenyi,7,415.9513945693079,527.6205242439893,61.65821459689585,61.65821459689585,61.65821459689585,C — secondaire,0.0,0.0,Very robust
Mishiha — Mutaho,7,292.9753833932118,367.07103373994806,54.6029191037085,54.60291910370851,54.6029191037085,C — secondaire,0.0,0.0,Very robust
Mishiha — Muyange,7,263.41441880927607,353.8380212039755,61.19302720073386,61.19302720073386,61.19302720073386,C — secondaire,0.0,0.0,Very robust
Mishiha — Muyinga,7,166.38995448169828,207.00389906358504,67.25037751655822,67.25037751655822,67.25037751655822,C — secondaire,1.0,16.666666666666668,Very robust
Mishiha — Muzinda,7,147.1298432253876,218.33150109659456,60.87417994370941,60.87417994370941,60.87417994370941,C — secondaire,0.0,0.0,Very robust
Mishiha — Mwakiro,7,444.454874468095,527.796552200612,67.94028701597205,67.94028701597205,67.94028701597205,C — secondaire,0.0,0.0,Very robust
Mishiha — Mwaro,7,104.91397600742512,157.53692114603953,61.39558380911755,61.39558380911755,61.39558380911755,C — secondaire,0.0,0.0,Very robust
Mishiha — Ngozi,0,-80.99704264902167,-60.78406342100917,35.6023826559355,35.6023826559355,35.6023826559355,D — surveillance,0.0,0.0,Not robust
Mishiha — Nyabihanga,7,212.5907909817748,277.247697849332,62.2091700922673,62.2091700922673,62.2091700922673,C — secondaire,0.0,0.0,Very robust
Mishiha — Nyabikere,7,188.9639879288365,242.04143511235839,54.57497531803053,54.57497531803053,54.57497531803053,C — secondaire,0.0,0.0,Very robust
Mishiha — Nyagasasa,7,296.003836101416,380.77017061489283,66.00943555746194,66.00943555746194,66.00943555746194,C — secondaire,0.0,0.0,Very robust
Mishiha — Rubaho,7,111.76976095447768,158.07264612334762,53.83847957335194,53.83847957335194,53.83847957335194,C — secondaire,0.0,0.0,Very robust
Mishiha — Rugombo,7,719.1836074315993,882.5780246135428,65.65828574378159,65.65828574378159,65.65828574378159,C — secondaire,0.0,0.0,Very robust
Mishiha — Ruhehe,7,343.43722576591773,427.6333464711077,58.594438692412346,58.594438692412346,58.594438692412346,C — secondaire,0.0,0.0,Very robust
Mishiha — Rumonge,7,78.60084832540741,141.6514398537462,60.34181547411578,60.34181547411578,60.34181547411578,C — secondaire,0.0,0.0,Very robust
Mishiha — Rusaka,7,85.3013975911839,138.6350452533646,52.98453052502224,52.98453052502224,52.98453052502224,C — secondaire,0.0,0.0,Very robust
Mishiha — Rutana,7,795.6463786800264,946.2367557200115,63.37591859559754,63.37591859559753,63.37591859559754,C — secondaire,0.0,0.0,Very robust
Mishiha — Ruyigi,7,1047.3339963465232,1217.2650955770816,68.85334540988515,68.85334540988515,68.85334540988515,C — secondaire,0.0,0.0,Very robust
Mishiha — Rwibaga,7,199.83089533573295,271.7745885724568,65.58820422929071,65.58820422929071,65.58820422929071,C — secondaire,0.0,0.0,Very robust
Mishiha — Twinkwavu,7,657.6022116545987,760.0481861376854,98.17068677514658,98.17068677514658,98.17068677514658,A — stratégique,4.0,100.0,Very robust
Mishiha — Wimpfizi,7,158.52469095785403,217.97727183908015,53.733374562695175,53.733374562695175,53.733374562695175,C — secondaire,0.0,0.0,Very robust
Muhanga — Mukenke,7,629.2969806655659,739.0196599995282,68.321418187533,68.321418187533,68.321418187533,C — secondaire,0.0,0.0,Very robust
Muhanga — Muramvya,7,588.513121248494,683.781814535069,68.83682535636643,68.83682535636643,68.83682535636643,C — secondaire,0.0,0.0,Very robust
Muhanga — Musenyi,7,807.0281819605862,942.8759934116798,80.90414741378301,80.90414741378301,80.90414741378301,B — prioritaire,1.0,33.333333333333336,Very robust
Muhanga — Mutaho,7,526.5023840278817,605.5973911548065,73.23421421074076,73.23421421074076,73.23421421074076,B — prioritaire,0.0,0.0,Very robust
Muhanga — Muyange,7,527.4496668633002,647.7817097985571,70.4396385385242,70.4396385385242,70.4396385385242,B — prioritaire,0.0,0.0,Very robust
Muhanga — Muyinga,7,215.13852763548329,262.45067927235,63.3625366225925,63.36253662259249,63.3625366225925,C — secondaire,0.0,0.0,Very robust
Muhanga — Muzinda,7,447.9943538345186,530.8574239290795,72.04032140893075,72.04032140893075,72.04032140893075,B — prioritaire,0.0,0.0,Very robust
Muhanga — Mwakiro,7,343.5216515138276,408.22727836306905,63.91983845571593,63.91983845571593,63.91983845571593,C — secondaire,0.0,0.0,Very robust
Muhanga — Mwaro,7,371.5428952024413,440.80508194390353,67.9926617238219,67.9926617238219,67.9926617238219,C — secondaire,0.0,0.0,Very robust
Muhanga — Ngozi,7,336.10764882773736,388.55537562458585,70.56398659239761,70.56398659239761,70.56398659239761,B — prioritaire,0.0,0.0,Very robust
Muhanga — Nyabihanga,7,320.2624418264561,380.7361739256241,71.9545431429477,71.9545431429477,71.9545431429477,B — prioritaire,0.0,0.0,Very robust
Muhanga — Nyabikere,7,238.901507869612,286.14708251554805,71.74553825255789,71.74553825255789,71.74553825255789,B — prioritaire,0.0,0.0,Very robust
Muhanga — Nyagasasa,7,622.5274835936937,732.0660855401545,68.25593515657707,68.25593515657707,68.25593515657707,C — secondaire,0.0,0.0,Very robust
Muhanga — Rubaho,7,156.5383092969247,209.37310027011048,58.146710059755044,58.146710059755044,58.146710059755044,C — secondaire,0.0,0.0,Very robust
Muhanga — Rugombo,7,1012.0469531446583,1186.584932490568,84.67073131453945,84.67073131453945,84.67073131453945,B — prioritaire,2.0,50.0,Very robust
Muhanga — Ruhehe,7,574.9398571079577,679.1562950462676,68.06804238923542,68.06804238923542,68.06804238923542,C — secondaire,0.0,0.0,Very robust
Muhanga — Rumonge,7,300.7100885517706,378.21588709361595,66.5510812586918,66.5510812586918,66.5510812586918,C — secondaire,0.0,0.0,Very robust
Muhanga — Rusaka,7,375.08196306105344,444.2505427404516,68.04298503480754,68.04298503480754,68.04298503480754,C — secondaire,0.0,0.0,Very robust
Muhanga — Rutana,7,997.1955113590172,1167.9801877252933,64.2175874598562,64.2175874598562,64.2175874598562,C — secondaire,0.0,0.0,Very robust
Muhanga — Ruyigi,7,877.4999445871242,1025.6778488230534,64.45741256182083,64.45741256182083,64.45741256182083,C — secondaire,0.0,0.0,Very robust
Muhanga — Rwibaga,7,403.7241741071875,479.74032547450895,71.96293622813445,71.96293622813445,71.96293622813445,B — prioritaire,0.0,0.0,Very robust
Muhanga — Twinkwavu,7,600.3025921665273,718.4473686427976,63.385413584378306,63.385413584378306,63.385413584378306,C — secondaire,0.0,0.0,Very robust
Muhanga — Wimpfizi,7,275.1874315057646,333.87136807389896,59.41209320788969,59.41209320788969,59.41209320788969,C — secondaire,0.0,0.0,Very robust
Mukenke — Muramvya,7,215.82007516900725,277.24542821528877,58.437449212484886,58.437449212484886,58.437449212484886,C — secondaire,0.0,0.0,Very robust
Mukenke — Musenyi,7,276.3129725731895,355.5408873885097,54.049174486833216,54.049174486833216,54.049174486833216,C — secondaire,0.0,0.0,Very robust
Mukenke — Mutaho,7,258.18124164752777,316.57788651560713,60.21132928767927,60.21132928767927,60.21132928767927,C — secondaire,0.0,0.0,Very robust
Mukenke — Muyange,7,146.41538373336132,227.9299693142978,48.131559064718765,48.131559064718765,48.131559064718765,D — surveillance,0.0,0.0,Very robust
Mukenke — Muyinga,7,600.1685217684028,694.4722210436012,73.0633758617831,73.0633758617831,73.0633758617831,B — prioritaire,0.0,0.0,Very robust
Mukenke — Muzinda,7,514.9900826930881,627.0899891541804,62.80454976836193,62.80454976836193,62.80454976836193,C — secondaire,0.0,0.0,Very robust
Mukenke — Mwakiro,7,814.7107679217908,948.4126022521959,72.80511219885899,72.80511219885899,72.80511219885899,B — prioritaire,0.0,0.0,Very robust
Mukenke — Mwaro,7,360.7994192779314,446.3249085476849,62.74620338364475,62.74620338364475,62.74620338364475,C — secondaire,0.0,0.0,Very robust
Mukenke — Ngozi,7,559.2686311437119,657.278244204448,72.33343818571834,72.33343818571834,72.33343818571834,B — prioritaire,0.0,0.0,Very robust
Mukenke — Nyabihanga,7,604.3567434941959,722.4309109260839,67.46206892237733,67.46206892237733,67.46206892237733,C — secondaire,0.0,0.0,Very robust
Mukenke — Nyabikere,7,800.4897983590272,936.7933118681545,72.4659382471961,72.4659382471961,72.4659382471961,B — prioritaire,0.0,0.0,Very robust
Mukenke — Nyagasasa,7,426.4316793719223,526.1780437308238,62.59011076638421,62.59011076638421,62.59011076638421,C — secondaire,0.0,0.0,Very robust
Mukenke — Rubaho,7,449.6918510173175,557.8644375788504,66.32367026419092,66.32367026419092,66.32367026419092,C — secondaire,0.0,0.0,Very robust
Mukenke — Rugombo,7,429.7516827488652,538.1287908923707,53.99643653227578,53.99643653227578,53.99643653227578,C — secondaire,0.0,0.0,Very robust
Mukenke — Ruhehe,7,177.6846714213038,215.55901975198734,63.423315358596625,63.42331535859663,63.423315358596625,C — secondaire,0.0,0.0,Very robust
Mukenke — Rumonge,7,222.82581415179345,307.00337235076864,57.05024575540517,57.05024575540517,57.05024575540517,C — secondaire,0.0,0.0,Very robust
Mukenke — Rusaka,7,445.0798412158973,542.8496850925275,66.97282234707123,66.97282234707123,66.97282234707123,C — secondaire,0.0,0.0,Very robust
Mukenke — Rutana,7,580.826828229078,707.7462758124619,66.58506522762583,66.58506522762583,66.58506522762583,C — secondaire,0.0,0.0,Very robust
Mukenke — Ruyigi,7,1238.428347700637,1448.5176618717016,68.14572368174557,68.14572368174557,68.14572368174557,C — secondaire,0.0,0.0,Very robust
Mukenke — Rwibaga,7,610.7060522620313,734.8926106837276,55.041870837973335,55.04187083797334,55.041870837973335,C — secondaire,0.0,0.0,Very robust
Mukenke — Twinkwavu,7,381.34030569173376,461.6897167250285,67.37183413228746,67.37183413228746,67.37183413228746,C — secondaire,0.0,0.0,Very robust
Mukenke — Wimpfizi,7,657.4961491089118,787.5162893323908,67.2536794137494,67.2536794137494,67.2536794137494,C — secondaire,0.0,0.0,Very robust
Muramvya — Musenyi,7,336.8545426899224,397.11269486710944,64.13076368320611,64.13076368320611,64.13076368320611,C — secondaire,0.0,0.0,Very robust
Muramvya — Mutaho,7,206.0985668548128,244.6215226520626,71.84614918335184,71.84614918335184,71.84614918335184,B — prioritaire,0.0,0.0,Very robust
Muramvya — Muyange,7,470.2044759001418,575.3906776714894,58.72036290723571,58.72036290723571,58.72036290723571,C — secondaire,0.0,0.0,Very robust
Muramvya — Muyinga,7,478.4727682701259,572.9207798300539,63.57190834242988,63.57190834242988,63.57190834242988,C — secondaire,0.0,0.0,Very robust
Muramvya — Muzinda,7,726.0871331077384,839.3776104747448,85.99300352994888,85.99300352994888,85.99300352994888,A — stratégique,2.0,83.33333333333333,Very robust
Muramvya — Mwakiro,7,845.0845905501579,988.9166388072106,68.42102206934656,68.42102206934656,68.42102206934656,C — secondaire,0.0,0.0,Very robust
Muramvya — Mwaro,7,387.44904647774695,452.65795334760566,72.48654137078137,72.48654137078137,72.48654137078137,B — prioritaire,0.0,0.0,Very robust
Muramvya — Ngozi,7,476.1897005852165,559.5223845365214,68.32249241112915,68.32249241112915,68.32249241112915,C — secondaire,0.0,0.0,Very robust
Muramvya — Nyabihanga,7,750.8297735126188,869.5000640768367,69.09553189099915,69.09553189099915,69.09553189099915,C — secondaire,0.0,0.0,Very robust
Muramvya — Nyabikere,7,803.9101561584594,936.0946837821969,64.73845339318868,64.73845339318868,64.73845339318868,C — secondaire,0.0,0.0,Very robust
Muramvya — Nyagasasa,7,393.9076914466759,460.52360290571806,68.44743765736982,68.44743765736982,68.44743765736982,C — secondaire,0.0,0.0,Very robust
Muramvya — Rubaho,7,414.82724938912514,503.21678202391075,67.24106246453017,67.24106246453017,67.24106246453017,C — secondaire,0.0,0.0,Very robust
Muramvya — Rugombo,7,652.0555456186335,771.2162549794144,59.88639805425352,59.88639805425352,59.88639805425352,C — secondaire,0.0,0.0,Very robust
Muramvya — Ruhehe,7,269.9053265494557,341.5837005211952,58.48900762306109,58.48900762306109,58.48900762306109,C — secondaire,0.0,0.0,Very robust
Muramvya — Rumonge,7,535.0489420868868,637.1756297515229,71.7691112407507,71.7691112407507,71.7691112407507,B — prioritaire,0.0,0.0,Very robust
Muramvya — Rusaka,7,444.6700113362437,514.0789631123583,66.31017217059201,66.31017217059201,66.31017217059201,C — secondaire,0.0,0.0,Very robust
Muramvya — Rutana,7,521.5742112446372,622.4112019619873,59.62346631401466,59.62346631401466,59.62346631401466,C — secondaire,0.0,0.0,Very robust
Muramvya — Ruyigi,7,1287.2117117211135,1493.6310041661914,72.95503758324048,72.95503758324048,72.95503758324048,B — prioritaire,0.0,0.0,Very robust
Muramvya — Rwibaga,7,652.2067819601697,753.4577285543583,73.19044485418516,73.19044485418515,73.19044485418516,B — prioritaire,0.0,0.0,Very robust
Muramvya — Twinkwavu,7,297.4180282825181,376.82264040679314,62.35817578738897,62.35817578738897,62.35817578738897,C — secondaire,0.0,0.0,Very robust
Muramvya — Wimpfizi,7,746.6396144598651,867.2921516256563,68.91166691164528,68.91166691164528,68.91166691164528,C — secondaire,0.0,0.0,Very robust
Musenyi — Mutaho,7,476.5464882605312,565.3607272545133,71.98064999225784,71.98064999225784,71.98064999225784,B — prioritaire,0.0,0.0,Very robust
Musenyi — Muyange,7,137.6508118814854,194.31741766349393,49.57622181408203,49.57622181408203,49.57622181408203,D — surveillance,0.0,0.0,Very robust
Musenyi — Muyinga,7,389.53265778907337,482.15923505246013,62.62277463910504,62.62277463910504,62.62277463910504,C — secondaire,0.0,0.0,Very robust
Musenyi — Muzinda,7,609.1055800171964,698.7705142930843,73.48405535422,73.48405535422,73.48405535422,B — prioritaire,0.0,0.0,Very robust
Musenyi — Mwakiro,7,681.3181119558765,813.4108148382329,63.358121585959374,63.358121585959374,63.358121585959374,C — secondaire,0.0,0.0,Very robust
Musenyi — Mwaro,7,342.1031790786837,409.78784503372157,67.72873155050905,67.72873155050905,67.72873155050905,C — secondaire,0.0,0.0,Very robust
Musenyi — Ngozi,7,543.4282515141061,642.7038440774742,68.03659571824687,68.03659571824687,68.03659571824687,C — secondaire,0.0,0.0,Very robust
Musenyi — Nyabihanga,7,734.1468038263644,860.657176211299,68.36706506803017,68.36706506803017,68.36706506803017,C — secondaire,0.0,0.0,Very robust
Musenyi — Nyabikere,7,776.3676775641777,916.2734312417905,71.9462882684962,71.9462882684962,71.9462882684962,B — prioritaire,0.0,0.0,Very robust
Musenyi — Nyagasasa,7,293.2584525876923,352.861875109011,67.63819612351651,67.63819612351651,67.63819612351651,C — secondaire,0.0,0.0,Very robust
Musenyi — Rubaho,7,427.5556906792767,528.2632737196901,66.5636888847478,66.5636888847478,66.5636888847478,C — secondaire,0.0,0.0,Very robust
Musenyi — Rugombo,7,517.8300931829933,605.7825282212827,60.455047520081635,60.455047520081635,60.455047520081635,C — secondaire,0.0,0.0,Very robust
Musenyi — Ruhehe,7,257.3630260226946,334.7733042954406,53.92321419960371,53.92321419960371,53.92321419960371,C — secondaire,0.0,0.0,Very robust
Musenyi — Rumonge,7,448.8838473814917,536.2636974492108,63.69596427370567,63.69596427370567,63.69596427370567,C — secondaire,0.0,0.0,Very robust
Musenyi — Rusaka,7,408.6224159400139,481.75026740286324,68.19202011983705,68.19202011983705,68.19202011983705,C — secondaire,0.0,0.0,Very robust
Musenyi — Rutana,7,624.6922559866349,749.2569674228434,63.226878435735024,63.226878435735024,63.226878435735024,C — secondaire,0.0,0.0,Very robust
Musenyi — Ruyigi,7,945.0231116177628,1114.4077958361843,63.73888083132328,63.73888083132328,63.73888083132328,C — secondaire,0.0,0.0,Very robust
Musenyi — Rwibaga,7,518.5918214597374,605.8013183398874,68.56452215397786,68.56452215397786,68.56452215397786,C — secondaire,0.0,0.0,Very robust
Musenyi — Twinkwavu,0,-78.93377182083259,-41.44422506607124,38.42325090504054,38.42325090504054,38.42325090504054,D — surveillance,0.0,0.0,Not robust
Musenyi — Wimpfizi,7,773.1432592018633,906.5786028007986,72.35593622519039,72.35593622519039,72.35593622519039,B — prioritaire,0.0,0.0,Very robust
Mutaho — Muyange,7,538.3248828354189,656.3301472151795,70.7253261372121,70.7253261372121,70.7253261372121,B — prioritaire,0.0,0.0,Very robust
Mutaho — Muyinga,7,521.4236169674657,613.1602547003424,64.2654578052063,64.2654578052063,64.2654578052063,C — secondaire,0.0,0.0,Very robust
Mutaho — Muzinda,7,774.805367335455,903.7964437151951,72.68090063506722,72.68090063506722,72.68090063506722,B — prioritaire,0.0,0.0,Very robust
Mutaho — Mwakiro,7,896.763884640837,1039.5539962746445,73.09448178869665,73.09448178869665,73.09448178869665,B — prioritaire,0.0,0.0,Very robust
Mutaho — Mwaro,7,448.5322836203086,525.4321409801322,68.42427626273,68.42427626273,68.42427626273,C — secondaire,0.0,0.0,Very robust
Mutaho — Ngozi,7,520.0186428190108,602.3256212081475,72.93929356519303,72.93929356519303,72.93929356519303,B — prioritaire,0.0,0.0,Very robust
Mutaho — Nyabihanga,7,784.1376577985745,906.998897056532,73.20847885122593,73.20847885122593,73.20847885122593,B — prioritaire,0.0,0.0,Very robust
Mutaho — Nyabikere,7,754.0054957535702,871.023637608673,69.2451907564596,69.2451907564596,69.2451907564596,C — secondaire,0.0,0.0,Very robust
Mutaho — Nyagasasa,7,520.6753924103357,612.7050121758581,72.28670735678332,72.28670735678332,72.28670735678332,B — prioritaire,0.0,0.0,Very robust
Mutaho — Rubaho,7,356.0807252690431,433.5411948295899,59.202118597235554,59.202118597235554,59.202118597235554,C — secondaire,0.0,0.0,Very robust
Mutaho — Rugombo,7,739.8227349082314,879.1582978178134,71.57349091874639,71.57349091874639,71.57349091874639,B — prioritaire,0.0,0.0,Very robust
Mutaho — Ruhehe,7,235.40532180489063,293.17137934495315,62.966137535679145,62.966137535679145,62.966137535679145,C — secondaire,0.0,0.0,Very robust
Mutaho — Rumonge,7,567.3346784941705,679.5688904975016,71.45719413022243,71.45719413022243,71.45719413022243,B — prioritaire,0.0,0.0,Very robust
Mutaho — Rusaka,7,406.2559313771704,476.9658923045016,72.35028962145225,72.35028962145225,72.35028962145225,B — prioritaire,0.0,0.0,Very robust
Mutaho — Rutana,7,651.4035273311356,768.9089679990582,68.04241606057997,68.04241606057997,68.04241606057997,C — secondaire,0.0,0.0,Very robust
Mutaho — Ruyigi,7,1383.7079620837749,1600.3209163216177,69.26179507872692,69.26179507872692,69.26179507872692,C — secondaire,0.0,0.0,Very robust
Mutaho — Rwibaga,7,780.115743947837,906.9900765490731,77.05329461299166,77.05329461299166,77.05329461299166,B — prioritaire,1.0,16.666666666666668,Very robust
Mutaho — Twinkwavu,7,368.3335111440207,453.7353482045801,70.89762938948667,70.89762938948667,70.89762938948667,B — prioritaire,0.0,0.0,Very robust
Mutaho — Wimpfizi,7,752.729847477883,875.7537483476641,72.8424322956664,72.8424322956664,72.8424322956664,B — prioritaire,0.0,0.0,Very robust
Muyange — Muyinga,7,190.6640723863941,271.08754187988313,60.888871712763965,60.888871712763965,60.888871712763965,C — secondaire,0.0,0.0,Very robust
Muyange — Muzinda,7,232.792202299301,300.4781046997003,54.23547412247981,54.23547412247981,54.23547412247981,C — secondaire,0.0,0.0,Very robust
Muyange — Mwakiro,7,414.0927341965333,519.5306940842285,58.031993394827055,58.031993394827055,58.031993394827055,C — secondaire,0.0,0.0,Very robust
Muyange — Mwaro,7,257.98269012713087,323.8974577687701,70.78619887017345,70.78619887017345,70.78619887017345,B — prioritaire,0.0,0.0,Very robust
Muyange — Ngozi,7,189.2526163837736,265.1428181644743,57.138214535943916,57.138214535943916,57.138214535943916,C — secondaire,0.0,0.0,Very robust
Muyange — Nyabihanga,7,432.1382774532577,524.6468991942531,63.1477480393746,63.1477480393746,63.1477480393746,C — secondaire,0.0,0.0,Very robust
Muyange — Nyabikere,7,550.4306389670749,668.2452767001749,70.87948361664348,70.87948361664348,70.87948361664348,B — prioritaire,0.0,0.0,Very robust
Muyange — Nyagasasa,7,348.41518445346617,425.8595319086286,67.15750646703995,67.15750646703995,67.15750646703995,C — secondaire,0.0,0.0,Very robust
Muyange — Rubaho,7,493.3551031720331,586.4334259308713,71.89184295584798,71.89184295584798,71.89184295584798,B — prioritaire,0.0,0.0,Very robust
Muyange — Rugombo,7,336.5424997633944,432.5051921843121,41.62186342836825,41.62186342836825,41.62186342836825,D — surveillance,0.0,0.0,Very robust
Muyange — Ruhehe,7,118.520774553815,199.35412166592087,47.77575361797447,47.77575361797447,47.77575361797447,D — surveillance,0.0,0.0,Very robust
Muyange — Rumonge,7,297.81176449999344,354.1049202142828,63.890457488316095,63.890457488316095,63.890457488316095,C — secondaire,0.0,0.0,Very robust
Muyange — Rusaka,7,212.63350651063828,275.70113336170203,54.262612409967254,54.262612409967254,54.262612409967254,C — secondaire,0.0,0.0,Very robust
Muyange — Rutana,7,898.0935603064147,1043.172424417035,68.92599690452784,68.92599690452784,68.92599690452784,C — secondaire,0.0,0.0,Very robust
Muyange — Ruyigi,7,927.9908699138372,1093.8667336773588,71.84349500869851,71.84349500869851,71.84349500869851,B — prioritaire,0.0,0.0,Very robust
Muyange — Rwibaga,7,451.5966236234573,548.4697686957672,67.11160152968657,67.11160152968657,67.11160152968657,C — secondaire,0.0,0.0,Very robust
Muyange — Twinkwavu,7,105.52260715467816,164.88743506629092,60.993610825841166,60.993610825841166,60.993610825841166,C — secondaire,0.0,0.0,Very robust
Muyange — Wimpfizi,7,526.6267556645232,627.6479198562241,67.7203979996938,67.7203979996938,67.7203979996938,C — secondaire,0.0,0.0,Very robust
Muyinga — Muzinda,7,168.1644296630058,227.47277985557386,61.93150499329168,61.93150499329168,61.93150499329168,C — secondaire,0.0,0.0,Very robust
Muyinga — Mwakiro,7,378.3718370602468,441.3808704543915,68.49560453056043,68.49560453056043,68.49560453056043,C — secondaire,0.0,0.0,Very robust
Muyinga — Mwaro,7,89.42002546195874,130.11381605512523,57.82604324753103,57.826043247531025,57.82604324753103,C — secondaire,0.0,0.0,Very robust
Muyinga — Ngozi,7,114.52892804080896,146.94923344606096,55.273637096089026,55.273637096089026,55.273637096089026,C — secondaire,0.0,0.0,Very robust
Muyinga — Nyabihanga,7,320.17885654446206,391.1195528047695,59.184603687625,59.184603687625,59.184603687625,C — secondaire,0.0,0.0,Very robust
Muyinga — Nyabikere,7,302.79732652758776,360.0738510832519,71.94048516742109,71.94048516742109,71.94048516742109,B — prioritaire,0.0,0.0,Very robust
Muyinga — Nyagasasa,7,338.54668555594964,419.6748369525499,62.76318918504375,62.76318918504375,62.76318918504375,C — secondaire,0.0,0.0,Very robust
Muyinga — Rubaho,7,55.011627558090936,98.31379152489613,57.05774658103,57.05774658103,57.05774658103,C — secondaire,0.0,0.0,Very robust
Muyinga — Rugombo,7,637.4343796459623,773.4253801339837,62.589537314395606,62.589537314395606,62.589537314395606,C — secondaire,0.0,0.0,Very robust
Muyinga — Ruhehe,7,433.12919937895504,513.8396574481237,55.90571953605259,55.90571953605259,55.90571953605259,C — secondaire,0.0,0.0,Very robust
Muyinga — Rumonge,6,-23.131179664179346,19.846451286780344,51.21810284609733,51.21810284609733,51.21810284609733,C — secondaire,0.0,0.0,Robust
Muyinga — Rusaka,7,206.72589269699608,265.2529385844269,58.49946358612689,58.499463586126886,58.49946358612689,C — secondaire,0.0,0.0,Very robust
Muyinga — Rutana,7,717.4099168821111,856.4288769494761,47.1917595214517,47.19175952145171,47.1917595214517,D — surveillance,0.0,0.0,Very robust
Muyinga — Ruyigi,7,796.3049257659428,934.7462173282613,68.246472575839,68.246472575839,68.246472575839,C — secondaire,0.0,0.0,Very robust
Muyinga — Rwibaga,7,204.29450374312995,265.2300356041984,58.31065144332989,58.31065144332989,58.31065144332989,C — secondaire,0.0,0.0,Very robust
Muyinga — Twinkwavu,7,425.6440837570403,503.83507218158894,84.72618509719676,84.72618509719676,84.72618509719676,B — prioritaire,1.0,66.66666666666667,Very robust
Muyinga — Wimpfizi,7,262.9872152947434,329.58532998346146,46.65733566725636,46.65733566725636,46.65733566725636,D — surveillance,0.0,0.0,Very robust
Muzinda — Mwakiro,7,471.5561925553327,571.2513328094284,71.18382287606846,71.18382287606846,71.18382287606846,B — prioritaire,0.0,0.0,Very robust
Muzinda — Mwaro,7,378.89736949649983,449.26601778421417,72.03514718168034,72.03514718168034,72.03514718168034,B — prioritaire,0.0,0.0,Very robust
Muzinda — Ngozi,7,275.44373317124086,337.766908216246,67.2265811175632,67.2265811175632,67.2265811175632,C — secondaire,0.0,0.0,Very robust
Muzinda — Nyabihanga,7,365.23379424418056,436.4699775332204,67.78211299285051,67.78211299285051,67.78211299285051,C — secondaire,0.0,0.0,Very robust
Muzinda — Nyabikere,7,422.183358163634,509.0597777844146,67.43232126873914,67.43232126873914,67.43232126873914,C — secondaire,0.0,0.0,Very robust
Muzinda — Nyagasasa,7,506.29104453004106,593.755363655732,68.40138437221808,68.40138437221808,68.40138437221808,C — secondaire,0.0,0.0,Very robust
Muzinda — Rubaho,7,355.74028109709263,443.61618932732546,62.52616560799608,62.52616560799608,62.52616560799608,C — secondaire,0.0,0.0,Very robust
Muzinda — Rugombo,7,955.0233829459072,1107.978988691103,69.0126260623505,69.0126260623505,69.0126260623505,C — secondaire,0.0,0.0,Very robust
Muzinda — Ruhehe,7,494.4105606600126,605.8295971400054,66.6336526595723,66.6336526595723,66.6336526595723,C — secondaire,0.0,0.0,Very robust
Muzinda — Rumonge,7,356.4588377993077,428.0627844854175,63.62293580532686,63.62293580532686,63.62293580532686,C — secondaire,0.0,0.0,Very robust
Muzinda — Rusaka,7,495.64060635782977,578.6272972962128,64.55333424098538,64.55333424098538,64.55333424098538,C — secondaire,0.0,0.0,Very robust
Muzinda — Rutana,7,926.4992464044512,1091.6069116019078,67.85517758150422,67.85517758150422,67.85517758150422,C — secondaire,0.0,0.0,Very robust
Muzinda — Ruyigi,7,758.5533020355791,898.7271114438199,71.72714254984854,71.72714254984854,71.72714254984854,B — prioritaire,0.0,0.0,Very robust
Muzinda — Rwibaga,7,340.746013402086,399.97663545803687,68.27346081495884,68.27346081495884,68.27346081495884,C — secondaire,0.0,0.0,Very robust
Muzinda — Twinkwavu,7,285.9132185969837,372.9514333987073,49.63022560275111,49.63022560275111,49.63022560275111,D — surveillance,0.0,0.0,Very robust
Muzinda — Wimpfizi,7,346.7726496196792,416.7255755512911,67.63652681494274,67.63652681494274,67.63652681494274,C — secondaire,0.0,0.0,Very robust
Mwakiro — Mwaro,7,418.83910518942014,500.9335122240374,63.8305263219673,63.8305263219673,63.8305263219673,C — secondaire,1.0,16.666666666666668,Very robust
Mwakiro — Ngozi,7,408.2028580024296,483.61073171532695,68.03371484324063,68.03371484324063,68.03371484324063,C — secondaire,0.0,0.0,Very robust
Mwakiro — Nyabihanga,7,269.2679186392375,326.64657313110183,67.46950450042746,67.46950450042746,67.46950450042746,C — secondaire,0.0,0.0,Very robust
Mwakiro — Nyabikere,7,294.92198986225947,344.1695762266827,72.36583820348578,72.36583820348578,72.36583820348578,B — prioritaire,0.0,0.0,Very robust
Mwakiro — Nyagasasa,7,716.7545652834109,846.2531616928906,59.9142820954546,59.9142820954546,59.9142820954546,C — secondaire,0.0,0.0,Very robust
Mwakiro — Rubaho,7,392.3880737554472,479.39310789519175,63.035680128654064,63.035680128654064,63.035680128654064,C — secondaire,0.0,0.0,Very robust
Mwakiro — Rugombo,7,770.9857357275105,926.5238802641712,50.79390089570738,50.79390089570738,50.79390089570738,C — secondaire,0.0,0.0,Very robust
Mwakiro — Ruhehe,7,710.057784150389,836.0098157787381,68.13209802884779,68.13209802884779,68.13209802884779,C — secondaire,0.0,0.0,Very robust
Mwakiro — Rumonge,7,227.1134985387492,300.1811173737496,57.833495941732586,57.833495941732586,57.833495941732586,C — secondaire,0.0,0.0,Very robust
Mwakiro — Rusaka,7,489.5218558240721,583.9413744960309,63.705309384879996,63.70530938487999,63.705309384879996,C — secondaire,0.0,0.0,Very robust
Mwakiro — Rutana,7,1099.0273786922503,1285.6592291538216,60.20994495889989,60.20994495889989,60.20994495889989,C — secondaire,0.0,0.0,Very robust
Mwakiro — Ruyigi,7,717.2738787361286,842.1781488869123,68.28611571257099,68.28611571257099,68.28611571257099,C — secondaire,0.0,0.0,Very robust
Mwakiro — Rwibaga,7,426.2664668702062,514.4053286586599,67.39668026046505,67.39668026046505,67.39668026046505,C — secondaire,0.0,0.0,Very robust
Mwakiro — Twinkwavu,7,683.4466037434371,801.4706967471875,68.3735701792465,68.3735701792465,68.3735701792465,C — secondaire,0.0,0.0,Very robust
Mwakiro — Wimpfizi,7,218.3006771048825,271.6111107592354,54.97064164283221,54.97064164283221,54.97064164283221,C — secondaire,0.0,0.0,Very robust
Mwaro — Ngozi,7,165.5109142624463,209.4783389696199,66.8858409524677,66.8858409524677,66.8858409524677,C — secondaire,0.0,0.0,Very robust
Mwaro — Nyabihanga,7,440.86267016583633,507.4269474996442,73.05257654767144,73.05257654767144,73.05257654767144,B — prioritaire,0.0,0.0,Very robust
Mwaro — Nyabikere,7,518.5578099599612,607.7975805542692,72.45122276493004,72.45122276493004,72.45122276493004,B — prioritaire,0.0,0.0,Very robust
Mwaro — Nyagasasa,7,333.5840000625553,386.19199602680936,81.12102679536682,81.12102679536682,81.12102679536682,B — prioritaire,1.0,50.0,Very robust
Mwaro — Rubaho,7,212.7821045105075,264.15115279021757,71.11911238177291,71.11911238177291,71.11911238177291,B — prioritaire,0.0,0.0,Very robust
Mwaro — Rugombo,7,734.4975164139161,870.2357070345354,59.6859718446449,59.6859718446449,59.6859718446449,C — secondaire,0.0,0.0,Very robust
Mwaro — Ruhehe,7,272.38303797445053,348.187470846193,58.24934717055231,58.24934717055231,58.24934717055231,C — secondaire,0.0,0.0,Very robust
Mwaro — Rumonge,7,229.7557348424264,281.0488675038971,67.33351612267057,67.33351612267057,67.33351612267057,C — secondaire,0.0,0.0,Very robust
Mwaro — Rusaka,7,191.08867527973095,222.48945140559883,68.05281870057354,68.05281870057354,68.05281870057354,C — secondaire,0.0,0.0,Very robust
Mwaro — Rutana,7,770.1826713423983,896.8751337181708,60.71209030925019,60.71209030925019,60.71209030925019,C — secondaire,0.0,0.0,Very robust
Mwaro — Ruyigi,7,913.4152784428496,1061.434202189793,60.84296847030348,60.84296847030348,60.84296847030348,C — secondaire,0.0,0.0,Very robust
Mwaro — Rwibaga,7,377.0133066406682,436.8132665602865,85.21788671402362,85.21788671402362,85.21788671402362,A — stratégique,2.0,50.0,Very robust
Mwaro — Twinkwavu,7,246.09519500425415,313.16709557325186,58.61968802433637,58.61968802433637,58.61968802433637,C — secondaire,1.0,16.666666666666668,Very robust
Mwaro — Wimpfizi,7,522.7504730330941,601.758824728469,73.19559060072932,73.19559060072932,73.19559060072932,B — prioritaire,0.0,0.0,Very robust
Ngozi — Nyabihanga,7,317.68870061758525,381.9329754075365,67.42190292494138,67.42190292494138,67.42190292494138,C — secondaire,0.0,0.0,Very robust
Ngozi — Nyabikere,7,328.85704172770374,390.85572823250794,65.3661930868295,65.3661930868295,65.3661930868295,C — secondaire,0.0,0.0,Very robust
Ngozi — Nyagasasa,7,328.6523026536987,400.34711399444234,59.24198612380429,59.24198612380429,59.24198612380429,C — secondaire,0.0,0.0,Very robust
Ngozi — Rubaho,7,65.44365881739822,109.13695149317068,49.178836656296184,49.178836656296184,49.178836656296184,D — surveillance,0.0,0.0,Very robust
Ngozi — Rugombo,7,846.4669601652491,996.2631746422496,72.04944176586817,72.04944176586817,72.04944176586817,B — prioritaire,0.0,0.0,Very robust
Ngozi — Ruhehe,7,374.8682140998784,448.29379489994795,55.68059072220646,55.68059072220645,55.68059072220646,C — secondaire,0.0,0.0,Very robust
Ngozi — Rumonge,7,83.26050913630806,133.84045991556056,61.16432602761918,61.16432602761919,61.16432602761918,C — secondaire,0.0,0.0,Very robust
Ngozi — Rusaka,7,192.4659821210585,239.68494262331075,67.07307223719343,67.07307223719343,67.07307223719343,C — secondaire,0.0,0.0,Very robust
Ngozi — Rutana,7,728.0272608794908,864.2313532340676,55.55569047693873,55.55569047693873,55.55569047693873,C — secondaire,0.0,0.0,Very robust
Ngozi — Ruyigi,7,956.4119182995266,1119.0469438426544,64.33245192571046,64.33245192571046,64.33245192571046,C — secondaire,0.0,0.0,Very robust
Ngozi — Rwibaga,7,288.9929931671925,352.75735392879676,67.30862079961801,67.30862079961801,67.30862079961801,C — secondaire,0.0,0.0,Very robust
Ngozi — Twinkwavu,7,439.1130851017877,534.1682510436234,63.05972091229289,63.05972091229289,63.05972091229289,C — secondaire,0.0,0.0,Very robust
Ngozi — Wimpfizi,7,153.09408877236132,198.47433947386907,46.48691134954943,46.48691134954943,46.48691134954943,D — surveillance,0.0,0.0,Very robust
Nyabihanga — Nyabikere,7,431.48573452089,504.9381970168893,70.34967327566494,70.34967327566494,70.34967327566494,B — prioritaire,0.0,0.0,Very robust
Nyabihanga — Nyagasasa,7,670.2709302598273,774.4526541113547,77.36396828583669,77.36396828583669,77.36396828583669,B — prioritaire,1.0,16.666666666666668,Very robust
Nyabihanga — Rubaho,7,512.7741441232805,605.1741977671202,60.093118940987935,60.093118940987935,60.093118940987935,C — secondaire,0.0,0.0,Very robust
Nyabihanga — Rugombo,7,960.4890177391492,1131.7123058882069,55.73234296220329,55.73234296220329,55.73234296220329,C — secondaire,0.0,0.0,Very robust
Nyabihanga — Ruhehe,7,483.0523621907152,586.7071875103064,58.97680430449574,58.97680430449574,58.97680430449574,C — secondaire,0.0,0.0,Very robust
Nyabihanga — Rumonge,7,373.6090650396982,448.9282684455849,63.588241306215544,63.588241306215544,63.588241306215544,C — secondaire,0.0,0.0,Very robust
Nyabihanga — Rusaka,7,494.2571878863505,571.7443945227217,64.9093756606347,64.9093756606347,64.9093756606347,C — secondaire,0.0,0.0,Very robust
Nyabihanga — Rutana,7,1037.295413812545,1201.9458956339477,61.05949295035862,61.05949295035862,61.05949295035862,C — secondaire,0.0,0.0,Very robust
Nyabihanga — Ruyigi,7,924.7816934171992,1071.0759503216566,85.94688466941318,85.94688466941318,85.94688466941318,A — stratégique,1.0,83.33333333333333,Very robust
Nyabihanga — Rwibaga,7,483.00800796590136,561.1506654139579,97.78038084192012,97.78038084192012,97.78038084192012,A — stratégique,2.0,100.0,Very robust
Nyabihanga — Twinkwavu,7,681.141608454072,807.0145564803167,67.9500116935593,67.9500116935593,67.9500116935593,C — secondaire,1.0,16.666666666666668,Very robust
Nyabihanga — Wimpfizi,7,159.48912178873462,187.2590936237434,92.79830640040765,92.79830640040765,92.79830640040765,A — stratégique,1.0,100.0,Very robust
Nyabikere — Nyagasasa,7,713.388470053952,835.3060300231224,89.28062760293771,89.28062760293771,89.28062760293771,A — stratégique,2.0,83.33333333333333,Very robust
Nyabikere — Rubaho,7,243.5947785259886,302.24346193970945,58.99421628864792,58.99421628864792,58.99421628864792,C — secondaire,0.0,0.0,Very robust
Nyabikere — Rugombo,7,832.7726579332641,994.4888348285419,71.07291824760372,71.07291824760372,71.07291824760372,B — prioritaire,0.0,0.0,Very robust
Nyabikere — Ruhehe,7,659.8007355172174,780.2414243645217,71.96234840379672,71.96234840379672,71.96234840379672,B — prioritaire,0.0,0.0,Very robust
Nyabikere — Rumonge,7,320.28180330929064,399.55901427541033,66.68186533196686,66.68186533196686,66.68186533196686,C — secondaire,0.0,0.0,Very robust
Nyabikere — Rusaka,7,569.3957605946133,668.1256713976915,97.40271004697635,97.40271004697635,97.40271004697635,A — stratégique,1.0,100.0,Very robust
Nyabikere — Rutana,7,1120.5092834627917,1303.109811769768,68.77497149475926,68.77497149475926,68.77497149475926,C — secondaire,0.0,0.0,Very robust
Nyabikere — Ruyigi,7,846.11098350667,982.3203886457159,72.98394370897913,72.98394370897913,72.98394370897913,B — prioritaire,0.0,0.0,Very robust
Nyabikere — Rwibaga,7,458.4427716407475,544.0780827031775,67.95384109389244,67.95384109389244,67.95384109389244,C — secondaire,0.0,0.0,Very robust
Nyabikere — Twinkwavu,7,657.3045172041789,777.8284939446484,71.92805070878765,71.92805070878765,71.92805070878765,B — prioritaire,0.0,0.0,Very robust
Nyabikere — Wimpfizi,7,281.94258187542385,337.2445505180387,67.77286320297458,67.77286320297458,67.77286320297458,C — secondaire,0.0,0.0,Very robust
Nyagasasa — Rubaho,7,349.6070415808553,423.2900863917952,63.39842486463419,63.39842486463419,63.39842486463419,C — secondaire,0.0,0.0,Very robust
Nyagasasa — Rugombo,7,790.0528489432394,932.4751915471024,55.82664730740976,55.82664730740976,55.82664730740976,C — secondaire,0.0,0.0,Very robust
Nyagasasa — Ruhehe,7,303.7944980684413,388.93112031504614,54.00868830076616,54.00868830076616,54.00868830076616,C — secondaire,0.0,0.0,Very robust
Nyagasasa — Rumonge,7,432.6724506402107,509.8305411315188,64.18956150189383,64.18956150189383,64.18956150189383,C — secondaire,0.0,0.0,Very robust
Nyagasasa — Rusaka,7,372.27752053264027,430.4806856568458,72.76505169451747,72.76505169451747,72.76505169451747,B — prioritaire,0.0,0.0,Very robust
Nyagasasa — Rutana,7,791.1519621728969,922.7446326455271,64.6357698735178,64.6357698735178,64.6357698735178,C — secondaire,0.0,0.0,Very robust
Nyagasasa — Ruyigi,7,1005.3419385368404,1171.3380802300746,68.66444158034798,68.66444158034798,68.66444158034798,C — secondaire,0.0,0.0,Very robust
Nyagasasa — Rwibaga,7,339.01183916999173,392.13069392999654,72.68170447672694,72.68170447672694,72.68170447672694,B — prioritaire,0.0,0.0,Very robust
Nyagasasa — Twinkwavu,7,301.4410550982451,381.26434504210505,62.38168013846218,62.38168013846218,62.38168013846218,C — secondaire,0.0,0.0,Very robust
Nyagasasa — Wimpfizi,7,659.8998326123547,761.8923642624378,69.20317612699992,69.20317612699992,69.20317612699992,C — secondaire,0.0,0.0,Very robust
Rubaho — Rugombo,7,603.3654543993965,741.156315314027,62.07549570901246,62.07549570901246,62.07549570901246,C — secondaire,0.0,0.0,Very robust
Rubaho — Ruhehe,7,300.9438169874392,393.3276835660454,53.490587730069294,53.490587730069294,53.490587730069294,C — secondaire,0.0,0.0,Very robust
Rubaho — Rumonge,7,190.84008873974807,245.76274460274922,70.58371780934888,70.58371780934888,70.58371780934888,B — prioritaire,0.0,0.0,Very robust
Rubaho — Rusaka,7,166.09967473926278,214.7031777453983,62.57847170639172,62.57847170639172,62.57847170639172,C — secondaire,0.0,0.0,Very robust
Rubaho — Rutana,7,991.9557537236378,1142.6585704529878,98.60207517743135,98.60207517743136,98.60207517743135,A — stratégique,2.0,100.0,Very robust
Rubaho — Ruyigi,7,1065.4682870222402,1229.2264427238172,69.48099402588534,69.48099402588534,69.48099402588534,C — secondaire,0.0,0.0,Very robust
Rubaho — Rwibaga,7,339.70844462614843,414.96496055406345,63.169318179263634,63.169318179263634,63.169318179263634,C — secondaire,0.0,0.0,Very robust
Rubaho — Twinkwavu,7,440.5867492998796,525.3606885570915,63.7718949513387,63.7718949513387,63.7718949513387,C — secondaire,0.0,0.0,Very robust
Rubaho — Wimpfizi,7,478.21403147741336,563.1722137760341,68.2366933150285,68.2366933150285,68.2366933150285,C — secondaire,0.0,0.0,Very robust
Rugombo — Ruhehe,7,512.9009361983702,634.0460077993015,58.13900230378326,58.13900230378325,58.13900230378326,C — secondaire,0.0,0.0,Very robust
Rugombo — Rumonge,7,609.6619352634006,730.8930719700287,55.23219739223416,55.23219739223416,55.23219739223416,C — secondaire,0.0,0.0,Very robust
Rugombo — Rusaka,7,741.1835242334603,874.4337212429116,55.907868392839696,55.907868392839696,55.907868392839696,C — secondaire,0.0,0.0,Very robust
Rugombo — Rutana,7,372.9020197067551,473.4642947314665,57.86089141691099,57.86089141691099,57.86089141691099,C — secondaire,0.0,0.0,Very robust
Rugombo — Ruyigi,7,1206.8708075444058,1427.4421958047456,59.02330777048095,59.02330777048095,59.02330777048095,C — secondaire,0.0,0.0,Very robust
Rugombo — Rwibaga,7,969.9510178152844,1133.488691920836,60.3945108681936,60.3945108681936,60.3945108681936,C — secondaire,0.0,0.0,Very robust
Rugombo — Twinkwavu,7,179.48093670694055,266.31571201726007,40.19611064897939,40.19611064897939,40.19611064897939,D — surveillance,0.0,0.0,Very robust
Rugombo — Wimpfizi,7,1000.151422921983,1177.9841015379927,63.76125646511811,63.76125646511811,63.76125646511811,C — secondaire,0.0,0.0,Very robust
Ruhehe — Rumonge,7,222.68783284831267,309.7555346492769,56.85906436344554,56.85906436344554,56.85906436344554,C — secondaire,0.0,0.0,Very robust
Ruhehe — Rusaka,7,344.3268547065936,430.3265303028258,54.459990071072944,54.459990071072944,54.459990071072944,C — secondaire,0.0,0.0,Very robust
Ruhehe — Rutana,7,516.9322190495317,638.0275710212279,50.13959634756087,50.13959634756087,50.13959634756087,C — secondaire,0.0,0.0,Very robust
Ruhehe — Ruyigi,7,1175.6435595705173,1384.4942061016502,59.50011354129843,59.50011354129843,59.50011354129843,C — secondaire,0.0,0.0,Very robust
Ruhehe — Rwibaga,7,620.3898657527275,748.5829416083117,62.92880796387346,62.92880796387346,62.92880796387346,C — secondaire,0.0,0.0,Very robust
Ruhehe — Twinkwavu,7,296.041755041259,374.00783387482505,58.410950697375526,58.410950697375526,58.410950697375526,C — secondaire,0.0,0.0,Very robust
Ruhehe — Wimpfizi,7,473.2365678054309,579.8437659166132,54.63496531945252,54.63496531945252,54.63496531945252,C — secondaire,0.0,0.0,Very robust
Rumonge — Rusaka,7,301.70837269738314,365.1779711560213,67.49274748979218,67.49274748979218,67.49274748979218,C — secondaire,0.0,0.0,Very robust
Rumonge — Rutana,7,892.988340274928,1040.8377118321118,64.6525781208604,64.6525781208604,64.6525781208604,C — secondaire,0.0,0.0,Very robust
Rumonge — Ruyigi,7,949.0271840549354,1116.149610023544,67.96489245962908,67.96489245962908,67.96489245962908,C — secondaire,0.0,0.0,Very robust
Rumonge — Rwibaga,7,300.5930898102021,363.57129220437224,63.485789401580945,63.48578940158094,63.485789401580945,C — secondaire,0.0,0.0,Very robust
Rumonge — Twinkwavu,7,268.4125852704435,352.09152711590457,57.67822999612723,57.67822999612723,57.67822999612723,C — secondaire,0.0,0.0,Very robust
Rumonge — Wimpfizi,7,403.16208046806935,480.25007877202967,63.83404741120532,63.83404741120531,63.83404741120532,C — secondaire,0.0,0.0,Very robust
Rusaka — Rutana,7,794.1354400466214,928.1531000199806,64.50214460865519,64.50214460865519,64.50214460865519,C — secondaire,0.0,0.0,Very robust
Rusaka — Ruyigi,7,1095.8251000266082,1273.4150691542607,68.85319750484865,68.85319750484865,68.85319750484865,C — secondaire,0.0,0.0,Very robust
Rusaka — Rwibaga,7,493.859811046134,567.1670398769145,98.23759145644487,98.23759145644487,98.23759145644487,A — stratégique,2.0,100.0,Very robust
Rusaka — Twinkwavu,7,234.5194165880134,303.4501339662916,54.1773880463902,54.1773880463902,54.1773880463902,C — secondaire,0.0,0.0,Very robust
Rusaka — Wimpfizi,7,530.7608432618493,614.8169068265069,68.92271482554403,68.92271482554403,68.92271482554403,C — secondaire,0.0,0.0,Very robust
Rutana — Ruyigi,7,1738.1255144095544,2003.0809830326664,69.67974529444378,69.67974529444378,69.67974529444378,C — secondaire,0.0,0.0,Very robust
Rutana — Rwibaga,7,1018.809809933507,1186.7755685429315,56.60111209199066,56.60111209199066,56.60111209199066,C — secondaire,0.0,0.0,Very robust
Rutana — Twinkwavu,7,713.5487658638051,844.6952867987735,67.81456686616053,67.81456686616053,67.81456686616053,C — secondaire,0.0,0.0,Very robust
Rutana — Wimpfizi,7,1070.7201967847718,1236.0168789077595,69.43183537521159,69.43183537521159,69.43183537521159,C — secondaire,0.0,0.0,Very robust
Ruyigi — Rwibaga,7,729.2137977711579,856.6794124733535,68.24543359993967,68.24543359993967,68.24543359993967,C — secondaire,0.0,0.0,Very robust
Ruyigi — Twinkwavu,7,983.8704153433532,1139.015498575723,61.129900593092415,61.129900593092415,61.129900593092415,C — secondaire,0.0,0.0,Very robust
Ruyigi — Wimpfizi,7,860.5473628043741,1000.155530344732,64.86058294361499,64.86058294361499,64.86058294361499,C — secondaire,0.0,0.0,Very robust
Rwibaga — Twinkwavu,7,454.9945143325625,557.6703629996697,62.73435719022034,62.73435719022034,62.73435719022034,C — secondaire,0.0,0.0,Very robust
Rwibaga — Wimpfizi,7,497.4064131487352,578.5493182066009,68.72433777809087,68.72433777809087,68.72433777809087,C — secondaire,0.0,0.0,Very robust
Twinkwavu — Wimpfizi,7,694.675509954684,825.001274837722,63.63156944443544,63.63156944443544,63.63156944443544,C — secondaire,0.0,0.0,Very robust
